"DESCRIPTION","DURATION IN MS","NAME","PARENT SUITE","START TIME","STATUS","STOP TIME","SUB SUITE","SUITE","TEST CLASS","TEST METHOD"
"","0","Verify that the Features of ThirdParty Car Insurance section is displayed - TC_157","webkit","2026-08-14","skipped","2026-08-14","Third Party Car Insurance - @regression","generated/car-module.test.ts","",""
"","0","Verify that an Own Damage insurer link redirects correctly - TC_443","webkit","2026-08-14","skipped","2026-08-14","Royal Sundaram Own Damage - Other Own Damage Plans - @regression","generated/car-module.test.ts","",""
"","0","Verify that the Royal Sundaram Car Insurance Renewal Process section is displayed - TC_432","firefox","2026-08-14","skipped","2026-08-14","Royal Sundaram Own Damage - Renewal - @regression","generated/car-module.test.ts","",""
"","1","Verify that the user is able to click on Get Quotes Without Bike Number CTA - TC_121","chromium","2026-08-14","skipped","2026-08-14","Our partners (BIKE) - @regression > Insurer Landing Page Flow","generated/partners.test.ts","",""
"","0","Verify that the user is able to enter pincode - TC_112","mobile-chrome","2026-08-14","skipped","2026-08-14","Life Dropdown & Navigation - @smoke @regression > Life Landing Page Flow","generated/dropdown-navigation.test.ts","",""
"","0","Verify that the Get Quote CTA is displayed - TC_205","chromium","2026-08-14","skipped","2026-08-14","Car Insurance - Top Quote Section - @regression","generated/car-module.test.ts","",""
"","18877","Verify that the car registration number field is displayed - TC_327","chromium","2026-08-14","failed","2026-08-14","SBI Third Party - Premium Calculator - @regression","generated/car-module.test.ts","",""
"","0","Verify that the Reimbursement Claim process is displayed - TC_420","webkit","2026-08-14","skipped","2026-08-14","Royal Sundaram Own Damage - Claims - @regression","generated/car-module.test.ts","",""
"","1","Verify that the Consumable Cover addon is displayed - TC_270","firefox","2026-08-14","skipped","2026-08-14","SBI Comprehensive - Add-ons - @regression","generated/car-module.test.ts","",""
"","0","Verify that a valid car registration number can be entered - TC_328","webkit","2026-08-14","skipped","2026-08-14","SBI Third Party - Premium Calculator - @regression","generated/car-module.test.ts","",""
"","0","Verify that the user is able to click on Articles - TC_132","mobile-safari","2026-08-14","skipped","2026-08-14","Our partners (BIKE) - @regression > Insurer Landing Page Flow","generated/partners.test.ts","",""
"","0","Verify that after entering valid pincode click on Submit should land on Advisor Listing Page - TC_092","mobile-chrome","2026-08-14","skipped","2026-08-14","Life - Shared Flows - @regression @advisor > Find Advisor Popup Flow","generated/shared-flows.test.ts","",""
"","0","Verify that the car registration number field is displayed - TC_327","mobile-safari","2026-08-14","skipped","2026-08-14","SBI Third Party - Premium Calculator - @regression","generated/car-module.test.ts","",""
"","0","Verify that the user is able to click on Insurer on the Insurer section - TC_135","webkit","2026-08-14","skipped","2026-08-14","Our partners (BIKE) - @regression > Insurer Landing Page Flow","generated/partners.test.ts","",""
"","0","Verify that the Read More CTA is displayed - TC_209","mobile-safari","2026-08-14","skipped","2026-08-14","Car Insurance - Introduction - @regression","generated/car-module.test.ts","",""
"","0","Verify that the SBI Premium Calculator section is displayed - TC_326","mobile-safari","2026-08-14","skipped","2026-08-14","SBI Third Party - Premium Calculator - @regression","generated/car-module.test.ts","",""
"","0","Verify that Year of Inception should be present on top of the page - TC_165","firefox","2026-08-14","skipped","2026-08-14","Our partners (Health) - @regression > Insurer Landing Page Flow","generated/partners.test.ts","",""
"","0","Verify that the ThirdParty Liability information is displayed - TC_321","mobile-safari","2026-08-14","skipped","2026-08-14","SBI Third Party - Overview - @regression","generated/car-module.test.ts","",""
"","0","Verify that the user is able to select Insurer from Our partner sectionand should and land on Insure - TC_115","mobile-safari","2026-08-14","skipped","2026-08-14","Our partners (BIKE) - @regression > Home Page Flow","generated/partners.test.ts","",""
"","0","Verify that the National Cashless Garages section is displayed - TC_081","mobile-chrome","2026-08-14","skipped","2026-08-14","National Cashless Garages - @regression","generated/car-module.test.ts","",""
"","0","Verify that the SBI Customer Care section is displayed - TC_355","webkit","2026-08-14","skipped","2026-08-14","SBI Third Party - Customer Care - @regression","generated/car-module.test.ts","",""
"","0","Verify that the SBI Third Party Car Insurance Overview section is displayed - TC_320","webkit","2026-08-14","skipped","2026-08-14","SBI Third Party - Overview - @regression","generated/car-module.test.ts","",""
"","0","Verify that the Royal Sundaram Own Damage Car Insurance top section is displayed - TC_369","mobile-chrome","2026-08-14","skipped","2026-08-14","Royal Sundaram Own Damage - Top Section - @regression","generated/car-module.test.ts","",""
"","27898","Verify that all insurer options are displayed under Bike Insurance Companies - TC_009","chromium","2026-08-14","failed","2026-08-14","Bike Dropdown & Navigation - @smoke @regression > Bike Insurance Companies","generated/dropdown-navigation.test.ts","",""
"","15584","Verify that the Plans navigation option is clickable - TC_056","chromium","2026-08-14","failed","2026-08-14","National Car Insurance Navigation - @regression","generated/car-module.test.ts","",""
"","1","Verify that the Points to Note When Raising a ThirdParty Car Insurance Claim section is displayed - TC_172","mobile-safari","2026-08-14","skipped","2026-08-14","Third Party Car Insurance - @regression","generated/car-module.test.ts","",""
"","0","Verify that the User should redirect to Life landing page on clicking Get a Quote CTA - TC_104","firefox","2026-08-14","skipped","2026-08-14","Life - Shared Flows - @regression @advisor > Home Page Flow","generated/shared-flows.test.ts","",""
"","26479","Verify that an insurer link is clickable - TC_014","chromium","2026-08-14","failed","2026-08-14","Health Dropdown & Navigation - @smoke @regression > Health Insurance Companies","generated/dropdown-navigation.test.ts","",""
"","0","Verify that home functionality is redirecting to Homepage or not - TC_045","mobile-chrome","2026-08-14","skipped","2026-08-14","Bike - Shared Flows - @regression @advisor > Advisor Listing Page Flow","generated/shared-flows.test.ts","",""
"","0","Verify that the National Car Insurance Claims section is displayed - TC_096","mobile-chrome","2026-08-14","skipped","2026-08-14","National Car Insurance Claims - @regression","generated/car-module.test.ts","",""
"","0","Verify that once user enters Pincode then Submit CTA should enable - TC_037","mobile-chrome","2026-08-14","skipped","2026-08-14","Bike - Shared Flows - @regression @advisor > Find Advisor Popup Flow","generated/shared-flows.test.ts","",""
"","0","Verify that the Addons menu navigates to the Addons section - TC_384","chromium","2026-08-14","skipped","2026-08-14","Royal Sundaram Own Damage - Section Navigation - @regression","generated/car-module.test.ts","",""
"","0","Verify that the Inclusions of ThirdParty Car Insurance option is clickable - TC_134","mobile-chrome","2026-08-14","skipped","2026-08-14","Third Party Car Insurance - Table of Contents - @regression","generated/car-module.test.ts","",""
"","0","Verify that the Life Insurance link is clickable - TC_152","webkit","2026-08-14","skipped","2026-08-14","Third Party Car Insurance - Get Best Insurance Quotes - @regression","generated/car-module.test.ts","",""
"","0","Verify that the available car insurance plan categories are displayed - TC_222","webkit","2026-08-14","skipped","2026-08-14","Car Insurance - Top Car Insurance Plans - @regression","generated/car-module.test.ts","",""
"","18180","Verify that the Buy Now CTA is displayed for the Comprehensive plan - TC_073","chromium","2026-08-14","failed","2026-08-14","National Car Insurance Plans - @regression","generated/car-module.test.ts","",""
"","0","Verify that the National Claim Settlement Ratio section is displayed - TC_067","mobile-chrome","2026-08-14","skipped","2026-08-14","National Car Insurance - @regression","generated/car-module.test.ts","",""
"","1","Verify that the User should get this Please select type of insurance to proceed to the next step mes - TC_030","firefox","2026-08-14","skipped","2026-08-14","Bike - Shared Flows - @regression @advisor > Home Page Flow","generated/shared-flows.test.ts","",""
"","0","Verify that the Articles menu navigates to the Articles section - TC_385","firefox","2026-08-14","skipped","2026-08-14","Royal Sundaram Own Damage - Section Navigation - @regression","generated/car-module.test.ts","",""
"","0","Verify that the User should get this Please select type of insurance to proceed to the next step mes - TC_056","mobile-chrome","2026-08-14","skipped","2026-08-14","Car Dashboard - @smoke @regression","generated/car-module.test.ts","",""
"","0","Verify that an insurer link is clickable - TC_014","firefox","2026-08-14","skipped","2026-08-14","Health Dropdown & Navigation - @smoke @regression > Health Insurance Companies","generated/dropdown-navigation.test.ts","",""
"","17945","Verify that the Get Quotes Without Car Number CTA is displayed - TC_307","chromium","2026-08-14","failed","2026-08-14","SBI Third Party - Top Section - @regression","generated/car-module.test.ts","",""
"","0","Verify that advisor policy sold count is visible - TC_049","mobile-chrome","2026-08-14","skipped","2026-08-14","Bike - Shared Flows - @regression @advisor > Advisor Listing Page Flow","generated/shared-flows.test.ts","",""
"","0","Verify that the Key Replacement addon is displayed - TC_265","firefox","2026-08-14","skipped","2026-08-14","SBI Comprehensive - Add-ons - @regression","generated/car-module.test.ts","",""
"","0","Verify that the Check Premium CTA is displayed - TC_217","firefox","2026-08-14","skipped","2026-08-14","Car Insurance - Top Car Insurance Plans - @regression","generated/car-module.test.ts","",""
"","0","Verify that clicking Get Quotes Without Car Number redirects correctly - TC_374","firefox","2026-08-14","skipped","2026-08-14","Royal Sundaram Own Damage - Top Section - @regression","generated/car-module.test.ts","",""
"","0","Verify that Year of Inception should be present on top of the page - TC_165","mobile-chrome","2026-08-14","skipped","2026-08-14","Our partners (Health) - @regression > Insurer Landing Page Flow","generated/partners.test.ts","",""
"","1","Verify that all topics are displayed in the Table of Contents - TC_125","firefox","2026-08-14","skipped","2026-08-14","Third Party Car Insurance - @regression","generated/car-module.test.ts","",""
"","0","Verify that the available Own Damage insurers are displayed - TC_442","webkit","2026-08-14","skipped","2026-08-14","Royal Sundaram Own Damage - Other Own Damage Plans - @regression","generated/car-module.test.ts","",""
"","0","Verify that the Check Premium CTA is displayed - TC_329","webkit","2026-08-14","skipped","2026-08-14","SBI Third Party - Premium Calculator - @regression","generated/car-module.test.ts","",""
"","16217","Verify that the Latest Articles On SBI section is displayed - TC_358","chromium","2026-08-14","failed","2026-08-14","SBI Third Party - Articles - @regression","generated/car-module.test.ts","",""
"","0","Verify that the National navigation menu is displayed - TC_054","mobile-safari","2026-08-14","skipped","2026-08-14","National Car Insurance Navigation - @regression","generated/car-module.test.ts","",""
"","0","Verify that the FAQ answer is displayed correctly - TC_113","webkit","2026-08-14","skipped","2026-08-14","National Car Insurance FAQs - @regression","generated/car-module.test.ts","",""
"","1","Verify that the claim intimation information is displayed - TC_413","mobile-safari","2026-08-14","skipped","2026-08-14","Royal Sundaram Own Damage - Claims - @regression","generated/car-module.test.ts","",""
"","0","Verify that No Claim Bonus Protection is displayed - TC_334","mobile-chrome","2026-08-14","skipped","2026-08-14","SBI Third Party - Add-ons - @regression","generated/car-module.test.ts","",""
"","0","Verify that the user is able to enter pincode - TC_112","mobile-chrome","2026-08-14","skipped","2026-08-14","Life Landing Page - @regression @landing","generated/life-landing.test.ts","",""
"","0","Verify that Policies Issued should be present on top of the page - TC_162","mobile-chrome","2026-08-14","skipped","2026-08-14","Our partners (Health) - @regression > Insurer Landing Page Flow","generated/partners.test.ts","",""
"","0","Verify that the SBI Comprehensive Car Insurance page top section is displayed - TC_232","firefox","2026-08-14","skipped","2026-08-14","SBI Comprehensive - Top Section - @regression","generated/car-module.test.ts","",""
"","0","Verify that after entering valid pincode click on Submit should land on Advisor Listing Page - TC_067","mobile-chrome","2026-08-14","skipped","2026-08-14","Car Dashboard - @smoke @regression","generated/car-module.test.ts","",""
"","0","Verify that the More Insurers option is displayed - TC_444","webkit","2026-08-14","skipped","2026-08-14","Royal Sundaram Own Damage - Other Own Damage Plans - @regression","generated/car-module.test.ts","",""
"","1129","Bike Insurance Premium Calculator link navigates correctly","Default Suite","2026-08-14","passed","2026-08-14","com.turtlemint.tests.NavigationTests","TestNGTest-fd9a02c9-dfcd-495c-bc1e-e5702adb4046","com.turtlemint.tests.NavigationTests","verifyBikePremiumCalculatorNavigation"
"","17099","Verify that the SBI Comprehensive Car Insurance page top section is displayed - TC_232","chromium","2026-08-14","failed","2026-08-14","SBI Comprehensive - Top Section - @regression","generated/car-module.test.ts","",""
"","0","Verify that the additional car insurance companies are displayed after clicking View More - TC_192","firefox","2026-08-14","skipped","2026-08-14","Third Party Car Insurance - Car Insurance Companies - @regression","generated/car-module.test.ts","",""
"","0","Verify that the Customer Care navigation option is clickable - TC_062","webkit","2026-08-14","skipped","2026-08-14","National Car Insurance Navigation - @regression","generated/car-module.test.ts","",""
"","17717","Verify that repair monitoring and reimbursement information is displayed - TC_347","chromium","2026-08-14","failed","2026-08-14","SBI Third Party - Claims - @regression","generated/car-module.test.ts","",""
"","1","Verify that the user is able to get Find Advisor Popup - TC_060","webkit","2026-08-14","skipped","2026-08-14","Car Dashboard - @smoke @regression","generated/car-module.test.ts","",""
"","0","Verify that the Generali Central car insurance option is clickable - TC_186","chromium","2026-08-14","skipped","2026-08-14","Third Party Car Insurance - Car Insurance Companies - @regression","generated/car-module.test.ts","",""
"","1","Verify that the SBI Customer Care number is displayed - TC_356","webkit","2026-08-14","skipped","2026-08-14","SBI Third Party - Customer Care - @regression","generated/car-module.test.ts","",""
"","0","Verify that the surveyor claim assessment information is displayed - TC_346","webkit","2026-08-14","skipped","2026-08-14","SBI Third Party - Claims - @regression","generated/car-module.test.ts","",""
"","0","Verify that an insurer link redirects to the corresponding page - TC_297","firefox","2026-08-14","skipped","2026-08-14","SBI Comprehensive - Other Comprehensive Car Insurance Plans - @regression","generated/car-module.test.ts","",""
"","1","Verify that the insurance type links are displayed below the National Car Insurance heading - TC_050","mobile-chrome","2026-08-14","skipped","2026-08-14","National Car Insurance - @regression","generated/car-module.test.ts","",""
"","1","Verify that the Documents Required section is displayed - TC_100","mobile-chrome","2026-08-14","skipped","2026-08-14","National Car Insurance Documents - @regression","generated/car-module.test.ts","",""
"","1","Verify that the Addons Under ThirdParty Car Insurance option is clickable - TC_139","firefox","2026-08-14","skipped","2026-08-14","Third Party Car Insurance - Table of Contents - @regression","generated/car-module.test.ts","",""
"","1","Verify that the How To Raise A Claim Under SBI Third Party Car Insurance section is displayed - TC_343","webkit","2026-08-14","skipped","2026-08-14","SBI Third Party - Claims - @regression","generated/car-module.test.ts","",""
"","0","Verify that the Read More CTA is displayed for the Third Party plan - TC_072","webkit","2026-08-14","skipped","2026-08-14","National Car Insurance Plans - @regression","generated/car-module.test.ts","",""
"","1","Verify that Policies Issued should be present on top of the page - TC_162","firefox","2026-08-14","skipped","2026-08-14","Our partners (Health) - @regression > Insurer Landing Page Flow","generated/partners.test.ts","",""
"","0","Verify that visit website CTA is visible on all advisor - TC_102","webkit","2026-08-14","skipped","2026-08-14","Life - Shared Flows - @regression @advisor > Advisor Listing Page Flow","generated/shared-flows.test.ts","",""
"","0","Verify that the number of SBI branches is displayed - TC_237","mobile-chrome","2026-08-14","skipped","2026-08-14","SBI Comprehensive - Top Section - @regression","generated/car-module.test.ts","",""
"","1","Verify that the Royal Sundaram Car Insurance Renewal Process section is displayed - TC_432","webkit","2026-08-14","skipped","2026-08-14","Royal Sundaram Own Damage - Renewal - @regression","generated/car-module.test.ts","",""
"","1","Verify that the claim amount above 1 lakh document requirement is displayed - TC_419","mobile-chrome","2026-08-14","skipped","2026-08-14","Royal Sundaram Own Damage - Claims - @regression","generated/car-module.test.ts","",""
"","0","Verify that the Other Third Party Car Insurance Plans section is displayed - TC_363","firefox","2026-08-14","skipped","2026-08-14","SBI Third Party - Other Third Party Plans - @regression","generated/car-module.test.ts","",""
"","1","Verify that the Addons section is displayed - TC_331","mobile-safari","2026-08-14","skipped","2026-08-14","SBI Third Party - Add-ons - @regression","generated/car-module.test.ts","",""
"","0","Verify that term Life Plans is clickable - TC_106","mobile-chrome","2026-08-14","skipped","2026-08-14","Life Landing Page - @regression @landing","generated/life-landing.test.ts","",""
"","0","Verify that the National Car Insurance Plans Overview section is displayed - TC_068","webkit","2026-08-14","skipped","2026-08-14","National Car Insurance Plans - @regression","generated/car-module.test.ts","",""
"","16536","Verify that the Features navigation option is clickable - TC_058","chromium","2026-08-14","failed","2026-08-14","National Car Insurance Navigation - @regression","generated/car-module.test.ts","",""
"","10985","Verify that plans are visible on page - TC_105","chromium","2026-08-14","passed","2026-08-14","Life Dropdown & Navigation - @smoke @regression > Life Landing Page Flow","generated/dropdown-navigation.test.ts","",""
"","0","Verify that Own Damage plan cards display the required information - TC_228","webkit","2026-08-14","skipped","2026-08-14","Car Insurance - Top Car Insurance Plans - Own Damage - @regression","generated/car-module.test.ts","",""
"","0","Verify that the More dropdown is displayed - TC_106","firefox","2026-08-14","skipped","2026-08-14","National Car Insurance - More - @regression","generated/car-module.test.ts","",""
"","0","Verify that the Advisor list are relevent to selected Insurer or not - TC_097","mobile-safari","2026-08-14","skipped","2026-08-14","Life - Shared Flows - @regression @advisor > Advisor Listing Page Flow","generated/shared-flows.test.ts","",""
"","0","Verify that the user is able to select insurance type - TC_079","firefox","2026-08-14","skipped","2026-08-14","Life - Shared Flows - @regression @advisor > Home Page Flow","generated/shared-flows.test.ts","",""
"","0","Verify that the Life Insurance link is clickable - TC_152","chromium","2026-08-14","skipped","2026-08-14","Third Party Car Insurance - Get Best Insurance Quotes - @regression","generated/car-module.test.ts","",""
"","18812","Verify that the FIR requirement is displayed - TC_352","chromium","2026-08-14","failed","2026-08-14","SBI Third Party - Documents Required - @regression","generated/car-module.test.ts","",""
"","0","Verify that all available features are displayed - TC_088","firefox","2026-08-14","skipped","2026-08-14","National Car Insurance Features - @regression","generated/car-module.test.ts","",""
"","0","Verify that visit website CTA is visible on all advisor - TC_051","webkit","2026-08-14","skipped","2026-08-14","Bike - Shared Flows - @regression @advisor > Advisor Listing Page Flow","generated/shared-flows.test.ts","",""
"","0","Verify that the user is able to select insurance type - TC_079","mobile-safari","2026-08-14","skipped","2026-08-14","Life - Shared Flows - @regression @advisor > Home Page Flow","generated/shared-flows.test.ts","",""
"","0","Verify that the Health Insurance link is clickable - TC_151","chromium","2026-08-14","skipped","2026-08-14","Third Party Car Insurance - Get Best Insurance Quotes - @regression","generated/car-module.test.ts","",""
"","0","Verify that the Claim Settlement Ratio option is clickable - TC_107","mobile-chrome","2026-08-14","skipped","2026-08-14","National Car Insurance - More - @regression","generated/car-module.test.ts","",""
"","0","Verify that the National car insurance option is clickable - TC_189","mobile-chrome","2026-08-14","skipped","2026-08-14","Third Party Car Insurance - Car Insurance Companies - @regression","generated/car-module.test.ts","",""
"","0","Verify that the How Does ThirdParty Car Insurance Work section is displayed - TC_156","firefox","2026-08-14","skipped","2026-08-14","Third Party Car Insurance - @regression","generated/car-module.test.ts","",""
"","0","Verify that Own Damage coverage information is displayed - TC_387","mobile-chrome","2026-08-14","skipped","2026-08-14","Royal Sundaram Own Damage - Overview - @regression","generated/car-module.test.ts","",""
"","0","Verify that No of Branches should be present on top of the page - TC_163","mobile-chrome","2026-08-14","skipped","2026-08-14","Our partners (Health) - @regression > Insurer Landing Page Flow","generated/partners.test.ts","",""
"","0","Verify that the repair and reimbursement information is displayed - TC_281","mobile-safari","2026-08-14","skipped","2026-08-14","SBI Comprehensive - Claims - @regression","generated/car-module.test.ts","",""
"","0","Verify that once user enters Pincode then Submit CTA should enable - TC_037","webkit","2026-08-14","skipped","2026-08-14","Bike - Shared Flows - @regression @advisor > Find Advisor Popup Flow","generated/shared-flows.test.ts","",""
"","19479","Verify that Engine Guard is displayed - TC_339","chromium","2026-08-14","failed","2026-08-14","SBI Third Party - Add-ons - @regression","generated/car-module.test.ts","",""
"","1","Verify that the More Insurers option is displayed and clickable - TC_446","mobile-safari","2026-08-14","skipped","2026-08-14","Royal Sundaram Own Damage - Similar Car Insurance Companies - @regression","generated/car-module.test.ts","",""
"","0","Verify that the Quotes Compared statistic is displayed - TC_211","firefox","2026-08-14","skipped","2026-08-14","Car Insurance - Insurance Experience - @regression","generated/car-module.test.ts","",""
"","0","Verify that get In Touch CTA is clickable - TC_078","firefox","2026-08-14","skipped","2026-08-14","Car Dashboard - @smoke @regression","generated/car-module.test.ts","",""
"","0","Verify that the Addons Under ThirdParty Car Insurance option is clickable - TC_139","mobile-chrome","2026-08-14","skipped","2026-08-14","Third Party Car Insurance - Table of Contents - @regression","generated/car-module.test.ts","",""
"","0","Verify that clicking on Plans it redirect to life Profile page - TC_110","mobile-safari","2026-08-14","skipped","2026-08-14","Life Dropdown & Navigation - @smoke @regression > Life Landing Page Flow","generated/dropdown-navigation.test.ts","",""
"","0","Verify that once user enters Pincode then Submit CTA should enable - TC_088","firefox","2026-08-14","skipped","2026-08-14","Life - Shared Flows - @regression @advisor > Find Advisor Popup Flow","generated/shared-flows.test.ts","",""
"","0","Verify that the user is able to enter car number - TC_140","mobile-chrome","2026-08-14","skipped","2026-08-14","Our partners (CAR) - @regression > Insurer Landing Page Flow","generated/partners.test.ts","",""
"","6935","Verify that after entering valid pincode click on Submit should land on Advisor Listing Page - TC_067","chromium","2026-08-14","passed","2026-08-14","Car Dashboard - @smoke @regression","generated/car-module.test.ts","",""
"","0","Verify that the Car Insurance page header is displayed - TC_202","mobile-safari","2026-08-14","skipped","2026-08-14","Car Insurance - Header - @regression","generated/car-module.test.ts","",""
"","16806","Verify that the Claim Settlement Ratio option is clickable - TC_107","chromium","2026-08-14","failed","2026-08-14","National Car Insurance - More - @regression","generated/car-module.test.ts","",""
"","0","Verify that the See All Plans CTA is displayed - TC_221","mobile-safari","2026-08-14","skipped","2026-08-14","Car Insurance - Top Car Insurance Plans - @regression","generated/car-module.test.ts","",""
"","0","Verify that the SBI Comprehensive Insurance card details are displayed - TC_230","mobile-chrome","2026-08-14","skipped","2026-08-14","Car Insurance - Top Car Insurance Plans - Comprehensive - @regression","generated/car-module.test.ts","",""
"","15891","Verify that the Other Comprehensive Car Insurance Plans section is displayed - TC_295","chromium","2026-08-14","failed","2026-08-14","SBI Comprehensive - Other Comprehensive Car Insurance Plans - @regression","generated/car-module.test.ts","",""
"","0","Verify that the Claims menu navigates to the Claims section - TC_381","mobile-chrome","2026-08-14","skipped","2026-08-14","Royal Sundaram Own Damage - Section Navigation - @regression","generated/car-module.test.ts","",""
"","0","Verify that the SBI Customer Care email ID is displayed - TC_290","mobile-safari","2026-08-14","skipped","2026-08-14","SBI Comprehensive - Customer Care - @regression","generated/car-module.test.ts","",""
"","0","Verify that the Addons section provides the expected information - TC_086","mobile-safari","2026-08-14","skipped","2026-08-14","National Car Insurance Add-ons - @regression","generated/car-module.test.ts","",""
"","0","Verify that the user is able to select insurance type - TC_079","webkit","2026-08-14","skipped","2026-08-14","Life - Shared Flows - @regression @advisor > Home Page Flow","generated/shared-flows.test.ts","",""
"","0","Verify that the Reimbursement Claim process is displayed - TC_420","firefox","2026-08-14","skipped","2026-08-14","Royal Sundaram Own Damage - Claims - @regression","generated/car-module.test.ts","",""
"","1","Verify that the Health dropdown is displayed - TC_011","webkit","2026-08-14","skipped","2026-08-14","Health Dropdown & Navigation - @smoke @regression > Health Dropdown","generated/dropdown-navigation.test.ts","",""
"","15930","Verify that the cashless garage CTAlink is displayed - TC_083","chromium","2026-08-14","failed","2026-08-14","National Cashless Garages - @regression","generated/car-module.test.ts","",""
"","0","Verify that the user is able to click on Find Advisor CTA - TC_113","mobile-safari","2026-08-14","skipped","2026-08-14","Life Dropdown & Navigation - @smoke @regression > Life Landing Page Flow","generated/dropdown-navigation.test.ts","",""
"","3758","Term Insurance link under Life menu navigates correctly","Default Suite","2026-08-14","passed","2026-08-14","com.turtlemint.tests.NavigationTests","TestNGTest-fd9a02c9-dfcd-495c-bc1e-e5702adb4046","com.turtlemint.tests.NavigationTests","verifyTermInsuranceNavigation"
"","0","Verify that home functionality is redirecting to Homepage or not - TC_045","mobile-safari","2026-08-14","skipped","2026-08-14","Bike - Shared Flows - @regression @advisor > Advisor Listing Page Flow","generated/shared-flows.test.ts","",""
"","0","Verify that the Driving License requirement is displayed - TC_285","mobile-safari","2026-08-14","skipped","2026-08-14","SBI Comprehensive - Documents Required For Claims - @regression","generated/car-module.test.ts","",""
"","1","Verify that all initially displayed car insurance companies are displayed - TC_183","firefox","2026-08-14","skipped","2026-08-14","Third Party Car Insurance - Car Insurance Companies - @regression","generated/car-module.test.ts","",""
"","0","Verify that the user is able to click on Get a Quote CTA - TC_055","firefox","2026-08-14","skipped","2026-08-14","Car Dashboard - @smoke @regression","generated/car-module.test.ts","",""
"","0","Verify that the user is able to click on View all article CTA - TC_133","mobile-chrome","2026-08-14","skipped","2026-08-14","Our partners (BIKE) - @regression > Insurer Landing Page Flow","generated/partners.test.ts","",""
"","0","Verify that the Claims menu navigates to the Claims section - TC_381","mobile-safari","2026-08-14","skipped","2026-08-14","Royal Sundaram Own Damage - Section Navigation - @regression","generated/car-module.test.ts","",""
"","0","Verify that advisor experience count is visible - TC_099","mobile-chrome","2026-08-14","skipped","2026-08-14","Life - Shared Flows - @regression @advisor > Advisor Listing Page Flow","generated/shared-flows.test.ts","",""
"","0","Verify that a cashless garage insurer link is clickable - TC_006","firefox","2026-08-14","skipped","2026-08-14","Car Dashboard - @smoke @regression","generated/car-module.test.ts","",""
"","0","Verify that all sections are displayed in the Health dropdown - TC_012","webkit","2026-08-14","skipped","2026-08-14","Health Dropdown & Navigation - @smoke @regression > Health Dropdown","generated/dropdown-navigation.test.ts","",""
"","0","Verify that the user is able to click on Insurer on the Insurer section - TC_135","chromium","2026-08-14","skipped","2026-08-14","Our partners (BIKE) - @regression > Insurer Landing Page Flow","generated/partners.test.ts","",""
"","1","Verify that the Health Insurance page is displayed - TC_200","firefox","2026-08-14","skipped","2026-08-14","Health Dropdown & Navigation - @smoke @regression > Health Insurance","generated/dropdown-navigation.test.ts","",""
"","0","Verify that the SBI Third Party Car Insurance Overview section is displayed - TC_320","mobile-safari","2026-08-14","skipped","2026-08-14","SBI Third Party - Overview - @regression","generated/car-module.test.ts","",""
"","1","Verify that the car insurance renewal link is clickable - TC_195","mobile-chrome","2026-08-14","skipped","2026-08-14","Third Party Car Insurance - Importance - @regression","generated/car-module.test.ts","",""
"","0","Verify that the SBI Premium Calculator section is displayed - TC_326","mobile-chrome","2026-08-14","skipped","2026-08-14","SBI Third Party - Premium Calculator - @regression","generated/car-module.test.ts","",""
"","0","Verify that the insurerspecific Car Insurance page is displayed after clicking the insurer namelogo - TC_220","firefox","2026-08-14","skipped","2026-08-14","Car Insurance - Top Car Insurance Plans - @regression","generated/car-module.test.ts","",""
"","0","Verify that plans are visible on page - TC_105","mobile-chrome","2026-08-14","skipped","2026-08-14","Life Dropdown & Navigation - @smoke @regression > Life Landing Page Flow","generated/dropdown-navigation.test.ts","",""
"","0","Verify that Inconvenience Allowance is displayed - TC_337","firefox","2026-08-14","skipped","2026-08-14","SBI Third Party - Add-ons - @regression","generated/car-module.test.ts","",""
"","1","Verify that the Exclusions of ThirdParty Car Insurance option is clickable - TC_135","mobile-safari","2026-08-14","skipped","2026-08-14","Third Party Car Insurance - Table of Contents - @regression","generated/car-module.test.ts","",""
"","0","Verify that the SBI Customer Care email ID is displayed - TC_357","mobile-safari","2026-08-14","skipped","2026-08-14","SBI Third Party - Customer Care - @regression","generated/car-module.test.ts","",""
"","0","Verify that the Royal Sundaram Customer Care number is displayed - TC_430","webkit","2026-08-14","skipped","2026-08-14","Royal Sundaram Own Damage - Customer Care - @regression","generated/car-module.test.ts","",""
"","0","Verify that the What Is Car Insurance section is displayed - TC_208","chromium","2026-08-14","skipped","2026-08-14","Car Insurance - Introduction - @regression","generated/car-module.test.ts","",""
"","18169","Verify that the industry average claim settlement ratio is displayed - TC_252","chromium","2026-08-14","failed","2026-08-14","SBI Comprehensive - Claim Settlement Ratio - @regression","generated/car-module.test.ts","",""
"","0","Verify that FIR requirement is displayed - TC_426","chromium","2026-08-14","skipped","2026-08-14","Royal Sundaram Own Damage - Documents Required - @regression","generated/car-module.test.ts","",""
"","0","Verify that the Features navigation option is clickable - TC_058","firefox","2026-08-14","skipped","2026-08-14","National Car Insurance Navigation - @regression","generated/car-module.test.ts","",""
"","0","Verify that the Drawbacks of ThirdParty Car Insurance option is clickable - TC_141","mobile-safari","2026-08-14","skipped","2026-08-14","Third Party Car Insurance - Table of Contents - @regression","generated/car-module.test.ts","",""
"","0","Verify that the Royal Sundaram Own Damage Car Insurance top section is displayed - TC_369","firefox","2026-08-14","skipped","2026-08-14","Royal Sundaram Own Damage - Top Section - @regression","generated/car-module.test.ts","",""
"","0","Verify that submit CTA is disable for blank Pincode - TC_036","webkit","2026-08-14","skipped","2026-08-14","Bike - Shared Flows - @regression @advisor > Find Advisor Popup Flow","generated/shared-flows.test.ts","",""
"","1","Verify that the user is able to click on Read More CTA - TC_166","mobile-safari","2026-08-14","skipped","2026-08-14","Our partners (Health) - @regression > Insurer Landing Page Flow","generated/partners.test.ts","",""
"","0","Verify that the customer is able to interact with the support email - TC_027","chromium","2026-08-14","skipped","2026-08-14","Raise a Claim - @regression > Contact Support","generated/raise-claim.test.ts","",""
"","0","Verify that the user is able to select any Insurer from our Partner sections - TC_178","webkit","2026-08-14","skipped","2026-08-14","Our partners (Life) - @regression > Insurer Landing Page Flow","generated/partners.test.ts","",""
"","17890","Verify that the required claim documents are displayed in the claim process - TC_279","chromium","2026-08-14","failed","2026-08-14","SBI Comprehensive - Claims - @regression","generated/car-module.test.ts","",""
"","0","Verify that advisor distance is visible - TC_101","mobile-chrome","2026-08-14","skipped","2026-08-14","Life - Shared Flows - @regression @advisor > Advisor Listing Page Flow","generated/shared-flows.test.ts","",""
"","0","Verify that customer testimonials are displayed on the Raise A Claim page - TC_030","mobile-chrome","2026-08-14","skipped","2026-08-14","Raise a Claim - @regression > Customer Testimonials","generated/raise-claim.test.ts","",""
"","0","Verify that this Please enter the pincode error message should come if user not enters pincode - TC_111","mobile-safari","2026-08-14","skipped","2026-08-14","Life Landing Page - @regression @landing","generated/life-landing.test.ts","",""
"","0","Verify that the available Royal Sundaram article cards are displayed - TC_437","webkit","2026-08-14","skipped","2026-08-14","Royal Sundaram Own Damage - Articles - @regression","generated/car-module.test.ts","",""
"","0","Verify that the user is able to get Insurer list on the right side of the page - TC_175","mobile-chrome","2026-08-14","skipped","2026-08-14","Our partners (Health) - @regression > Insurer Landing Page Flow","generated/partners.test.ts","",""
"","0","Verify that the How to Make ThirdParty Car Insurance Claims option is clickable - TC_143","webkit","2026-08-14","skipped","2026-08-14","Third Party Car Insurance - Table of Contents - @regression","generated/car-module.test.ts","",""
"","0","Verify that No of Branches should be present on top of the page - TC_123","chromium","2026-08-14","skipped","2026-08-14","Our partners (BIKE) - @regression > Insurer Landing Page Flow","generated/partners.test.ts","",""
"","1","Verify that the eligible vehicle types FAQ is displayed - TC_451","firefox","2026-08-14","skipped","2026-08-14","Royal Sundaram Own Damage - FAQs - @regression","generated/car-module.test.ts","",""
"","0","Verify that the selected Insurer is present on top of the page - TC_016","chromium","2026-08-14","skipped","2026-08-14","Health - Shared Flows - @regression @advisor > Advisor Listing Page Flow","generated/shared-flows.test.ts","",""
"","0","Verify that the user is able to enter pincode - TC_112","mobile-safari","2026-08-14","skipped","2026-08-14","Life Landing Page - @regression @landing","generated/life-landing.test.ts","",""
"","0","Verify that the available comprehensive car insurance insurers are displayed - TC_296","mobile-chrome","2026-08-14","skipped","2026-08-14","SBI Comprehensive - Other Comprehensive Car Insurance Plans - @regression","generated/car-module.test.ts","",""
"","0","Verify that the starting premium is displayed - TC_236","mobile-safari","2026-08-14","skipped","2026-08-14","SBI Comprehensive - Top Section - @regression","generated/car-module.test.ts","",""
"","0","Verify that the Car Insurance Companies section is displayed - TC_182","firefox","2026-08-14","skipped","2026-08-14","Third Party Car Insurance - Car Insurance Companies - @regression","generated/car-module.test.ts","",""
"","0","Verify that advisor policy sold count is visible - TC_075","mobile-chrome","2026-08-14","skipped","2026-08-14","Car Dashboard - @smoke @regression","generated/car-module.test.ts","",""
"","0","Verify that the Health Insurance link is clickable - TC_151","mobile-safari","2026-08-14","skipped","2026-08-14","Third Party Car Insurance - Get Best Insurance Quotes - @regression","generated/car-module.test.ts","",""
"","0","Verify that the User should get this Please select type of insurance to proceed to the next step mes - TC_083","firefox","2026-08-14","skipped","2026-08-14","Life - Shared Flows - @regression @advisor > Home Page Flow","generated/shared-flows.test.ts","",""
"","0","Verify that the Glimpse through our guide on how to renew expired car insurance link is clickable - TC_198","webkit","2026-08-14","skipped","2026-08-14","Third Party Car Insurance - Comprehensive Comparison - @regression","generated/car-module.test.ts","",""
"","18408","Verify that the user is able to enter a car registration number - TC_255","chromium","2026-08-14","failed","2026-08-14","SBI Comprehensive - Premium Calculator - @regression","generated/car-module.test.ts","",""
"","18642","Verify that the Bike dropdown is displayed - TC_007","chromium","2026-08-14","failed","2026-08-14","Bike Dropdown & Navigation - @smoke @regression > Bike Dropdown","generated/dropdown-navigation.test.ts","",""
"","0","Verify that the Trust Our Unmatched Experience In Insurance section is displayed - TC_210","webkit","2026-08-14","skipped","2026-08-14","Car Insurance - Insurance Experience - @regression","generated/car-module.test.ts","",""
"","0","Verify that the Royal Sundaram Customer Care number is displayed - TC_430","mobile-safari","2026-08-14","skipped","2026-08-14","Royal Sundaram Own Damage - Customer Care - @regression","generated/car-module.test.ts","",""
"","0","Verify that the user is able to click on Read More CTA - TC_166","webkit","2026-08-14","skipped","2026-08-14","Our partners (Health) - @regression > Insurer Landing Page Flow","generated/partners.test.ts","",""
"","0","Verify that the article cards are displayed - TC_116","mobile-chrome","2026-08-14","skipped","2026-08-14","National Car Insurance Articles - @regression","generated/car-module.test.ts","",""
"","17250","Verify that the Bifuel Kit Cover addon is displayed - TC_262","chromium","2026-08-14","failed","2026-08-14","SBI Comprehensive - Add-ons - @regression","generated/car-module.test.ts","",""
"","0","Verify that the Advisor list are relevent to selected Insurer or not - TC_046","mobile-safari","2026-08-14","skipped","2026-08-14","Bike - Shared Flows - @regression @advisor > Advisor Listing Page Flow","generated/shared-flows.test.ts","",""
"","0","Verify that the user is able to click on the Play StoreApp download link - TC_039","firefox","2026-08-14","skipped","2026-08-14","Become a POSP - @regression > Mobile App Navigation","generated/become-posp.test.ts","",""
"","0","Verify that the user is able to select any Insurer from our Partner sections - TC_116","chromium","2026-08-14","skipped","2026-08-14","Our partners (BIKE) - @regression > Insurer Landing Page Flow","generated/partners.test.ts","",""
"","13674","Verify that a cashless garage insurer link is clickable - TC_006","chromium","2026-08-14","passed","2026-08-14","Car Dashboard - @smoke @regression","generated/car-module.test.ts","",""
"","17360","Verify that the Get Quote CTA is displayedavailable for the car number flow - TC_045","chromium","2026-08-14","failed","2026-08-14","National Car Insurance - @regression","generated/car-module.test.ts","",""
"","8","Verify that the user is navigated to the Third Party Car Insurance page - TC_119","firefox","2026-08-14","skipped","2026-08-14","Third Party Car Insurance - @regression","generated/car-module.test.ts","",""
"","17500","Verify that the available comprehensive car insurance insurers are displayed - TC_296","chromium","2026-08-14","failed","2026-08-14","SBI Comprehensive - Other Comprehensive Car Insurance Plans - @regression","generated/car-module.test.ts","",""
"","0","Verify that the renewal process information is displayed - TC_094","firefox","2026-08-14","skipped","2026-08-14","National Car Insurance Renewal - @regression","generated/car-module.test.ts","",""
"","0","Verify that the How to Raise a Claim information is displayed - TC_260","mobile-chrome","2026-08-14","skipped","2026-08-14","SBI Comprehensive - Claims - @regression","generated/car-module.test.ts","",""
"","0","Verify that the More navigation option is displayed and clickable - TC_064","firefox","2026-08-14","skipped","2026-08-14","National Car Insurance Navigation - @regression","generated/car-module.test.ts","",""
"","0","Verify that the Exclusions of ThirdParty Car Insurance section is displayed - TC_163","chromium","2026-08-14","skipped","2026-08-14","Third Party Car Insurance - @regression","generated/car-module.test.ts","",""
"","0","Verify that the More Insurers option is displayed - TC_444","chromium","2026-08-14","skipped","2026-08-14","Royal Sundaram Own Damage - Other Own Damage Plans - @regression","generated/car-module.test.ts","",""
"","0","Verify that the Key Replacement addon is displayed - TC_265","mobile-chrome","2026-08-14","skipped","2026-08-14","SBI Comprehensive - Add-ons - @regression","generated/car-module.test.ts","",""
"","0","Verify that the Top ThirdParty Car Insurance Plans section is displayed - TC_160","mobile-safari","2026-08-14","skipped","2026-08-14","Third Party Car Insurance - @regression","generated/car-module.test.ts","",""
"","0","Verify that the user should not allow to enter alphabets - TC_066","firefox","2026-08-14","skipped","2026-08-14","Car Dashboard - @smoke @regression","generated/car-module.test.ts","",""
"","0","Verify that the user is able to click on the Raise a Claim CTA - TC_021","chromium","2026-08-14","skipped","2026-08-14","Raise a Claim - @regression > Raise a Claim Flow","generated/raise-claim.test.ts","",""
"","0","Verify that advisor profile picture is visible - TC_073","mobile-chrome","2026-08-14","skipped","2026-08-14","Car Dashboard - @smoke @regression","generated/car-module.test.ts","",""
"","0","Verify that the How to Renew ThirdParty Car Insurance Plan section is displayed - TC_173","chromium","2026-08-14","skipped","2026-08-14","Third Party Car Insurance - @regression","generated/car-module.test.ts","",""
"","0","Verify that the insurerspecific Car Insurance page is displayed after clicking the insurer namelogo - TC_220","webkit","2026-08-14","skipped","2026-08-14","Car Insurance - Top Car Insurance Plans - @regression","generated/car-module.test.ts","",""
"","0","Verify that the user is able to click on Get a Quote CTA - TC_029","mobile-safari","2026-08-14","skipped","2026-08-14","Bike - Shared Flows - @regression @advisor > Home Page Flow","generated/shared-flows.test.ts","",""
"","0","Verify that all network hospital options are displayed under Network Hospitals - TC_015","mobile-safari","2026-08-14","skipped","2026-08-14","Health Dropdown & Navigation - @smoke @regression > Network Hospitals","generated/dropdown-navigation.test.ts","",""
"","1","Verify that advisor experience count is visible - TC_099","mobile-safari","2026-08-14","skipped","2026-08-14","Life - Shared Flows - @regression @advisor > Advisor Listing Page Flow","generated/shared-flows.test.ts","",""
"","0","Verify that the Royal Sundaram Car Insurance Renewal Process section is displayed - TC_432","mobile-chrome","2026-08-14","skipped","2026-08-14","Royal Sundaram Own Damage - Renewal - @regression","generated/car-module.test.ts","",""
"","16271","Verify that all available features are displayed - TC_088","chromium","2026-08-14","failed","2026-08-14","National Car Insurance Features - @regression","generated/car-module.test.ts","",""
"","1","Verify that the user is able to click on Download now CTA on the right side of the page - TC_130","chromium","2026-08-14","skipped","2026-08-14","Our partners (BIKE) - @regression > Insurer Landing Page Flow","generated/partners.test.ts","",""
"","0","Verify that the Exclusions of ThirdParty Car Insurance section is displayed - TC_163","mobile-chrome","2026-08-14","skipped","2026-08-14","Third Party Car Insurance - @regression","generated/car-module.test.ts","",""
"","1","Verify that the user is able to complete the action successfully click on Read More Dropdown - TC_128","firefox","2026-08-14","skipped","2026-08-14","Our partners (BIKE) - @regression > Insurer Landing Page Flow","generated/partners.test.ts","",""
"","0","Verify that FIR requirement is displayed - TC_426","mobile-chrome","2026-08-14","skipped","2026-08-14","Royal Sundaram Own Damage - Documents Required - @regression","generated/car-module.test.ts","",""
"","17859","Verify that the breadcrumb is displayed on the National Car Insurance page - TC_041","chromium","2026-08-14","failed","2026-08-14","National Car Insurance - @regression","generated/car-module.test.ts","",""
"","0","Verify that the Exclusions navigation option is clickable - TC_059","mobile-safari","2026-08-14","skipped","2026-08-14","National Car Insurance Navigation - @regression","generated/car-module.test.ts","",""
"","0","Verify that the Health Insurance link is clickable - TC_151","firefox","2026-08-14","skipped","2026-08-14","Third Party Car Insurance - Get Best Insurance Quotes - @regression","generated/car-module.test.ts","",""
"","0","Verify that the user is able to get Find Advisor Popup - TC_008","mobile-chrome","2026-08-14","skipped","2026-08-14","Health - Shared Flows - @regression @advisor > Find Advisor Popup Flow","generated/shared-flows.test.ts","",""
"","0","Verify that Engine Protection is displayed - TC_409","webkit","2026-08-14","skipped","2026-08-14","Royal Sundaram Own Damage - Add-ons - @regression","generated/car-module.test.ts","",""
"","27922","Verify that an insurer link is clickable - TC_010","chromium","2026-08-14","failed","2026-08-14","Bike Dropdown & Navigation - @smoke @regression > Bike Insurance Companies","generated/dropdown-navigation.test.ts","",""
"","0","Verify that the policy cancellation FAQ is displayed - TC_450","firefox","2026-08-14","skipped","2026-08-14","Royal Sundaram Own Damage - FAQs - @regression","generated/car-module.test.ts","",""
"","0","Verify that the Claim Settlement Ratio section is displayed - TC_390","mobile-chrome","2026-08-14","skipped","2026-08-14","Royal Sundaram Own Damage - Claim Settlement Ratio - @regression","generated/car-module.test.ts","",""
"","0","Verify that the user is able to get Find Advisor Popup - TC_060","firefox","2026-08-14","skipped","2026-08-14","Car Dashboard - @smoke @regression","generated/car-module.test.ts","",""
"","21676","Verify that the Tyre and Rim Guard addon is displayed - TC_273","chromium","2026-08-14","failed","2026-08-14","SBI Comprehensive - Add-ons - @regression","generated/car-module.test.ts","",""
"","0","Verify that saving For Child is clickable - TC_108","webkit","2026-08-14","skipped","2026-08-14","Life Dropdown & Navigation - @smoke @regression > Life Landing Page Flow","generated/dropdown-navigation.test.ts","",""
"","0","Verify that the User should get this Please select type of insurance to proceed to the next step mes - TC_030","webkit","2026-08-14","skipped","2026-08-14","Bike - Shared Flows - @regression @advisor > Home Page Flow","generated/shared-flows.test.ts","",""
"","0","Verify that the Get Quotes CTA is displayed - TC_305","firefox","2026-08-14","skipped","2026-08-14","SBI Third Party - Top Section - @regression","generated/car-module.test.ts","",""
"","0","Verify that Windshield Glass Cover is displayed - TC_400","mobile-safari","2026-08-14","skipped","2026-08-14","Royal Sundaram Own Damage - Add-ons - @regression","generated/car-module.test.ts","",""
"","1","Verify that an insurer link is clickable - TC_020","firefox","2026-08-14","skipped","2026-08-14","Life Dropdown & Navigation - @smoke @regression > Life Insurance Companies","generated/dropdown-navigation.test.ts","",""
"","0","Verify that the Premium Calculator provides the expected informationinstructions to the user - TC_080","mobile-safari","2026-08-14","skipped","2026-08-14","National Premium Calculator - @regression","generated/car-module.test.ts","",""
"","0","Verify that the Other Third Party Car Insurance Plans section is displayed - TC_363","mobile-chrome","2026-08-14","skipped","2026-08-14","SBI Third Party - Other Third Party Plans - @regression","generated/car-module.test.ts","",""
"","0","Verify that the See All Plans CTA is displayed - TC_221","webkit","2026-08-14","skipped","2026-08-14","Car Insurance - Top Car Insurance Plans - @regression","generated/car-module.test.ts","",""
"","0","Verify that the National Car Insurance Plans Overview section is displayed - TC_068","mobile-safari","2026-08-14","skipped","2026-08-14","National Car Insurance Plans - @regression","generated/car-module.test.ts","",""
"","0","Verify that the Get Quotes Without Car Number CTA is displayed - TC_373","firefox","2026-08-14","skipped","2026-08-14","Royal Sundaram Own Damage - Top Section - @regression","generated/car-module.test.ts","",""
"","0","Verify that Third Party plan cards display the required information - TC_227","webkit","2026-08-14","skipped","2026-08-14","Car Insurance - Top Car Insurance Plans - Third Party - @regression","generated/car-module.test.ts","",""
"","0","Verify that the Life Insurance link is clickable - TC_152","mobile-chrome","2026-08-14","skipped","2026-08-14","Third Party Car Insurance - Get Best Insurance Quotes - @regression","generated/car-module.test.ts","",""
"","0","Verify that the Factors that Affect ThirdParty Insurance Premium section is displayed - TC_165","webkit","2026-08-14","skipped","2026-08-14","Third Party Car Insurance - @regression","generated/car-module.test.ts","",""
"","0","Verify that once user scroll the page to bottom then the page tabs should be on TOP - TC_147","webkit","2026-08-14","skipped","2026-08-14","Our partners (CAR) - @regression > Insurer Landing Page Flow","generated/partners.test.ts","",""
"","0","Verify that after entering valid pincode click on Submit should land on Advisor Listing Page - TC_041","chromium","2026-08-14","skipped","2026-08-14","Bike - Shared Flows - @regression @advisor > Find Advisor Popup Flow","generated/shared-flows.test.ts","",""
"","0","Verify that the user can select different Insurer from dropdown - TC_044","firefox","2026-08-14","skipped","2026-08-14","Bike - Shared Flows - @regression @advisor > Advisor Listing Page Flow","generated/shared-flows.test.ts","",""
"","0","Verify that Loss of Baggage is displayed - TC_403","webkit","2026-08-14","skipped","2026-08-14","Royal Sundaram Own Damage - Add-ons - @regression","generated/car-module.test.ts","",""
"","0","Verify that the surveyor and claim assessment information is displayed - TC_280","mobile-safari","2026-08-14","skipped","2026-08-14","SBI Comprehensive - Claims - @regression","generated/car-module.test.ts","",""
"","0","Verify that the Royal Sundaram Customer Care number is displayed - TC_430","chromium","2026-08-14","skipped","2026-08-14","Royal Sundaram Own Damage - Customer Care - @regression","generated/car-module.test.ts","",""
"","0","Verify that the Other Own Damage Car Insurance Plans section is displayed - TC_441","mobile-chrome","2026-08-14","skipped","2026-08-14","Royal Sundaram Own Damage - Other Own Damage Plans - @regression","generated/car-module.test.ts","",""
"","1","Verify that the insurer plan card information is displayed - TC_216","chromium","2026-08-14","skipped","2026-08-14","Car Insurance - Top Car Insurance Plans - @regression","generated/car-module.test.ts","",""
"","0","Verify that advisor experience count is visible - TC_048","firefox","2026-08-14","skipped","2026-08-14","Bike - Shared Flows - @regression @advisor > Advisor Listing Page Flow","generated/shared-flows.test.ts","",""
"","0","Verify that the branch count is displayed - TC_310","firefox","2026-08-14","skipped","2026-08-14","SBI Third Party - Top Section - @regression","generated/car-module.test.ts","",""
"","0","Verify that the EMI Protector addon is displayed - TC_272","webkit","2026-08-14","skipped","2026-08-14","SBI Comprehensive - Add-ons - @regression","generated/car-module.test.ts","",""
"","0","Verify that the Bajaj car insurance option is clickable - TC_184","mobile-chrome","2026-08-14","skipped","2026-08-14","Third Party Car Insurance - Car Insurance Companies - @regression","generated/car-module.test.ts","",""
"","0","Verify that Full Invoice Price Insurance Cover is displayed - TC_402","webkit","2026-08-14","skipped","2026-08-14","Royal Sundaram Own Damage - Add-ons - @regression","generated/car-module.test.ts","",""
"","0","Verify that clicking on Plans it redirect to life Profile page - TC_110","chromium","2026-08-14","skipped","2026-08-14","Life Landing Page - @regression @landing","generated/life-landing.test.ts","",""
"","1","Verify that the user is able to select any Insurer from our Partner sections - TC_178","mobile-chrome","2026-08-14","skipped","2026-08-14","Our partners (Life) - @regression > Insurer Landing Page Flow","generated/partners.test.ts","",""
"","1","Verify that the Get Quotes Without Car Number CTA is displayed - TC_257","webkit","2026-08-14","skipped","2026-08-14","SBI Comprehensive - Premium Calculator - @regression","generated/car-module.test.ts","",""
"","0","Verify that the selected Insurer is present on top of the page - TC_093","mobile-safari","2026-08-14","skipped","2026-08-14","Life - Shared Flows - @regression @advisor > Advisor Listing Page Flow","generated/shared-flows.test.ts","",""
"","0","Verify that the Addons menu navigates to the Addons section - TC_318","webkit","2026-08-14","skipped","2026-08-14","SBI Third Party - Section Navigation - @regression","generated/car-module.test.ts","",""
"","0","Verify that the user is able to click on View all article CTA - TC_133","firefox","2026-08-14","skipped","2026-08-14","Our partners (BIKE) - @regression > Insurer Landing Page Flow","generated/partners.test.ts","",""
"","0","Verify that all insurer options are displayed under Health Insurance Companies - TC_013","firefox","2026-08-14","skipped","2026-08-14","Health Dropdown & Navigation - @smoke @regression > Health Insurance Companies","generated/dropdown-navigation.test.ts","",""
"","0","Verify that the user is able to select insurance type - TC_053","firefox","2026-08-14","skipped","2026-08-14","Car Dashboard - @smoke @regression","generated/car-module.test.ts","",""
"","0","Verify that the Read More CTA is displayed - TC_435","mobile-safari","2026-08-14","skipped","2026-08-14","Royal Sundaram Own Damage - Renewal - @regression","generated/car-module.test.ts","",""
"","0","Verify that the CNGLPG kit FAQ is displayed - TC_452","firefox","2026-08-14","skipped","2026-08-14","Royal Sundaram Own Damage - FAQs - @regression","generated/car-module.test.ts","",""
"","0","Verify that the available SBI article cards are displayed - TC_359","firefox","2026-08-14","skipped","2026-08-14","SBI Third Party - Articles - @regression","generated/car-module.test.ts","",""
"","0","Verify that the Car Insurance Companies Similar To SBI section is displayed - TC_367","webkit","2026-08-14","skipped","2026-08-14","SBI Third Party - Similar Car Insurance Companies - @regression","generated/car-module.test.ts","",""
"","8866","Verify that the User should redirect to Car profile page on clicking Get a Quote CTA - TC_058","chromium","2026-08-14","passed","2026-08-14","Car Dashboard - @smoke @regression","generated/car-module.test.ts","",""
"","0","Verify that the user can select different Insurer from dropdown - TC_095","chromium","2026-08-14","skipped","2026-08-14","Life - Shared Flows - @regression @advisor > Advisor Listing Page Flow","generated/shared-flows.test.ts","",""
"","0","Verify that Network Hospitals should be present on top of the page - TC_164","firefox","2026-08-14","skipped","2026-08-14","Our partners (Health) - @regression > Insurer Landing Page Flow","generated/partners.test.ts","",""
"","0","Verify that advisor distance is visible - TC_076","firefox","2026-08-14","skipped","2026-08-14","Car Dashboard - @smoke @regression","generated/car-module.test.ts","",""
"","17343","Verify that the Inconvenience Allowance addon is displayed - TC_267","chromium","2026-08-14","failed","2026-08-14","SBI Comprehensive - Add-ons - @regression","generated/car-module.test.ts","",""
"","0","Verify that Personal Belonging Cover is displayed - TC_336","mobile-chrome","2026-08-14","skipped","2026-08-14","SBI Third Party - Add-ons - @regression","generated/car-module.test.ts","",""
"","0","Verify that investment Tax planning is clickable - TC_107","mobile-safari","2026-08-14","skipped","2026-08-14","Life Landing Page - @regression @landing","generated/life-landing.test.ts","",""
"","16497","Verify that the Cashless Garages navigation option is clickable - TC_063","chromium","2026-08-14","failed","2026-08-14","National Car Insurance Navigation - @regression","generated/car-module.test.ts","",""
"","0","Verify that the SBI Premium Calculator section is displayed - TC_326","webkit","2026-08-14","skipped","2026-08-14","SBI Third Party - Premium Calculator - @regression","generated/car-module.test.ts","",""
"","1","Verify that the rightside section navigation menu is displayed - TC_312","mobile-chrome","2026-08-14","skipped","2026-08-14","SBI Third Party - Section Navigation - @regression","generated/car-module.test.ts","",""
"","0","Verify that the View More option is displayed - TC_342","mobile-safari","2026-08-14","skipped","2026-08-14","SBI Third Party - Add-ons - @regression","generated/car-module.test.ts","",""
"","0","Verify that the Third Party plans are displayed - TC_224","firefox","2026-08-14","skipped","2026-08-14","Car Insurance - Top Car Insurance Plans - Third Party - @regression","generated/car-module.test.ts","",""
"","0","Verify that the Renewal navigation option is clickable - TC_060","webkit","2026-08-14","skipped","2026-08-14","National Car Insurance Navigation - @regression","generated/car-module.test.ts","",""
"","0","Verify that repair monitoring and reimbursement information is displayed - TC_347","mobile-safari","2026-08-14","skipped","2026-08-14","SBI Third Party - Claims - @regression","generated/car-module.test.ts","",""
"","14218","Verify that a network hospital link is clickable - TC_016","chromium","2026-08-14","passed","2026-08-14","Health Dropdown & Navigation - @smoke @regression > Network Hospitals","generated/dropdown-navigation.test.ts","",""
"","0","Verify that the user is able to select insurance type - TC_001","webkit","2026-08-14","skipped","2026-08-14","Health - Shared Flows - @regression @advisor > Home Page Flow","generated/shared-flows.test.ts","",""
"","0","Verify that get In Touch CTA is clickable - TC_103","webkit","2026-08-14","skipped","2026-08-14","Life - Shared Flows - @regression @advisor > Advisor Listing Page Flow","generated/shared-flows.test.ts","",""
"","1","Verify that the claim process information is displayed - TC_097","mobile-safari","2026-08-14","skipped","2026-08-14","National Car Insurance Claims - @regression","generated/car-module.test.ts","",""
"","0","Verify that the Claims navigation option is clickable - TC_061","mobile-safari","2026-08-14","skipped","2026-08-14","National Car Insurance Navigation - @regression","generated/car-module.test.ts","",""
"","0","Verify that the Get Quote Without Car Number CTA is displayed - TC_046","mobile-safari","2026-08-14","skipped","2026-08-14","National Car Insurance - @regression","generated/car-module.test.ts","",""
"","0","Verify that the Get Quote CTA is displayedavailable for the car number flow - TC_045","mobile-chrome","2026-08-14","skipped","2026-08-14","National Car Insurance - @regression","generated/car-module.test.ts","",""
"","1","Verify that the insurer plan card information is displayed - TC_216","firefox","2026-08-14","skipped","2026-08-14","Car Insurance - Top Car Insurance Plans - @regression","generated/car-module.test.ts","",""
"","0","Verify that saving For Child is clickable - TC_108","mobile-safari","2026-08-14","skipped","2026-08-14","Life Dropdown & Navigation - @smoke @regression > Life Landing Page Flow","generated/dropdown-navigation.test.ts","",""
"","0","Verify that the user is navigated to the Third Party Car Insurance page - TC_119","mobile-safari","2026-08-14","skipped","2026-08-14","Third Party Car Insurance - @regression","generated/car-module.test.ts","",""
"","0","Verify that once user scroll the page to bottom then the page tabs should be on TOP - TC_126","mobile-safari","2026-08-14","skipped","2026-08-14","Our partners (BIKE) - @regression > Insurer Landing Page Flow","generated/partners.test.ts","",""
"","0","Verify that the More Insurers option is displayed - TC_298","firefox","2026-08-14","skipped","2026-08-14","SBI Comprehensive - Other Comprehensive Car Insurance Plans - @regression","generated/car-module.test.ts","",""
"","0","Verify that the No Claim Bonus Protection addon is displayed - TC_264","mobile-safari","2026-08-14","skipped","2026-08-14","SBI Comprehensive - Add-ons - @regression","generated/car-module.test.ts","",""
"","0","Verify that the user is able to select Insurer from Our partner sectionand should and land on Insure - TC_136","webkit","2026-08-14","skipped","2026-08-14","Our partners (CAR) - @regression > Home Page Flow","generated/partners.test.ts","",""
"","0","Verify that the signed claim form requirement is displayed - TC_424","chromium","2026-08-14","skipped","2026-08-14","Royal Sundaram Own Damage - Documents Required - @regression","generated/car-module.test.ts","",""
"","0","Verify that saving For Child is clickable - TC_108","firefox","2026-08-14","skipped","2026-08-14","Life Landing Page - @regression @landing","generated/life-landing.test.ts","",""
"","0","Verify that the claim intimation and claim reference number information is displayed - TC_344","mobile-chrome","2026-08-14","skipped","2026-08-14","SBI Third Party - Claims - @regression","generated/car-module.test.ts","",""
"","0","Verify that term Life Plans is clickable - TC_106","mobile-chrome","2026-08-14","skipped","2026-08-14","Life Dropdown & Navigation - @smoke @regression > Life Landing Page Flow","generated/dropdown-navigation.test.ts","",""
"","0","Verify that the FAQ answer content is displayed correctly - TC_181","webkit","2026-08-14","skipped","2026-08-14","Third Party Car Insurance - FAQs - @regression","generated/car-module.test.ts","",""
"","20001","Verify that the top plannavigation links are displayed - TC_304","chromium","2026-08-14","failed","2026-08-14","SBI Third Party - Top Section - @regression","generated/car-module.test.ts","",""
"","0","Verify that with invalid Pincode - TC_038","chromium","2026-08-14","skipped","2026-08-14","Bike - Shared Flows - @regression @advisor > Find Advisor Popup Flow","generated/shared-flows.test.ts","",""
"","17579","Verify that the SBI Customer Care email ID is displayed - TC_290","chromium","2026-08-14","failed","2026-08-14","SBI Comprehensive - Customer Care - @regression","generated/car-module.test.ts","",""
"","1","Verify that the Life Insurance option is clickable - TC_201","firefox","2026-08-14","skipped","2026-08-14","Life Dropdown & Navigation - @smoke @regression > Life Insurance - Header Navigation","generated/dropdown-navigation.test.ts","",""
"","0","Verify that the Points to Note When Raising a ThirdParty Car Insurance Claim section is displayed - TC_172","firefox","2026-08-14","skipped","2026-08-14","Third Party Car Insurance - @regression","generated/car-module.test.ts","",""
"","0","Verify that the user can select different Insurer from dropdown - TC_044","webkit","2026-08-14","skipped","2026-08-14","Bike - Shared Flows - @regression @advisor > Advisor Listing Page Flow","generated/shared-flows.test.ts","",""
"","0","Verify that the View More option is displayed in the FAQs section - TC_114","webkit","2026-08-14","skipped","2026-08-14","National Car Insurance FAQs - @regression","generated/car-module.test.ts","",""
"","2","Verify that the number of SBI branches is displayed - TC_237","mobile-safari","2026-08-14","skipped","2026-08-14","SBI Comprehensive - Top Section - @regression","generated/car-module.test.ts","",""
"","0","Verify that Full Invoice Price Insurance Cover is displayed - TC_402","mobile-chrome","2026-08-14","skipped","2026-08-14","Royal Sundaram Own Damage - Add-ons - @regression","generated/car-module.test.ts","",""
"","0","Verify that the Top ThirdParty Car Insurance Plans section is displayed - TC_160","mobile-chrome","2026-08-14","skipped","2026-08-14","Third Party Car Insurance - @regression","generated/car-module.test.ts","",""
"","1","Verify that the Buy Now CTA is displayed for the Comprehensive plan - TC_073","mobile-safari","2026-08-14","skipped","2026-08-14","National Car Insurance Plans - @regression","generated/car-module.test.ts","",""
"","0","Verify that the Claim Settlement Ratio section is displayed - TC_390","webkit","2026-08-14","skipped","2026-08-14","Royal Sundaram Own Damage - Claim Settlement Ratio - @regression","generated/car-module.test.ts","",""
"","1","Verify that the SBI Comprehensive Car Insurance Overview section is displayed - TC_247","webkit","2026-08-14","skipped","2026-08-14","SBI Comprehensive - Overview - @regression","generated/car-module.test.ts","",""
"","1","Verify that the user can select different Insurer from dropdown - TC_070","mobile-chrome","2026-08-14","skipped","2026-08-14","Car Dashboard - @smoke @regression","generated/car-module.test.ts","",""
"","0","Verify that the Top ThirdParty Car Insurance Plans option is clickable - TC_132","mobile-safari","2026-08-14","skipped","2026-08-14","Third Party Car Insurance - Table of Contents - @regression","generated/car-module.test.ts","",""
"","10157","Verify that investment Tax planning is clickable - TC_107","chromium","2026-08-14","passed","2026-08-14","Life Dropdown & Navigation - @smoke @regression > Life Landing Page Flow","generated/dropdown-navigation.test.ts","",""
"","6579","Verify that the selected Insurer is present on top of the page - TC_068","chromium","2026-08-14","passed","2026-08-14","Car Dashboard - @smoke @regression","generated/car-module.test.ts","",""
"","0","Verify that the Inconvenience Allowance addon is displayed - TC_267","firefox","2026-08-14","skipped","2026-08-14","SBI Comprehensive - Add-ons - @regression","generated/car-module.test.ts","",""
"","0","Verify that the Starting Premium section is displayed - TC_066","mobile-chrome","2026-08-14","skipped","2026-08-14","National Car Insurance - @regression","generated/car-module.test.ts","",""
"","0","Verify that Key Replacement is displayed - TC_406","firefox","2026-08-14","skipped","2026-08-14","Royal Sundaram Own Damage - Add-ons - @regression","generated/car-module.test.ts","",""
"","0","Verify that the Addons option is clickable - TC_109","firefox","2026-08-14","skipped","2026-08-14","National Car Insurance - More - @regression","generated/car-module.test.ts","",""
"","0","Verify that Lifetime Road Tax Clause is displayed - TC_408","mobile-chrome","2026-08-14","skipped","2026-08-14","Royal Sundaram Own Damage - Add-ons - @regression","generated/car-module.test.ts","",""
"","0","Verify that No Claim Bonus Protector is displayed - TC_405","mobile-chrome","2026-08-14","skipped","2026-08-14","Royal Sundaram Own Damage - Add-ons - @regression","generated/car-module.test.ts","",""
"","0","Verify that No of Branches should be present on top of the page - TC_163","firefox","2026-08-14","skipped","2026-08-14","Our partners (Health) - @regression > Insurer Landing Page Flow","generated/partners.test.ts","",""
"","0","Verify that the Car Insurance link is clickable - TC_153","chromium","2026-08-14","skipped","2026-08-14","Third Party Car Insurance - Get Best Insurance Quotes - @regression","generated/car-module.test.ts","",""
"","0","Verify that the National Car Insurance Exclusions section is displayed - TC_090","mobile-safari","2026-08-14","skipped","2026-08-14","National Car Insurance Exclusions - @regression","generated/car-module.test.ts","",""
"","0","Verify that pension retirement is clickable - TC_109","mobile-safari","2026-08-14","skipped","2026-08-14","Life Landing Page - @regression @landing","generated/life-landing.test.ts","",""
"","0","Verify that the common Manage All Your Policies In One Place section is displayed - TC_440","firefox","2026-08-14","skipped","2026-08-14","Royal Sundaram Own Damage - Common Components - @regression","generated/car-module.test.ts","",""
"","0","Verify that the When is ThirdParty Insurance Better than Comprehensive section is displayed - TC_170","chromium","2026-08-14","skipped","2026-08-14","Third Party Car Insurance - @regression","generated/car-module.test.ts","",""
"","0","Verify that Cashless Claim and Reimbursement Claim options are displayed - TC_415","webkit","2026-08-14","skipped","2026-08-14","Royal Sundaram Own Damage - Claims - @regression","generated/car-module.test.ts","",""
"","0","Verify that the Car dropdown is displayed - TC_001","webkit","2026-08-14","skipped","2026-08-14","Car Dashboard - @smoke @regression","generated/car-module.test.ts","",""
"","0","Verify that the Read More CTA is displayed - TC_209","chromium","2026-08-14","skipped","2026-08-14","Car Insurance - Introduction - @regression","generated/car-module.test.ts","",""
"","0","Verify that the user is able to select any Insurer from our Partner sections - TC_178","firefox","2026-08-14","skipped","2026-08-14","Our partners (Life) - @regression > Insurer Landing Page Flow","generated/partners.test.ts","",""
"","19695","Verify that the Premium Calculator menu navigates to the Premium Calculator section - TC_380","chromium","2026-08-14","failed","2026-08-14","Royal Sundaram Own Damage - Section Navigation - @regression","generated/car-module.test.ts","",""
"","0","Verify that the user is able to enter a car number - TC_044","webkit","2026-08-14","skipped","2026-08-14","National Car Insurance - @regression","generated/car-module.test.ts","",""
"","0","Verify that the Health Insurance link is clickable - TC_199","mobile-chrome","2026-08-14","skipped","2026-08-14","Third Party Car Insurance - Get Best Insurance Quotes - @regression","generated/car-module.test.ts","",""
"","0","Verify that on clicking Plans tab user should redirect to that particular section on page - TC_127","mobile-safari","2026-08-14","skipped","2026-08-14","Our partners (BIKE) - @regression > Insurer Landing Page Flow","generated/partners.test.ts","",""
"","0","Verify that the Bike Insurance link is clickable - TC_154","firefox","2026-08-14","skipped","2026-08-14","Third Party Car Insurance - Get Best Insurance Quotes - @regression","generated/car-module.test.ts","",""
"","1","Verify that Voluntary Deductible Cover is displayed - TC_401","firefox","2026-08-14","skipped","2026-08-14","Royal Sundaram Own Damage - Add-ons - @regression","generated/car-module.test.ts","",""
"","0","Verify that the industry average claim settlement ratio is displayed - TC_325","mobile-safari","2026-08-14","skipped","2026-08-14","SBI Third Party - Claim Settlement Ratio - @regression","generated/car-module.test.ts","",""
"","0","Verify that all available insurers are displayed under Comprehensive plans - TC_229","chromium","2026-08-14","skipped","2026-08-14","Car Insurance - Top Car Insurance Plans - Comprehensive - @regression","generated/car-module.test.ts","",""
"","0","Verify that the user is able to click on the Download Now CTA - TC_023","firefox","2026-08-14","skipped","2026-08-14","Raise a Claim - @regression > Raise a Claim Flow","generated/raise-claim.test.ts","",""
"","0","Verify that a network hospital link is clickable - TC_016","mobile-chrome","2026-08-14","skipped","2026-08-14","Health Dropdown & Navigation - @smoke @regression > Network Hospitals","generated/dropdown-navigation.test.ts","",""
"","0","Verify that the selected Pincode is present on top of the page - TC_043","chromium","2026-08-14","skipped","2026-08-14","Bike - Shared Flows - @regression @advisor > Advisor Listing Page Flow","generated/shared-flows.test.ts","",""
"","0","Verify that the ThirdParty Policy for Commercial Vehicles section is displayed - TC_161","firefox","2026-08-14","skipped","2026-08-14","Third Party Car Insurance - @regression","generated/car-module.test.ts","",""
"","16954","Verify that the Latest Articles On SBI section is displayed - TC_291","chromium","2026-08-14","failed","2026-08-14","SBI Comprehensive - Latest Articles - @regression","generated/car-module.test.ts","",""
"","0","Verify that the ThirdParty Liability information is displayed - TC_321","webkit","2026-08-14","skipped","2026-08-14","SBI Third Party - Overview - @regression","generated/car-module.test.ts","",""
"","0","Verify that the eligible vehicle types FAQ is displayed - TC_451","mobile-chrome","2026-08-14","skipped","2026-08-14","Royal Sundaram Own Damage - FAQs - @regression","generated/car-module.test.ts","",""
"","0","Verify that the Car Insurance page header is displayed - TC_202","mobile-chrome","2026-08-14","skipped","2026-08-14","Car Insurance - Header - @regression","generated/car-module.test.ts","",""
"","0","Verify that the Drawbacks of ThirdParty Car Insurance option is clickable - TC_141","webkit","2026-08-14","skipped","2026-08-14","Third Party Car Insurance - Table of Contents - @regression","generated/car-module.test.ts","",""
"","1","Verify that the available car insurance plan categories are displayed - TC_222","firefox","2026-08-14","skipped","2026-08-14","Car Insurance - Top Car Insurance Plans - @regression","generated/car-module.test.ts","",""
"","18292","Verify that Zero Depreciation is displayed - TC_333","chromium","2026-08-14","failed","2026-08-14","SBI Third Party - Add-ons - @regression","generated/car-module.test.ts","",""
"","0","Verify that the Claim Settlement Ratio option is clickable - TC_107","webkit","2026-08-14","skipped","2026-08-14","National Car Insurance - More - @regression","generated/car-module.test.ts","",""
"","0","Verify that the How to Renew ThirdParty Car Insurance Plan option is clickable - TC_145","mobile-safari","2026-08-14","skipped","2026-08-14","Third Party Car Insurance - Table of Contents - @regression","generated/car-module.test.ts","",""
"","0","Verify that the LongTerm ThirdParty Cover for Five Years for Car Owners option is clickable - TC_138","mobile-chrome","2026-08-14","skipped","2026-08-14","Third Party Car Insurance - Table of Contents - @regression","generated/car-module.test.ts","",""
"","0","Verify that the user is able to click on articles on the bottom of the page - TC_172","mobile-chrome","2026-08-14","skipped","2026-08-14","Our partners (Health) - @regression > Insurer Landing Page Flow","generated/partners.test.ts","",""
"","16641","Verify that thirdparty damage details requirement is displayed - TC_287","chromium","2026-08-14","failed","2026-08-14","SBI Comprehensive - Documents Required For Claims - @regression","generated/car-module.test.ts","",""
"","0","Verify that No of Branches should be present on top of the page - TC_163","chromium","2026-08-14","skipped","2026-08-14","Our partners (Health) - @regression > Insurer Landing Page Flow","generated/partners.test.ts","",""
"","1","Verify that the Ways to check vehicle insurance status link is clickable - TC_197","mobile-chrome","2026-08-14","skipped","2026-08-14","Third Party Car Insurance - Features - @regression","generated/car-module.test.ts","",""
"","0","Verify that the Features of ThirdParty Car Insurance section is displayed - TC_157","firefox","2026-08-14","skipped","2026-08-14","Third Party Car Insurance - @regression","generated/car-module.test.ts","",""
"","0","Verify that the SBI logo and SBI Third Party Car Insurance heading are displayed - TC_303","firefox","2026-08-14","skipped","2026-08-14","SBI Third Party - Top Section - @regression","generated/car-module.test.ts","",""
"","0","Verify that the What Is Car Insurance section is displayed - TC_208","firefox","2026-08-14","skipped","2026-08-14","Car Insurance - Introduction - @regression","generated/car-module.test.ts","",""
"","0","Verify that the ThirdParty Insurance Premium Rates section is displayed - TC_164","chromium","2026-08-14","skipped","2026-08-14","Third Party Car Insurance - @regression","generated/car-module.test.ts","",""
"","0","Verify that No Claim Bonus Protector is displayed - TC_405","webkit","2026-08-14","skipped","2026-08-14","Royal Sundaram Own Damage - Add-ons - @regression","generated/car-module.test.ts","",""
"","0","Verify that Daily Cash is displayed - TC_404","firefox","2026-08-14","skipped","2026-08-14","Royal Sundaram Own Damage - Add-ons - @regression","generated/car-module.test.ts","",""
"","8188","Verify that the TurtlemintPro introduction section is displayed - TC_032","chromium","2026-08-14","passed","2026-08-14","Become a POSP - @regression > TurtlemintPro Landing Page","generated/become-posp.test.ts","",""
"","0","Verify that Own Damage exclusions are mentioned in the overview - TC_388","webkit","2026-08-14","skipped","2026-08-14","Royal Sundaram Own Damage - Overview - @regression","generated/car-module.test.ts","",""
"","0","Verify that the Plans navigation option is clickable - TC_056","webkit","2026-08-14","skipped","2026-08-14","National Car Insurance Navigation - @regression","generated/car-module.test.ts","",""
"","0","Verify that the View More option is displayed - TC_342","mobile-chrome","2026-08-14","skipped","2026-08-14","SBI Third Party - Add-ons - @regression","generated/car-module.test.ts","",""
"","0","Verify that the National Car Insurance Features section is displayed - TC_087","mobile-safari","2026-08-14","skipped","2026-08-14","National Car Insurance Features - @regression","generated/car-module.test.ts","",""
"","0","Verify that the user is able to select insurance type - TC_001","firefox","2026-08-14","skipped","2026-08-14","Health - Shared Flows - @regression @advisor > Home Page Flow","generated/shared-flows.test.ts","",""
"","0","Verify that the Royal Sundaram Own Damage Car Insurance top section is displayed - TC_369","mobile-safari","2026-08-14","skipped","2026-08-14","Royal Sundaram Own Damage - Top Section - @regression","generated/car-module.test.ts","",""
"","0","Verify that the Factors that Affect ThirdParty Insurance Premium option is clickable - TC_137","webkit","2026-08-14","skipped","2026-08-14","Third Party Car Insurance - Table of Contents - @regression","generated/car-module.test.ts","",""
"","0","Verify that the Documents Required For Claims section is displayed - TC_422","mobile-safari","2026-08-14","skipped","2026-08-14","Royal Sundaram Own Damage - Documents Required - @regression","generated/car-module.test.ts","",""
"","0","Verify that the Drawbacks of ThirdParty Car Insurance option is clickable - TC_141","mobile-chrome","2026-08-14","skipped","2026-08-14","Third Party Car Insurance - Table of Contents - @regression","generated/car-module.test.ts","",""
"","0","Verify that the available Own Damage insurers are displayed - TC_442","mobile-chrome","2026-08-14","skipped","2026-08-14","Royal Sundaram Own Damage - Other Own Damage Plans - @regression","generated/car-module.test.ts","",""
"","0","Verify that the Royal Sundaram Customer Care email ID is displayed - TC_431","webkit","2026-08-14","skipped","2026-08-14","Royal Sundaram Own Damage - Customer Care - @regression","generated/car-module.test.ts","",""
"","0","Verify that the How to Make ThirdParty Car Insurance Claims section is displayed - TC_171","webkit","2026-08-14","skipped","2026-08-14","Third Party Car Insurance - @regression","generated/car-module.test.ts","",""
"","0","Verify that the user is able to click on Find Advisor CTA - TC_028","mobile-safari","2026-08-14","skipped","2026-08-14","Bike - Shared Flows - @regression @advisor > Home Page Flow","generated/shared-flows.test.ts","",""
"","1","Verify that visit website CTA is visible on all advisor - TC_051","firefox","2026-08-14","skipped","2026-08-14","Bike - Shared Flows - @regression @advisor > Advisor Listing Page Flow","generated/shared-flows.test.ts","",""
"","0","Verify that the Addons menu navigates to the Addons section - TC_384","mobile-chrome","2026-08-14","skipped","2026-08-14","Royal Sundaram Own Damage - Section Navigation - @regression","generated/car-module.test.ts","",""
"","0","Verify that Tyre Cover is displayed - TC_407","chromium","2026-08-14","skipped","2026-08-14","Royal Sundaram Own Damage - Add-ons - @regression","generated/car-module.test.ts","",""
"","11507","Verify that clicking on Plans it redirect to life Profile page - TC_110","chromium","2026-08-14","passed","2026-08-14","Life Dropdown & Navigation - @smoke @regression > Life Landing Page Flow","generated/dropdown-navigation.test.ts","",""
"","0","Verify that the cashless garage count is displayed - TC_238","firefox","2026-08-14","skipped","2026-08-14","SBI Comprehensive - Top Section - @regression","generated/car-module.test.ts","",""
"","0","Verify that the rightside section navigation menu is displayed - TC_312","mobile-safari","2026-08-14","skipped","2026-08-14","SBI Third Party - Section Navigation - @regression","generated/car-module.test.ts","",""
"","1","Verify that the Latest Articles On Royal Sundaram section is displayed - TC_436","firefox","2026-08-14","skipped","2026-08-14","Royal Sundaram Own Damage - Articles - @regression","generated/car-module.test.ts","",""
"","0","Verify that the claim process information is displayed - TC_097","firefox","2026-08-14","skipped","2026-08-14","National Car Insurance Claims - @regression","generated/car-module.test.ts","",""
"","0","Verify that the Premium Calculator menu navigates to the Premium Calculator section - TC_241","mobile-chrome","2026-08-14","skipped","2026-08-14","SBI Comprehensive - Section Navigation - @regression","generated/car-module.test.ts","",""
"","0","Verify that the Consumable Cover addon is displayed - TC_270","mobile-chrome","2026-08-14","skipped","2026-08-14","SBI Comprehensive - Add-ons - @regression","generated/car-module.test.ts","",""
"","0","Verify that the Inclusions of ThirdParty Car Insurance section is displayed - TC_162","webkit","2026-08-14","skipped","2026-08-14","Third Party Car Insurance - @regression","generated/car-module.test.ts","",""
"","18283","Verify that the Read More CTA is displayed - TC_249","chromium","2026-08-14","failed","2026-08-14","SBI Comprehensive - Overview - @regression","generated/car-module.test.ts","",""
"","0","Verify that the car number input field is displayed - TC_043","mobile-chrome","2026-08-14","skipped","2026-08-14","National Car Insurance - @regression","generated/car-module.test.ts","",""
"","0","Verify that the How are ThirdParty Car Insurance Premium Rates Calculated option is clickable - TC_131","chromium","2026-08-14","skipped","2026-08-14","Third Party Car Insurance - Table of Contents - @regression","generated/car-module.test.ts","",""
"","0","Verify that a valid car registration number can be entered - TC_395","mobile-safari","2026-08-14","skipped","2026-08-14","Royal Sundaram Own Damage - Premium Calculator - @regression","generated/car-module.test.ts","",""
"","0","Verify that the More Insurers option is displayed and clickable - TC_446","firefox","2026-08-14","skipped","2026-08-14","Royal Sundaram Own Damage - Similar Car Insurance Companies - @regression","generated/car-module.test.ts","",""
"","0","Verify that the user is able to click on Get Quotes CTA - TC_120","firefox","2026-08-14","skipped","2026-08-14","Our partners (BIKE) - @regression > Insurer Landing Page Flow","generated/partners.test.ts","",""
"","0","Verify that the customer support email is displayed on the Raise a Claim page - TC_025","chromium","2026-08-14","skipped","2026-08-14","Raise a Claim - @regression > Contact Support","generated/raise-claim.test.ts","",""
"","0","Verify that the Bike dropdown is displayed - TC_007","mobile-chrome","2026-08-14","skipped","2026-08-14","Bike Dropdown & Navigation - @smoke @regression > Bike Dropdown","generated/dropdown-navigation.test.ts","",""
"","0","Verify that the Get Quotes Without Car Number CTA is displayed - TC_307","firefox","2026-08-14","skipped","2026-08-14","SBI Third Party - Top Section - @regression","generated/car-module.test.ts","",""
"","0","Verify that the How to Get the Cheapest ThirdParty Car Insurance section is displayed - TC_175","mobile-safari","2026-08-14","skipped","2026-08-14","Third Party Car Insurance - @regression","generated/car-module.test.ts","",""
"","18285","Verify that the Health dropdown is displayed - TC_011","chromium","2026-08-14","failed","2026-08-14","Health Dropdown & Navigation - @smoke @regression > Health Dropdown","generated/dropdown-navigation.test.ts","",""
"","0","Verify that the breadcrumb is displayed - TC_120","chromium","2026-08-14","skipped","2026-08-14","Third Party Car Insurance - @regression","generated/car-module.test.ts","",""
"","0","Verify that the user can select different Insurer from dropdown - TC_095","webkit","2026-08-14","skipped","2026-08-14","Life - Shared Flows - @regression @advisor > Advisor Listing Page Flow","generated/shared-flows.test.ts","",""
"","9425","Verify that the user is able to click on Find Advisor CTA - TC_113","chromium","2026-08-14","passed","2026-08-14","Life Dropdown & Navigation - @smoke @regression > Life Landing Page Flow","generated/dropdown-navigation.test.ts","",""
"","0","Verify that the How are ThirdParty Car Insurance Premium Rates Calculated section is displayed - TC_159","chromium","2026-08-14","skipped","2026-08-14","Third Party Car Insurance - @regression","generated/car-module.test.ts","",""
"","0","Verify that the Addons Under ThirdParty Car Insurance section is displayed - TC_167","mobile-chrome","2026-08-14","skipped","2026-08-14","Third Party Car Insurance - @regression","generated/car-module.test.ts","",""
"","18971","Verify that the Claims section is displayed - TC_258","chromium","2026-08-14","failed","2026-08-14","SBI Comprehensive - Claims - @regression","generated/car-module.test.ts","",""
"","0","Verify that the Cholamandalam car insurance option is clickable - TC_185","mobile-safari","2026-08-14","skipped","2026-08-14","Third Party Car Insurance - Car Insurance Companies - @regression","generated/car-module.test.ts","",""
"","0","Verify that the user is able to collapse an expanded FAQ - TC_179","mobile-safari","2026-08-14","skipped","2026-08-14","Third Party Car Insurance - FAQs - @regression","generated/car-module.test.ts","",""
"","0","Verify that the user can select different Insurer from dropdown - TC_044","chromium","2026-08-14","skipped","2026-08-14","Bike - Shared Flows - @regression @advisor > Advisor Listing Page Flow","generated/shared-flows.test.ts","",""
"","0","Verify that the Check Premium CTA is displayed - TC_217","webkit","2026-08-14","skipped","2026-08-14","Car Insurance - Top Car Insurance Plans - @regression","generated/car-module.test.ts","",""
"","0","Verify that the Why Turtlemint Insurance for claims settlement section is displayed - TC_029","webkit","2026-08-14","skipped","2026-08-14","Raise a Claim - @regression > Claims Settlement Benefits","generated/raise-claim.test.ts","",""
"","1","Verify that SBIs claim settlement ratio is displayed - TC_324","webkit","2026-08-14","skipped","2026-08-14","SBI Third Party - Claim Settlement Ratio - @regression","generated/car-module.test.ts","",""
"","0","Verify that the Customer Care menu navigates to the Customer Care section - TC_316","firefox","2026-08-14","skipped","2026-08-14","SBI Third Party - Section Navigation - @regression","generated/car-module.test.ts","",""
"","1","Verify that the Car Insurance link is clickable - TC_153","mobile-chrome","2026-08-14","skipped","2026-08-14","Third Party Car Insurance - Get Best Insurance Quotes - @regression","generated/car-module.test.ts","",""
"","0","Verify that the additional insurer options are clickable - TC_193","mobile-chrome","2026-08-14","skipped","2026-08-14","Third Party Car Insurance - Car Insurance Companies - @regression","generated/car-module.test.ts","",""
"","0","Verify that the More navigation option is displayed and clickable - TC_064","mobile-chrome","2026-08-14","skipped","2026-08-14","National Car Insurance Navigation - @regression","generated/car-module.test.ts","",""
"","0","Verify that the user is able to complete the action successfully click on More Dropdown - TC_149","mobile-safari","2026-08-14","skipped","2026-08-14","Our partners (CAR) - @regression > Insurer Landing Page Flow","generated/partners.test.ts","",""
"","0","Verify that the Customer Care menu navigates to the Customer Care section - TC_382","chromium","2026-08-14","skipped","2026-08-14","Royal Sundaram Own Damage - Section Navigation - @regression","generated/car-module.test.ts","",""
"","0","Verify that all insurer options are displayed under Health Insurance Companies - TC_013","mobile-safari","2026-08-14","skipped","2026-08-14","Health Dropdown & Navigation - @smoke @regression > Health Insurance Companies","generated/dropdown-navigation.test.ts","",""
"","0","Verify that advisor profile picture is visible - TC_098","chromium","2026-08-14","skipped","2026-08-14","Life - Shared Flows - @regression @advisor > Advisor Listing Page Flow","generated/shared-flows.test.ts","",""
"","1","Verify that companyowned vehicle document requirements are displayed - TC_418","mobile-safari","2026-08-14","skipped","2026-08-14","Royal Sundaram Own Damage - Claims - @regression","generated/car-module.test.ts","",""
"","0","Verify that the Overview menu navigates to the Overview section - TC_240","firefox","2026-08-14","skipped","2026-08-14","SBI Comprehensive - Section Navigation - @regression","generated/car-module.test.ts","",""
"","16727","Verify that the Renewal navigation option is clickable - TC_060","chromium","2026-08-14","failed","2026-08-14","National Car Insurance Navigation - @regression","generated/car-module.test.ts","",""
"","17335","Verify that the renewalrelated CTAlink is displayed - TC_095","chromium","2026-08-14","failed","2026-08-14","National Car Insurance Renewal - @regression","generated/car-module.test.ts","",""
"","17929","Verify that the surveyor and claim assessment information is displayed - TC_280","chromium","2026-08-14","failed","2026-08-14","SBI Comprehensive - Claims - @regression","generated/car-module.test.ts","",""
"","0","Verify that the What is depreciation deduction FAQ is displayed - TC_448","chromium","2026-08-14","skipped","2026-08-14","Royal Sundaram Own Damage - FAQs - @regression","generated/car-module.test.ts","",""
"","1","Verify that the Customer Care menu navigates to the Customer Care section - TC_243","webkit","2026-08-14","skipped","2026-08-14","SBI Comprehensive - Section Navigation - @regression","generated/car-module.test.ts","",""
"","0","Verify that the View All Articles CTA is displayed - TC_118","mobile-chrome","2026-08-14","skipped","2026-08-14","National Car Insurance Articles - @regression","generated/car-module.test.ts","",""
"","0","Verify that the How to Buy ThirdParty Car Insurance Online from Turtlemint section is displayed - TC_174","mobile-safari","2026-08-14","skipped","2026-08-14","Third Party Car Insurance - @regression","generated/car-module.test.ts","",""
"","0","Verify that the Inclusions of ThirdParty Car Insurance option is clickable - TC_134","firefox","2026-08-14","skipped","2026-08-14","Third Party Car Insurance - Table of Contents - @regression","generated/car-module.test.ts","",""
"","0","Verify that the Get Quotes Without Car Number CTA is displayed - TC_397","firefox","2026-08-14","skipped","2026-08-14","Royal Sundaram Own Damage - Premium Calculator - @regression","generated/car-module.test.ts","",""
"","0","Verify that the Additional Roadside Assistance addon is displayed - TC_271","mobile-safari","2026-08-14","skipped","2026-08-14","SBI Comprehensive - Add-ons - @regression","generated/car-module.test.ts","",""
"","0","Verify that the Quotes Compared statistic is displayed - TC_211","chromium","2026-08-14","skipped","2026-08-14","Car Insurance - Insurance Experience - @regression","generated/car-module.test.ts","",""
"","0","Verify that the Features of ThirdParty Car Insurance section is displayed - TC_157","mobile-safari","2026-08-14","skipped","2026-08-14","Third Party Car Insurance - @regression","generated/car-module.test.ts","",""
"","0","Verify that the user is able to click on articles on the bottom of the page - TC_131","chromium","2026-08-14","skipped","2026-08-14","Our partners (BIKE) - @regression > Insurer Landing Page Flow","generated/partners.test.ts","",""
"","0","Verify that the Drawbacks of ThirdParty Car Insurance option is clickable - TC_141","chromium","2026-08-14","skipped","2026-08-14","Third Party Car Insurance - Table of Contents - @regression","generated/car-module.test.ts","",""
"","0","Verify that the Why Choose Turtlemint section is displayed - TC_176","mobile-chrome","2026-08-14","skipped","2026-08-14","Third Party Car Insurance - @regression","generated/car-module.test.ts","",""
"","17977","Verify that the Book an Expert Call section is displayed - TC_294","chromium","2026-08-14","failed","2026-08-14","SBI Comprehensive - Common Components - @regression","generated/car-module.test.ts","",""
"","0","Verify that the Get Quotes Without Car Number CTA is displayed - TC_397","mobile-safari","2026-08-14","skipped","2026-08-14","Royal Sundaram Own Damage - Premium Calculator - @regression","generated/car-module.test.ts","",""
"","0","Verify that the customer is able to interact with the support email - TC_027","webkit","2026-08-14","skipped","2026-08-14","Raise a Claim - @regression > Contact Support","generated/raise-claim.test.ts","",""
"","0","Verify that get In Touch CTA is clickable - TC_078","mobile-safari","2026-08-14","skipped","2026-08-14","Car Dashboard - @smoke @regression","generated/car-module.test.ts","",""
"","0","Verify that Year of Inception should be present on top of the page - TC_122","mobile-chrome","2026-08-14","skipped","2026-08-14","Our partners (BIKE) - @regression > Insurer Landing Page Flow","generated/partners.test.ts","",""
"","0","Verify that clicking Get Quotes Without Car Number redirects correctly - TC_374","webkit","2026-08-14","skipped","2026-08-14","Royal Sundaram Own Damage - Top Section - @regression","generated/car-module.test.ts","",""
"","0","Verify that the claim intimation and claim reference number information is displayed - TC_344","firefox","2026-08-14","skipped","2026-08-14","SBI Third Party - Claims - @regression","generated/car-module.test.ts","",""
"","0","Verify that No of Branches should be present on top of the page - TC_163","mobile-safari","2026-08-14","skipped","2026-08-14","Our partners (Health) - @regression > Insurer Landing Page Flow","generated/partners.test.ts","",""
"","19284","Verify that the Claim Settlement Ratio menu navigates to the Claim Settlement Ratio section - TC_317","chromium","2026-08-14","failed","2026-08-14","SBI Third Party - Section Navigation - @regression","generated/car-module.test.ts","",""
"","1","Verify that the How it works section is displayed - TC_028","mobile-chrome","2026-08-14","skipped","2026-08-14","Raise a Claim - @regression > How it works","generated/raise-claim.test.ts","",""
"","0","Verify that SBIs claim settlement ratio is displayed - TC_324","mobile-chrome","2026-08-14","skipped","2026-08-14","SBI Third Party - Claim Settlement Ratio - @regression","generated/car-module.test.ts","",""
"","0","Verify that the No of Branches information card is displayed - TC_048","firefox","2026-08-14","skipped","2026-08-14","National Car Insurance - @regression","generated/car-module.test.ts","",""
"","0","Verify that the How to Renew ThirdParty Car Insurance Plan section is displayed - TC_173","webkit","2026-08-14","skipped","2026-08-14","Third Party Car Insurance - @regression","generated/car-module.test.ts","",""
"","0","Verify that the Turtlemint renewal process is displayed - TC_434","chromium","2026-08-14","skipped","2026-08-14","Royal Sundaram Own Damage - Renewal - @regression","generated/car-module.test.ts","",""
"","0","Verify that the What is depreciation deduction FAQ is displayed - TC_448","mobile-chrome","2026-08-14","skipped","2026-08-14","Royal Sundaram Own Damage - FAQs - @regression","generated/car-module.test.ts","",""
"","19087","Verify that the Claims menu navigates to the Claims section - TC_381","chromium","2026-08-14","failed","2026-08-14","Royal Sundaram Own Damage - Section Navigation - @regression","generated/car-module.test.ts","",""
"","0","Verify that the selected Insurer is present on top of the page - TC_016","firefox","2026-08-14","skipped","2026-08-14","Health - Shared Flows - @regression @advisor > Advisor Listing Page Flow","generated/shared-flows.test.ts","",""
"","0","Verify that the FAQs option is clickable - TC_149","mobile-safari","2026-08-14","skipped","2026-08-14","Third Party Car Insurance - Table of Contents - @regression","generated/car-module.test.ts","",""
"","0","Verify that the Premium Calculator menu navigates to the Premium Calculator section - TC_380","webkit","2026-08-14","skipped","2026-08-14","Royal Sundaram Own Damage - Section Navigation - @regression","generated/car-module.test.ts","",""
"","0","Verify that the Check Premium CTA is displayed - TC_256","firefox","2026-08-14","skipped","2026-08-14","SBI Comprehensive - Premium Calculator - @regression","generated/car-module.test.ts","",""
"","0","Verify that the See All Plans CTA is displayed - TC_221","chromium","2026-08-14","skipped","2026-08-14","Car Insurance - Top Car Insurance Plans - @regression","generated/car-module.test.ts","",""
"","0","Verify that the Articles menu navigates to the Articles section - TC_385","webkit","2026-08-14","skipped","2026-08-14","Royal Sundaram Own Damage - Section Navigation - @regression","generated/car-module.test.ts","",""
"","0","Verify that the SBI Customer Care section is displayed - TC_288","firefox","2026-08-14","skipped","2026-08-14","SBI Comprehensive - Customer Care - @regression","generated/car-module.test.ts","",""
"","0","Verify that visit website CTA is visible on all advisor - TC_051","mobile-safari","2026-08-14","skipped","2026-08-14","Bike - Shared Flows - @regression @advisor > Advisor Listing Page Flow","generated/shared-flows.test.ts","",""
"","0","Verify that the user is able to select Insurer type and click on Find Advisor should land on Find Ad - TC_033","chromium","2026-08-14","skipped","2026-08-14","Bike - Shared Flows - @regression @advisor > Home Page Flow","generated/shared-flows.test.ts","",""
"","0","Verify that get In Touch CTA is clickable - TC_103","firefox","2026-08-14","skipped","2026-08-14","Life - Shared Flows - @regression @advisor > Advisor Listing Page Flow","generated/shared-flows.test.ts","",""
"","0","Verify that the selected Insurer is present on top of the page - TC_042","mobile-safari","2026-08-14","skipped","2026-08-14","Bike - Shared Flows - @regression @advisor > Advisor Listing Page Flow","generated/shared-flows.test.ts","",""
"","0","Verify that the ThirdParty Policy for Commercial Vehicles option is clickable - TC_133","webkit","2026-08-14","skipped","2026-08-14","Third Party Car Insurance - Table of Contents - @regression","generated/car-module.test.ts","",""
"","0","Verify that the Documents Required For Claims section is displayed - TC_283","webkit","2026-08-14","skipped","2026-08-14","SBI Comprehensive - Documents Required For Claims - @regression","generated/car-module.test.ts","",""
"","0","Verify that the Customer Care navigation option is clickable - TC_062","mobile-safari","2026-08-14","skipped","2026-08-14","National Car Insurance Navigation - @regression","generated/car-module.test.ts","",""
"","0","Verify that the Customer Care menu navigates to the Customer Care section - TC_382","mobile-chrome","2026-08-14","skipped","2026-08-14","Royal Sundaram Own Damage - Section Navigation - @regression","generated/car-module.test.ts","",""
"","0","Verify that the Check Premium CTA redirects to Profile Journey - TC_218","firefox","2026-08-14","skipped","2026-08-14","Car Insurance - Top Car Insurance Plans - @regression","generated/car-module.test.ts","",""
"","0","Verify that the signed claim form requirement is displayed - TC_424","firefox","2026-08-14","skipped","2026-08-14","Royal Sundaram Own Damage - Documents Required - @regression","generated/car-module.test.ts","",""
"","0","Verify that the available SBI article cards are displayed - TC_292","firefox","2026-08-14","skipped","2026-08-14","SBI Comprehensive - Latest Articles - @regression","generated/car-module.test.ts","",""
"","0","Verify that the Registration Certificate requirement is displayed - TC_350","webkit","2026-08-14","skipped","2026-08-14","SBI Third Party - Documents Required - @regression","generated/car-module.test.ts","",""
"","0","Verify that Depreciation Waiver Cover is displayed - TC_399","chromium","2026-08-14","skipped","2026-08-14","Royal Sundaram Own Damage - Add-ons - @regression","generated/car-module.test.ts","",""
"","0","Verify that the user is able to click on the Own Damage Car Insurance link - TC_053","mobile-safari","2026-08-14","skipped","2026-08-14","National Car Insurance - @regression","generated/car-module.test.ts","",""
"","1","Verify that the user is able to click on View all article CTA - TC_154","webkit","2026-08-14","skipped","2026-08-14","Our partners (CAR) - @regression > Insurer Landing Page Flow","generated/partners.test.ts","",""
"","0","Verify that the User should redirect to Car profile page on clicking Get a Quote CTA - TC_058","firefox","2026-08-14","skipped","2026-08-14","Car Dashboard - @smoke @regression","generated/car-module.test.ts","",""
"","0","Verify that on clicking Plans tab user should redirect to that particular section on page - TC_168","mobile-safari","2026-08-14","skipped","2026-08-14","Our partners (Health) - @regression > Insurer Landing Page Flow","generated/partners.test.ts","",""
"","0","Verify that the user is able to click on Read More CTA - TC_166","firefox","2026-08-14","skipped","2026-08-14","Our partners (Health) - @regression > Insurer Landing Page Flow","generated/partners.test.ts","",""
"","0","Verify that the Claims menu navigates to the Claims section - TC_315","mobile-chrome","2026-08-14","skipped","2026-08-14","SBI Third Party - Section Navigation - @regression","generated/car-module.test.ts","",""
"","1","Verify that the user is able to click on Download now CTA on the right side of the page - TC_130","firefox","2026-08-14","skipped","2026-08-14","Our partners (BIKE) - @regression > Insurer Landing Page Flow","generated/partners.test.ts","",""
"","0","Verify that the user is able to click on Insurer on the Insurer section - TC_176","webkit","2026-08-14","skipped","2026-08-14","Our partners (Health) - @regression > Insurer Landing Page Flow","generated/partners.test.ts","",""
"","0","Verify that an insurer link is clickable - TC_010","webkit","2026-08-14","skipped","2026-08-14","Bike Dropdown & Navigation - @smoke @regression > Bike Insurance Companies","generated/dropdown-navigation.test.ts","",""
"","0","Verify that the National navigation option is clickable - TC_055","mobile-chrome","2026-08-14","skipped","2026-08-14","National Car Insurance Navigation - @regression","generated/car-module.test.ts","",""
"","0","Verify that Key Replacement is displayed - TC_406","mobile-safari","2026-08-14","skipped","2026-08-14","Royal Sundaram Own Damage - Add-ons - @regression","generated/car-module.test.ts","",""
"","0","Verify that the Importance of ThirdParty Car Insurance Policy section is displayed - TC_155","chromium","2026-08-14","skipped","2026-08-14","Third Party Car Insurance - @regression","generated/car-module.test.ts","",""
"","0","Verify that the Drawbacks of ThirdParty Car Insurance section is displayed - TC_169","chromium","2026-08-14","skipped","2026-08-14","Third Party Car Insurance - @regression","generated/car-module.test.ts","",""
"","0","Verify that an insurer link is clickable - TC_014","webkit","2026-08-14","skipped","2026-08-14","Health Dropdown & Navigation - @smoke @regression > Health Insurance Companies","generated/dropdown-navigation.test.ts","",""
"","0","Verify that the User should get this Please select type of insurance to proceed to the next step mes - TC_030","mobile-safari","2026-08-14","skipped","2026-08-14","Bike - Shared Flows - @regression @advisor > Home Page Flow","generated/shared-flows.test.ts","",""
"","0","Verify that the user is able to click on Get Quotes CTA - TC_120","webkit","2026-08-14","skipped","2026-08-14","Our partners (BIKE) - @regression > Insurer Landing Page Flow","generated/partners.test.ts","",""
"","0","Verify that the Own Damage Claims section is displayed - TC_412","chromium","2026-08-14","skipped","2026-08-14","Royal Sundaram Own Damage - Claims - @regression","generated/car-module.test.ts","",""
"","0","Verify that the user is able to select any Insurer from our Partner sections - TC_137","mobile-safari","2026-08-14","skipped","2026-08-14","Our partners (CAR) - @regression > Insurer Landing Page Flow","generated/partners.test.ts","",""
"","0","Verify that the repair and reimbursement information is displayed - TC_281","mobile-chrome","2026-08-14","skipped","2026-08-14","SBI Comprehensive - Claims - @regression","generated/car-module.test.ts","",""
"","0","Verify that the Check Premium CTA is displayed - TC_078","mobile-chrome","2026-08-14","skipped","2026-08-14","National Premium Calculator - @regression","generated/car-module.test.ts","",""
"","1","Verify that the car registration number field is displayed - TC_254","mobile-safari","2026-08-14","skipped","2026-08-14","SBI Comprehensive - Premium Calculator - @regression","generated/car-module.test.ts","",""
"","0","Verify that the Get Quote CTA is displayed - TC_205","mobile-chrome","2026-08-14","skipped","2026-08-14","Car Insurance - Top Quote Section - @regression","generated/car-module.test.ts","",""
"","0","Verify that the Cholamandalam car insurance option is clickable - TC_185","mobile-chrome","2026-08-14","skipped","2026-08-14","Third Party Car Insurance - Car Insurance Companies - @regression","generated/car-module.test.ts","",""
"","1","Verify that the Cholamandalam car insurance option is clickable - TC_185","chromium","2026-08-14","skipped","2026-08-14","Third Party Car Insurance - Car Insurance Companies - @regression","generated/car-module.test.ts","",""
"","0","Verify that after clicking Find Advisor user should redirect to Advisor listing page - TC_114","webkit","2026-08-14","skipped","2026-08-14","Life Landing Page - @regression @landing","generated/life-landing.test.ts","",""
"","0","Verify that the depreciation deduction table is displayed - TC_449","chromium","2026-08-14","skipped","2026-08-14","Royal Sundaram Own Damage - FAQs - @regression","generated/car-module.test.ts","",""
"","1","Verify that the Claims section is displayed - TC_258","webkit","2026-08-14","skipped","2026-08-14","SBI Comprehensive - Claims - @regression","generated/car-module.test.ts","",""
"","0","Verify that the car number input field is displayed - TC_043","firefox","2026-08-14","skipped","2026-08-14","National Car Insurance - @regression","generated/car-module.test.ts","",""
"","0","Verify that the Reimbursement Claim process is displayed - TC_420","mobile-chrome","2026-08-14","skipped","2026-08-14","Royal Sundaram Own Damage - Claims - @regression","generated/car-module.test.ts","",""
"","0","Verify that the When is ThirdParty Insurance Better than Comprehensive section is displayed - TC_170","firefox","2026-08-14","skipped","2026-08-14","Third Party Car Insurance - @regression","generated/car-module.test.ts","",""
"","0","Verify that the Comprehensive coverage information is displayed - TC_248","firefox","2026-08-14","skipped","2026-08-14","SBI Comprehensive - Overview - @regression","generated/car-module.test.ts","",""
"","1","Verify that all topics are displayed in the Table of Contents - TC_125","mobile-chrome","2026-08-14","skipped","2026-08-14","Third Party Car Insurance - @regression","generated/car-module.test.ts","",""
"","0","Verify that all insurer options are displayed under Health Insurance Companies - TC_013","webkit","2026-08-14","skipped","2026-08-14","Health Dropdown & Navigation - @smoke @regression > Health Insurance Companies","generated/dropdown-navigation.test.ts","",""
"","1","Verify that the user is able to click on Get a Quote CTA - TC_029","webkit","2026-08-14","skipped","2026-08-14","Bike - Shared Flows - @regression @advisor > Home Page Flow","generated/shared-flows.test.ts","",""
"","0","Verify that the user is able to get Book a free Consultation CTA of right side of page - TC_170","firefox","2026-08-14","skipped","2026-08-14","Our partners (Health) - @regression > Insurer Landing Page Flow","generated/partners.test.ts","",""
"","0","Verify that the user is able to click on Get Quotes CTA - TC_141","webkit","2026-08-14","skipped","2026-08-14","Our partners (CAR) - @regression > Insurer Landing Page Flow","generated/partners.test.ts","",""
"","18650","Verify that the middleside section navigation menu is displayed - TC_239","chromium","2026-08-14","failed","2026-08-14","SBI Comprehensive - Top Section - @regression","generated/car-module.test.ts","",""
"","0","Verify that the View More option is displayed in FAQs - TC_453","mobile-chrome","2026-08-14","skipped","2026-08-14","Royal Sundaram Own Damage - FAQs - @regression","generated/car-module.test.ts","",""
"","0","Verify that the claim process information is displayed - TC_259","firefox","2026-08-14","skipped","2026-08-14","SBI Comprehensive - Claims - @regression","generated/car-module.test.ts","",""
"","0","Verify that once user enters Pincode then Submit CTA should enable - TC_063","mobile-safari","2026-08-14","skipped","2026-08-14","Car Dashboard - @smoke @regression","generated/car-module.test.ts","",""
"","1","Verify that the Claim Settlement Ratio menu navigates to the Claim Settlement Ratio section - TC_244","mobile-safari","2026-08-14","skipped","2026-08-14","SBI Comprehensive - Section Navigation - @regression","generated/car-module.test.ts","",""
"","1","Verify that the SBI Comprehensive Car Insurance page top section is displayed - TC_232","mobile-chrome","2026-08-14","skipped","2026-08-14","SBI Comprehensive - Top Section - @regression","generated/car-module.test.ts","",""
"","0","Verify that all initially displayed car insurance companies are displayed - TC_183","mobile-chrome","2026-08-14","skipped","2026-08-14","Third Party Car Insurance - Car Insurance Companies - @regression","generated/car-module.test.ts","",""
"","0","Verify that the Check Premium CTA is displayed - TC_396","mobile-chrome","2026-08-14","skipped","2026-08-14","Royal Sundaram Own Damage - Premium Calculator - @regression","generated/car-module.test.ts","",""
"","0","Verify that the information provided for the required documents is displayed correctly - TC_102","mobile-chrome","2026-08-14","skipped","2026-08-14","National Car Insurance Documents - @regression","generated/car-module.test.ts","",""
"","0","Verify that all required documents are displayed - TC_101","mobile-chrome","2026-08-14","skipped","2026-08-14","National Car Insurance Documents - @regression","generated/car-module.test.ts","",""
"","0","Verify that this Please enter the pincode error message should come if user not enters pincode - TC_111","mobile-chrome","2026-08-14","skipped","2026-08-14","Life Landing Page - @regression @landing","generated/life-landing.test.ts","",""
"","0","Verify that advisor distance is visible - TC_076","webkit","2026-08-14","skipped","2026-08-14","Car Dashboard - @smoke @regression","generated/car-module.test.ts","",""
"","0","Verify that once user scroll the page to bottom then the page tabs should be on TOP - TC_126","chromium","2026-08-14","skipped","2026-08-14","Our partners (BIKE) - @regression > Insurer Landing Page Flow","generated/partners.test.ts","",""
"","0","Verify that the user is able to click on the LOGIN CTA - TC_038","firefox","2026-08-14","skipped","2026-08-14","Become a POSP - @regression > POSP Navigation","generated/become-posp.test.ts","",""
"","0","Verify that the selected Insurer is present on top of the page - TC_093","chromium","2026-08-14","skipped","2026-08-14","Life - Shared Flows - @regression @advisor > Advisor Listing Page Flow","generated/shared-flows.test.ts","",""
"","0","Verify that the Top ThirdParty Car Insurance Plans section is displayed - TC_160","firefox","2026-08-14","skipped","2026-08-14","Third Party Car Insurance - @regression","generated/car-module.test.ts","",""
"","0","Verify that the Latest Articles On Royal Sundaram section is displayed - TC_436","mobile-safari","2026-08-14","skipped","2026-08-14","Royal Sundaram Own Damage - Articles - @regression","generated/car-module.test.ts","",""
"","0","Verify that the Check Premium CTA is displayed - TC_217","mobile-chrome","2026-08-14","skipped","2026-08-14","Car Insurance - Top Car Insurance Plans - @regression","generated/car-module.test.ts","",""
"","0","Verify that the user is navigated to the Third Party Car Insurance page - TC_119","mobile-chrome","2026-08-14","skipped","2026-08-14","Third Party Car Insurance - @regression","generated/car-module.test.ts","",""
"","0","Verify that the Read More CTA is displayed - TC_354","firefox","2026-08-14","skipped","2026-08-14","SBI Third Party - Documents Required - @regression","generated/car-module.test.ts","",""
"","0","Verify that Return on Invoice is displayed - TC_338","mobile-safari","2026-08-14","skipped","2026-08-14","SBI Third Party - Add-ons - @regression","generated/car-module.test.ts","",""
"","0","Verify that the National Car Insurance Claims section is displayed - TC_096","mobile-safari","2026-08-14","skipped","2026-08-14","National Car Insurance Claims - @regression","generated/car-module.test.ts","",""
"","0","Verify that the breadcrumb is displayed on the National Car Insurance page - TC_041","mobile-safari","2026-08-14","skipped","2026-08-14","National Car Insurance - @regression","generated/car-module.test.ts","",""
"","0","Verify that the Table of Contents section is displayed - TC_124","mobile-safari","2026-08-14","skipped","2026-08-14","Third Party Car Insurance - @regression","generated/car-module.test.ts","",""
"","0","Verify that the top plannavigation links are displayed - TC_304","mobile-chrome","2026-08-14","skipped","2026-08-14","SBI Third Party - Top Section - @regression","generated/car-module.test.ts","",""
"","0","Verify that the Other Own Damage Car Insurance Plans section is displayed - TC_441","firefox","2026-08-14","skipped","2026-08-14","Royal Sundaram Own Damage - Other Own Damage Plans - @regression","generated/car-module.test.ts","",""
"","1","Verify that the user is able to get Insurer list on the right side of the page - TC_155","mobile-chrome","2026-08-14","skipped","2026-08-14","Our partners (CAR) - @regression > Insurer Landing Page Flow","generated/partners.test.ts","",""
"","0","Verify that the user is able to click on the Become A POSP CTA - TC_031","mobile-chrome","2026-08-14","skipped","2026-08-14","Become a POSP - @regression > POSP Navigation","generated/become-posp.test.ts","",""
"","0","Verify that advisor distance is visible - TC_050","mobile-safari","2026-08-14","skipped","2026-08-14","Bike - Shared Flows - @regression @advisor > Advisor Listing Page Flow","generated/shared-flows.test.ts","",""
"","0","Verify that the How To Raise A Claim Under SBI Third Party Car Insurance section is displayed - TC_343","firefox","2026-08-14","skipped","2026-08-14","SBI Third Party - Claims - @regression","generated/car-module.test.ts","",""
"","1","Verify that the HDFC ERGO car insurance option is clickable - TC_187","webkit","2026-08-14","skipped","2026-08-14","Third Party Car Insurance - Car Insurance Companies - @regression","generated/car-module.test.ts","",""
"","0","Verify that the selected Insurer is present on top of the page - TC_093","mobile-chrome","2026-08-14","skipped","2026-08-14","Life - Shared Flows - @regression @advisor > Advisor Listing Page Flow","generated/shared-flows.test.ts","",""
"","0","Verify that the User should redirect to Car profile page on clicking Get a Quote CTA - TC_058","mobile-chrome","2026-08-14","skipped","2026-08-14","Car Dashboard - @smoke @regression","generated/car-module.test.ts","",""
"","4","Verify that all insurer options are displayed under Life Insurance Companies - TC_019","firefox","2026-08-14","skipped","2026-08-14","Life Dropdown & Navigation - @smoke @regression > Life Insurance Companies","generated/dropdown-navigation.test.ts","",""
"","0","Verify that on clicking Plans tab user should redirect to that particular section on page - TC_148","mobile-chrome","2026-08-14","skipped","2026-08-14","Our partners (CAR) - @regression > Insurer Landing Page Flow","generated/partners.test.ts","",""
"","0","Verify that companyowned vehicle document requirements are displayed - TC_418","webkit","2026-08-14","skipped","2026-08-14","Royal Sundaram Own Damage - Claims - @regression","generated/car-module.test.ts","",""
"","0","Verify that the Royal Sundaram Customer Care section is displayed - TC_429","mobile-chrome","2026-08-14","skipped","2026-08-14","Royal Sundaram Own Damage - Customer Care - @regression","generated/car-module.test.ts","",""
"","0","Verify that the user is able to click on Insurer on the Insurer section - TC_176","mobile-safari","2026-08-14","skipped","2026-08-14","Our partners (Health) - @regression > Insurer Landing Page Flow","generated/partners.test.ts","",""
"","0","Verify that the National Car Insurance Claims section is displayed - TC_096","firefox","2026-08-14","skipped","2026-08-14","National Car Insurance Claims - @regression","generated/car-module.test.ts","",""
"","16200","Verify that the car number input field is displayed in the Premium Calculator section - TC_076","chromium","2026-08-14","failed","2026-08-14","National Premium Calculator - @regression","generated/car-module.test.ts","",""
"","0","Verify that the FAQ answer is displayed correctly - TC_113","firefox","2026-08-14","skipped","2026-08-14","National Car Insurance FAQs - @regression","generated/car-module.test.ts","",""
"","0","Verify that the Addons section is displayed - TC_398","mobile-chrome","2026-08-14","skipped","2026-08-14","Royal Sundaram Own Damage - Add-ons - @regression","generated/car-module.test.ts","",""
"","0","Verify that the Other Comprehensive Car Insurance Plans section is displayed - TC_295","mobile-safari","2026-08-14","skipped","2026-08-14","SBI Comprehensive - Other Comprehensive Car Insurance Plans - @regression","generated/car-module.test.ts","",""
"","0","Verify that the user is navigated to the National Car Insurance page - TC_040","firefox","2026-08-14","skipped","2026-08-14","National Car Insurance - @regression","generated/car-module.test.ts","",""
"","0","Verify that the Benefits of FourWheeler ThirdParty Insurance option is clickable - TC_130","mobile-safari","2026-08-14","skipped","2026-08-14","Third Party Car Insurance - Table of Contents - @regression","generated/car-module.test.ts","",""
"","1","Verify that all insurer options are displayed under Bike Insurance Companies - TC_009","webkit","2026-08-14","skipped","2026-08-14","Bike Dropdown & Navigation - @smoke @regression > Bike Insurance Companies","generated/dropdown-navigation.test.ts","",""
"","0","Verify that the Read More CTA is displayed - TC_322","mobile-chrome","2026-08-14","skipped","2026-08-14","SBI Third Party - Overview - @regression","generated/car-module.test.ts","",""
"","0","Verify that the user is able to enter a car registration number - TC_255","firefox","2026-08-14","skipped","2026-08-14","SBI Comprehensive - Premium Calculator - @regression","generated/car-module.test.ts","",""
"","0","Verify that the When is ThirdParty Insurance Better than Comprehensive option is clickable - TC_142","chromium","2026-08-14","skipped","2026-08-14","Third Party Car Insurance - Table of Contents - @regression","generated/car-module.test.ts","",""
"","0","Verify that the SBI Comprehensive Car Insurance page top section is displayed - TC_232","webkit","2026-08-14","skipped","2026-08-14","SBI Comprehensive - Top Section - @regression","generated/car-module.test.ts","",""
"","0","Verify that the Engine Guard addon is displayed - TC_269","firefox","2026-08-14","skipped","2026-08-14","SBI Comprehensive - Add-ons - @regression","generated/car-module.test.ts","",""
"","0","Verify that the Get Quotes Without Car Number CTA is displayed - TC_397","chromium","2026-08-14","skipped","2026-08-14","Royal Sundaram Own Damage - Premium Calculator - @regression","generated/car-module.test.ts","",""
"","0","Verify that the user is able to click on Download now CTA on the right side of the page - TC_151","webkit","2026-08-14","skipped","2026-08-14","Our partners (CAR) - @regression > Insurer Landing Page Flow","generated/partners.test.ts","",""
"","0","Verify that the FAQs section is displayed - TC_111","firefox","2026-08-14","skipped","2026-08-14","National Car Insurance FAQs - @regression","generated/car-module.test.ts","",""
"","0","Verify that the user is able to enter Pincode - TC_086","chromium","2026-08-14","skipped","2026-08-14","Life - Shared Flows - @regression @advisor > Find Advisor Popup Flow","generated/shared-flows.test.ts","",""
"","0","Verify that the Claims menu navigates to the Claims section - TC_381","firefox","2026-08-14","skipped","2026-08-14","Royal Sundaram Own Damage - Section Navigation - @regression","generated/car-module.test.ts","",""
"","16771","Verify that the Comprehensive plan is displayed - TC_069","chromium","2026-08-14","failed","2026-08-14","National Car Insurance Plans - @regression","generated/car-module.test.ts","",""
"","17379","Verify that the View More option is displayed - TC_342","chromium","2026-08-14","failed","2026-08-14","SBI Third Party - Add-ons - @regression","generated/car-module.test.ts","",""
"","0","Verify that the Starting Premium section is displayed - TC_066","webkit","2026-08-14","skipped","2026-08-14","National Car Insurance - @regression","generated/car-module.test.ts","",""
"","0","Verify that the selected Insurer icon is on top of the page - TC_139","mobile-safari","2026-08-14","skipped","2026-08-14","Our partners (CAR) - @regression > Insurer Landing Page Flow","generated/partners.test.ts","",""
"","0","Verify that the National Claim Settlement Ratio section is displayed - TC_067","firefox","2026-08-14","skipped","2026-08-14","National Car Insurance - @regression","generated/car-module.test.ts","",""
"","0","Verify that the What is ThirdParty Insurance for Car option is clickable - TC_126","chromium","2026-08-14","skipped","2026-08-14","Third Party Car Insurance - Table of Contents - @regression","generated/car-module.test.ts","",""
"","0","Verify that the car number input field is displayed - TC_043","mobile-safari","2026-08-14","skipped","2026-08-14","National Car Insurance - @regression","generated/car-module.test.ts","",""
"","0","Verify that the additional insurer options are clickable - TC_193","firefox","2026-08-14","skipped","2026-08-14","Third Party Car Insurance - Car Insurance Companies - @regression","generated/car-module.test.ts","",""
"","0","Verify that the Claims navigation option is clickable - TC_061","firefox","2026-08-14","skipped","2026-08-14","National Car Insurance Navigation - @regression","generated/car-module.test.ts","",""
"","1","Verify that No of Branches should be present on top of the page - TC_123","firefox","2026-08-14","skipped","2026-08-14","Our partners (BIKE) - @regression > Insurer Landing Page Flow","generated/partners.test.ts","",""
"","0","Verify that the user is able to click on Articles - TC_173","mobile-chrome","2026-08-14","skipped","2026-08-14","Our partners (Health) - @regression > Insurer Landing Page Flow","generated/partners.test.ts","",""
"","0","Verify that all sections are displayed in the Life dropdown - TC_018","webkit","2026-08-14","skipped","2026-08-14","Life Dropdown & Navigation - @smoke @regression > Life Dropdown","generated/dropdown-navigation.test.ts","",""
"","0","Verify that the Personal Belonging Cover addon is displayed - TC_266","mobile-safari","2026-08-14","skipped","2026-08-14","SBI Comprehensive - Add-ons - @regression","generated/car-module.test.ts","",""
"","0","Verify that a Royal Sundaram article is clickable - TC_438","mobile-safari","2026-08-14","skipped","2026-08-14","Royal Sundaram Own Damage - Articles - @regression","generated/car-module.test.ts","",""
"","0","Verify that the Points to Note When Raising a ThirdParty Car Insurance Claim section is displayed - TC_172","mobile-chrome","2026-08-14","skipped","2026-08-14","Third Party Car Insurance - @regression","generated/car-module.test.ts","",""
"","0","Verify that the user is able to enter a car number in the Premium Calculator - TC_077","firefox","2026-08-14","skipped","2026-08-14","National Premium Calculator - @regression","generated/car-module.test.ts","",""
"","0","Verify that No Claim Bonus Protector is displayed - TC_405","chromium","2026-08-14","skipped","2026-08-14","Royal Sundaram Own Damage - Add-ons - @regression","generated/car-module.test.ts","",""
"","0","Verify that the Personal Accident addon is displayed - TC_274","mobile-chrome","2026-08-14","skipped","2026-08-14","SBI Comprehensive - Add-ons - @regression","generated/car-module.test.ts","",""
"","25579","Verify that all insurer options are displayed under Life Insurance Companies - TC_019","chromium","2026-08-14","failed","2026-08-14","Life Dropdown & Navigation - @smoke @regression > Life Insurance Companies","generated/dropdown-navigation.test.ts","",""
"","0","Verify that the cashless garage information is displayed - TC_082","webkit","2026-08-14","skipped","2026-08-14","National Cashless Garages - @regression","generated/car-module.test.ts","",""
"","0","Verify that the user is able to enter car number - TC_140","mobile-safari","2026-08-14","skipped","2026-08-14","Our partners (CAR) - @regression > Insurer Landing Page Flow","generated/partners.test.ts","",""
"","0","Verify that the Third Party plan is displayed - TC_070","mobile-safari","2026-08-14","skipped","2026-08-14","National Car Insurance Plans - @regression","generated/car-module.test.ts","",""
"","0","Verify that the user is able to click on Get a Quote CTA - TC_081","firefox","2026-08-14","skipped","2026-08-14","Life - Shared Flows - @regression @advisor > Home Page Flow","generated/shared-flows.test.ts","",""
"","0","Verify that Inconvenience Allowance is displayed - TC_337","webkit","2026-08-14","skipped","2026-08-14","SBI Third Party - Add-ons - @regression","generated/car-module.test.ts","",""
"","0","Verify that term Life Plans is clickable - TC_106","mobile-safari","2026-08-14","skipped","2026-08-14","Life Dropdown & Navigation - @smoke @regression > Life Landing Page Flow","generated/dropdown-navigation.test.ts","",""
"","0","Verify that the Exclusions of ThirdParty Car Insurance option is clickable - TC_135","firefox","2026-08-14","skipped","2026-08-14","Third Party Car Insurance - Table of Contents - @regression","generated/car-module.test.ts","",""
"","0","Verify that the claim process information is displayed - TC_259","webkit","2026-08-14","skipped","2026-08-14","SBI Comprehensive - Claims - @regression","generated/car-module.test.ts","",""
"","0","Verify that the Documents Required For Claims section is displayed - TC_349","mobile-safari","2026-08-14","skipped","2026-08-14","SBI Third Party - Documents Required - @regression","generated/car-module.test.ts","",""
"","1","Verify that after clicking Find Advisor user should redirect to Advisor listing page - TC_114","firefox","2026-08-14","skipped","2026-08-14","Life Landing Page - @regression @landing","generated/life-landing.test.ts","",""
"","0","Verify that the Get Quotes Without Car Number CTA is displayed - TC_373","mobile-safari","2026-08-14","skipped","2026-08-14","Royal Sundaram Own Damage - Top Section - @regression","generated/car-module.test.ts","",""
"","0","Verify that the SBI Customer Care number is displayed - TC_289","mobile-safari","2026-08-14","skipped","2026-08-14","SBI Comprehensive - Customer Care - @regression","generated/car-module.test.ts","",""
"","14195","Verify that all network hospital options are displayed under Network Hospitals - TC_015","chromium","2026-08-14","passed","2026-08-14","Health Dropdown & Navigation - @smoke @regression > Network Hospitals","generated/dropdown-navigation.test.ts","",""
"","0","Verify that the available Royal Sundaram article cards are displayed - TC_437","mobile-chrome","2026-08-14","skipped","2026-08-14","Royal Sundaram Own Damage - Articles - @regression","generated/car-module.test.ts","",""
"","0","Verify that Daily Cash is displayed - TC_404","chromium","2026-08-14","skipped","2026-08-14","Royal Sundaram Own Damage - Add-ons - @regression","generated/car-module.test.ts","",""
"","0","Verify that the Check Premium CTA is displayed - TC_256","webkit","2026-08-14","skipped","2026-08-14","SBI Comprehensive - Premium Calculator - @regression","generated/car-module.test.ts","",""
"","0","Verify that Tyre Cover is displayed - TC_407","firefox","2026-08-14","skipped","2026-08-14","Royal Sundaram Own Damage - Add-ons - @regression","generated/car-module.test.ts","",""
"","0","Verify that the industry average claim settlement ratio is displayed - TC_252","mobile-chrome","2026-08-14","skipped","2026-08-14","SBI Comprehensive - Claim Settlement Ratio - @regression","generated/car-module.test.ts","",""
"","0","Verify that the Features navigation option is clickable - TC_058","mobile-chrome","2026-08-14","skipped","2026-08-14","National Car Insurance Navigation - @regression","generated/car-module.test.ts","",""
"","1","Verify that the Addons menu navigates to the Addons section - TC_245","mobile-safari","2026-08-14","skipped","2026-08-14","SBI Comprehensive - Section Navigation - @regression","generated/car-module.test.ts","",""
"","0","Verify that the user is able to click on Download now CTA on the right side of the page - TC_171","firefox","2026-08-14","skipped","2026-08-14","Our partners (Health) - @regression > Insurer Landing Page Flow","generated/partners.test.ts","",""
"","0","Verify that the TurtlemintPro introduction section is displayed - TC_032","mobile-chrome","2026-08-14","skipped","2026-08-14","Become a POSP - @regression > TurtlemintPro Landing Page","generated/become-posp.test.ts","",""
"","0","Verify that the National Car Insurance Claims section is displayed - TC_096","webkit","2026-08-14","skipped","2026-08-14","National Car Insurance Claims - @regression","generated/car-module.test.ts","",""
"","0","Verify that the Premium Calculator menu navigates to the Premium Calculator section - TC_241","mobile-safari","2026-08-14","skipped","2026-08-14","SBI Comprehensive - Section Navigation - @regression","generated/car-module.test.ts","",""
"","0","Verify that the industry average claim settlement ratio is displayed - TC_252","firefox","2026-08-14","skipped","2026-08-14","SBI Comprehensive - Claim Settlement Ratio - @regression","generated/car-module.test.ts","",""
"","0","Verify that the Why Turtlemint Insurance for claims settlement section is displayed - TC_029","chromium","2026-08-14","skipped","2026-08-14","Raise a Claim - @regression > Claims Settlement Benefits","generated/raise-claim.test.ts","",""
"","0","Verify that the user is able to enter Pincode - TC_061","mobile-chrome","2026-08-14","skipped","2026-08-14","Car Dashboard - @smoke @regression","generated/car-module.test.ts","",""
"","0","Verify that the user is able to click on Articles - TC_173","webkit","2026-08-14","skipped","2026-08-14","Our partners (Health) - @regression > Insurer Landing Page Flow","generated/partners.test.ts","",""
"","0","Verify that the user is able to click on Download now CTA on the right side of the page - TC_151","mobile-chrome","2026-08-14","skipped","2026-08-14","Our partners (CAR) - @regression > Insurer Landing Page Flow","generated/partners.test.ts","",""
"","0","Verify that the user is able to get Find Advisor Popup - TC_085","firefox","2026-08-14","skipped","2026-08-14","Life - Shared Flows - @regression @advisor > Find Advisor Popup Flow","generated/shared-flows.test.ts","",""
"","1","Verify that the Importance of ThirdParty Car Insurance Policy section is displayed - TC_155","mobile-chrome","2026-08-14","skipped","2026-08-14","Third Party Car Insurance - @regression","generated/car-module.test.ts","",""
"","0","Verify that the ThirdParty vs Comprehensive Car Insurance Plans section is displayed - TC_168","chromium","2026-08-14","skipped","2026-08-14","Third Party Car Insurance - @regression","generated/car-module.test.ts","",""
"","1","Verify that the user should land on Insurer page after selecting Insurer - TC_138","firefox","2026-08-14","skipped","2026-08-14","Our partners (CAR) - @regression > Insurer Landing Page Flow","generated/partners.test.ts","",""
"","0","Verify that the user is able to click on Read More CTA - TC_146","firefox","2026-08-14","skipped","2026-08-14","Our partners (CAR) - @regression > Insurer Landing Page Flow","generated/partners.test.ts","",""
"","0","Verify that the user is able to select any Insurer from our Partner sections - TC_158","firefox","2026-08-14","skipped","2026-08-14","Our partners (Health) - @regression > Insurer Landing Page Flow","generated/partners.test.ts","",""
"","0","Verify that the claim form and required documents are mentioned - TC_345","mobile-safari","2026-08-14","skipped","2026-08-14","SBI Third Party - Claims - @regression","generated/car-module.test.ts","",""
"","0","Verify that the user is able to select Insurer type and click on Find Advisor should land on Find Ad - TC_033","webkit","2026-08-14","skipped","2026-08-14","Bike - Shared Flows - @regression @advisor > Home Page Flow","generated/shared-flows.test.ts","",""
"","0","Verify that the SBI Claim Settlement Ratio section is displayed - TC_250","mobile-safari","2026-08-14","skipped","2026-08-14","SBI Comprehensive - Claim Settlement Ratio - @regression","generated/car-module.test.ts","",""
"","1","Verify that the common Manage All Your Policies In One Place section is displayed - TC_362","firefox","2026-08-14","skipped","2026-08-14","SBI Third Party - Common Components - @regression","generated/car-module.test.ts","",""
"","0","Verify that the National car insurance option is clickable - TC_189","chromium","2026-08-14","skipped","2026-08-14","Third Party Car Insurance - Car Insurance Companies - @regression","generated/car-module.test.ts","",""
"","1","Verify that the SBI Claim Settlement Ratio section is displayed - TC_250","mobile-chrome","2026-08-14","skipped","2026-08-14","SBI Comprehensive - Claim Settlement Ratio - @regression","generated/car-module.test.ts","",""
"","0","Verify that an insurer link is clickable - TC_010","mobile-safari","2026-08-14","skipped","2026-08-14","Bike Dropdown & Navigation - @smoke @regression > Bike Insurance Companies","generated/dropdown-navigation.test.ts","",""
"","0","Verify that the middleside section navigation menu is displayed - TC_239","mobile-chrome","2026-08-14","skipped","2026-08-14","SBI Comprehensive - Top Section - @regression","generated/car-module.test.ts","",""
"","0","Verify that the breadcrumb is displayed on the National Car Insurance page - TC_041","mobile-chrome","2026-08-14","skipped","2026-08-14","National Car Insurance - @regression","generated/car-module.test.ts","",""
"","0","Verify that the information provided for each exclusion is displayed correctly - TC_092","mobile-safari","2026-08-14","skipped","2026-08-14","National Car Insurance Exclusions - @regression","generated/car-module.test.ts","",""
"","0","Verify that the How to Buy ThirdParty Car Insurance Online from Turtlemint section is displayed - TC_174","mobile-chrome","2026-08-14","skipped","2026-08-14","Third Party Car Insurance - @regression","generated/car-module.test.ts","",""
"","0","Verify that the policy cancellation FAQ is displayed - TC_450","webkit","2026-08-14","skipped","2026-08-14","Royal Sundaram Own Damage - FAQs - @regression","generated/car-module.test.ts","",""
"","0","Verify that the Importance of ThirdParty Car Insurance Policy option is clickable - TC_127","mobile-chrome","2026-08-14","skipped","2026-08-14","Third Party Car Insurance - Table of Contents - @regression","generated/car-module.test.ts","",""
"","0","Verify that Policies Issued should be present on top of the page - TC_162","mobile-safari","2026-08-14","skipped","2026-08-14","Our partners (Health) - @regression > Insurer Landing Page Flow","generated/partners.test.ts","",""
"","0","Verify that the Read More CTA is displayed - TC_389","mobile-chrome","2026-08-14","skipped","2026-08-14","Royal Sundaram Own Damage - Overview - @regression","generated/car-module.test.ts","",""
"","0","Verify that the car registration number field is displayed - TC_327","firefox","2026-08-14","skipped","2026-08-14","SBI Third Party - Premium Calculator - @regression","generated/car-module.test.ts","",""
"","0","Verify that the available addons are displayed - TC_085","webkit","2026-08-14","skipped","2026-08-14","National Car Insurance Add-ons - @regression","generated/car-module.test.ts","",""
"","0","Verify that the user should land on Insurer page after selecting Insurer - TC_159","chromium","2026-08-14","skipped","2026-08-14","Our partners (Health) - @regression > Insurer Landing Page Flow","generated/partners.test.ts","",""
"","0","Verify that the Documents Required For Claims section is displayed - TC_349","webkit","2026-08-14","skipped","2026-08-14","SBI Third Party - Documents Required - @regression","generated/car-module.test.ts","",""
"","0","Verify that the Exclusions navigation option is clickable - TC_059","webkit","2026-08-14","skipped","2026-08-14","National Car Insurance Navigation - @regression","generated/car-module.test.ts","",""
"","0","Verify that the Car Insurance Companies section is displayed - TC_182","mobile-chrome","2026-08-14","skipped","2026-08-14","Third Party Car Insurance - Car Insurance Companies - @regression","generated/car-module.test.ts","",""
"","25167","Verify that an insurer link is clickable - TC_020","chromium","2026-08-14","failed","2026-08-14","Life Dropdown & Navigation - @smoke @regression > Life Insurance Companies","generated/dropdown-navigation.test.ts","",""
"","0","Verify that Comprehensive plan cards display the required information - TC_226","firefox","2026-08-14","skipped","2026-08-14","Car Insurance - Top Car Insurance Plans - Comprehensive - @regression","generated/car-module.test.ts","",""
"","0","Verify that the SBI Customer Care number is displayed - TC_356","mobile-chrome","2026-08-14","skipped","2026-08-14","SBI Third Party - Customer Care - @regression","generated/car-module.test.ts","",""
"","0","Verify that the How are ThirdParty Car Insurance Premium Rates Calculated option is clickable - TC_131","mobile-safari","2026-08-14","skipped","2026-08-14","Third Party Car Insurance - Table of Contents - @regression","generated/car-module.test.ts","",""
"","0","Verify that the Addons menu navigates to the Addons section - TC_318","firefox","2026-08-14","skipped","2026-08-14","SBI Third Party - Section Navigation - @regression","generated/car-module.test.ts","",""
"","3","Verify that the TurtlemintPro introduction section is displayed - TC_032","mobile-safari","2026-08-14","skipped","2026-08-14","Become a POSP - @regression > TurtlemintPro Landing Page","generated/become-posp.test.ts","",""
"","0","Verify that the user is able to click on the Own Damage Car Insurance link - TC_053","firefox","2026-08-14","skipped","2026-08-14","National Car Insurance - @regression","generated/car-module.test.ts","",""
"","1","Verify that the user should get this Pincode not found for invalid Pincode - TC_090","mobile-safari","2026-08-14","skipped","2026-08-14","Life - Shared Flows - @regression @advisor > Find Advisor Popup Flow","generated/shared-flows.test.ts","",""
"","0","Verify that the When is ThirdParty Insurance Better than Comprehensive option is clickable - TC_142","mobile-chrome","2026-08-14","skipped","2026-08-14","Third Party Car Insurance - Table of Contents - @regression","generated/car-module.test.ts","",""
"","1","Verify that the Engine Guard addon is displayed - TC_269","mobile-chrome","2026-08-14","skipped","2026-08-14","SBI Comprehensive - Add-ons - @regression","generated/car-module.test.ts","",""
"","0","Verify that the More Insurers option is displayed - TC_366","firefox","2026-08-14","skipped","2026-08-14","SBI Third Party - Other Third Party Plans - @regression","generated/car-module.test.ts","",""
"","0","Verify that the user is able to enter Pincode - TC_035","webkit","2026-08-14","skipped","2026-08-14","Bike - Shared Flows - @regression @advisor > Find Advisor Popup Flow","generated/shared-flows.test.ts","",""
"","0","Verify that the common Manage All Your Policies In One Place section is displayed - TC_362","mobile-chrome","2026-08-14","skipped","2026-08-14","SBI Third Party - Common Components - @regression","generated/car-module.test.ts","",""
"","9535","Verify that after clicking Find Advisor user should redirect to Advisor listing page - TC_114","chromium","2026-08-14","passed","2026-08-14","Life Dropdown & Navigation - @smoke @regression > Life Landing Page Flow","generated/dropdown-navigation.test.ts","",""
"","0","Verify that the Top Car Insurance Plans section is displayed - TC_215","mobile-safari","2026-08-14","skipped","2026-08-14","Car Insurance - Top Car Insurance Plans - @regression","generated/car-module.test.ts","",""
"","0","Verify that the Addons option is clickable - TC_109","webkit","2026-08-14","skipped","2026-08-14","National Car Insurance - More - @regression","generated/car-module.test.ts","",""
"","0","Verify that the Latest Articles On SBI section is displayed - TC_358","mobile-chrome","2026-08-14","skipped","2026-08-14","SBI Third Party - Articles - @regression","generated/car-module.test.ts","",""
"","1","Verify that the Download Now CTA is displayed on the Raise a Claim page - TC_022","webkit","2026-08-14","skipped","2026-08-14","Raise a Claim - @regression > Raise a Claim Flow","generated/raise-claim.test.ts","",""
"","0","Verify that the Third Party Car Insurance option is displayed - TC_233","mobile-safari","2026-08-14","skipped","2026-08-14","SBI Comprehensive - Top Section - @regression","generated/car-module.test.ts","",""
"","0","Verify that the user is able to click on Insurer on the Insurer section - TC_176","firefox","2026-08-14","skipped","2026-08-14","Our partners (Health) - @regression > Insurer Landing Page Flow","generated/partners.test.ts","",""
"","1","Verify that the Articles menu navigates to the Articles section - TC_246","webkit","2026-08-14","skipped","2026-08-14","SBI Comprehensive - Section Navigation - @regression","generated/car-module.test.ts","",""
"","0","Verify that the SBI Premium Calculator section is displayed - TC_253","mobile-safari","2026-08-14","skipped","2026-08-14","SBI Comprehensive - Premium Calculator - @regression","generated/car-module.test.ts","",""
"","0","Verify that the insurance policy document requirement is displayed - TC_423","webkit","2026-08-14","skipped","2026-08-14","Royal Sundaram Own Damage - Documents Required - @regression","generated/car-module.test.ts","",""
"","0","Verify that the ThirdParty vs Comprehensive Car Insurance Plans section is displayed - TC_168","firefox","2026-08-14","skipped","2026-08-14","Third Party Car Insurance - @regression","generated/car-module.test.ts","",""
"","17689","Verify that the user is able to enter a car number - TC_044","chromium","2026-08-14","failed","2026-08-14","National Car Insurance - @regression","generated/car-module.test.ts","",""
"","0","Verify that Daily Cash is displayed - TC_404","webkit","2026-08-14","skipped","2026-08-14","Royal Sundaram Own Damage - Add-ons - @regression","generated/car-module.test.ts","",""
"","0","Verify that the Car Insurance Companies Similar To SBI section is displayed - TC_367","mobile-safari","2026-08-14","skipped","2026-08-14","SBI Third Party - Similar Car Insurance Companies - @regression","generated/car-module.test.ts","",""
"","0","Verify that the signed claim form requirement is displayed - TC_424","mobile-chrome","2026-08-14","skipped","2026-08-14","Royal Sundaram Own Damage - Documents Required - @regression","generated/car-module.test.ts","",""
"","17859","Verify that the claim process steps are displayed - TC_277","chromium","2026-08-14","failed","2026-08-14","SBI Comprehensive - Claims - @regression","generated/car-module.test.ts","",""
"","0","Verify that the Documents Required For Claims section is displayed - TC_283","firefox","2026-08-14","skipped","2026-08-14","SBI Comprehensive - Documents Required For Claims - @regression","generated/car-module.test.ts","",""
"","2","Verify that the More Insurers option is displayed and clickable - TC_446","chromium","2026-08-14","skipped","2026-08-14","Royal Sundaram Own Damage - Similar Car Insurance Companies - @regression","generated/car-module.test.ts","",""
"","0","Verify that an SBI article is clickable - TC_360","mobile-safari","2026-08-14","skipped","2026-08-14","SBI Third Party - Articles - @regression","generated/car-module.test.ts","",""
"","0","Verify that the user is able to click on Get a Quote CTA - TC_029","mobile-chrome","2026-08-14","skipped","2026-08-14","Bike - Shared Flows - @regression @advisor > Home Page Flow","generated/shared-flows.test.ts","",""
"","0","Verify that the Customer Care navigation option is clickable - TC_062","firefox","2026-08-14","skipped","2026-08-14","National Car Insurance Navigation - @regression","generated/car-module.test.ts","",""
"","18186","Verify that the Read More CTA is displayed - TC_354","chromium","2026-08-14","failed","2026-08-14","SBI Third Party - Documents Required - @regression","generated/car-module.test.ts","",""
"","1","Verify that the Read More CTA is displayed - TC_435","webkit","2026-08-14","skipped","2026-08-14","Royal Sundaram Own Damage - Renewal - @regression","generated/car-module.test.ts","",""
"","0","Verify that the user should not allow to enter alphabets - TC_091","mobile-safari","2026-08-14","skipped","2026-08-14","Life - Shared Flows - @regression @advisor > Find Advisor Popup Flow","generated/shared-flows.test.ts","",""
"","0","Verify that the Get Best Insurance Quotes For section is displayed - TC_150","webkit","2026-08-14","skipped","2026-08-14","Third Party Car Insurance - Get Best Insurance Quotes - @regression","generated/car-module.test.ts","",""
"","0","Verify that the Addons Under ThirdParty Car Insurance option is clickable - TC_139","chromium","2026-08-14","skipped","2026-08-14","Third Party Car Insurance - Table of Contents - @regression","generated/car-module.test.ts","",""
"","0","Verify that FIR requirement is displayed - TC_426","mobile-safari","2026-08-14","skipped","2026-08-14","Royal Sundaram Own Damage - Documents Required - @regression","generated/car-module.test.ts","",""
"","1","Verify that the Find Plans CTA is clickable - TC_194","firefox","2026-08-14","skipped","2026-08-14","Third Party Car Insurance - Find Plans - @regression","generated/car-module.test.ts","",""
"","0","Verify that the SBI Customer Care section is displayed - TC_288","mobile-chrome","2026-08-14","skipped","2026-08-14","SBI Comprehensive - Customer Care - @regression","generated/car-module.test.ts","",""
"","0","Verify that the Other Own Damage Car Insurance Plans section is displayed - TC_441","mobile-safari","2026-08-14","skipped","2026-08-14","Royal Sundaram Own Damage - Other Own Damage Plans - @regression","generated/car-module.test.ts","",""
"","0","Verify that the Premium Calculator navigation option is clickable - TC_057","webkit","2026-08-14","skipped","2026-08-14","National Car Insurance Navigation - @regression","generated/car-module.test.ts","",""
"","0","Verify that the Other Comprehensive Car Insurance Plans section is displayed - TC_295","mobile-chrome","2026-08-14","skipped","2026-08-14","SBI Comprehensive - Other Comprehensive Car Insurance Plans - @regression","generated/car-module.test.ts","",""
"","0","Verify that the user is able to click on the Comprehensive Car Insurance link - TC_052","firefox","2026-08-14","skipped","2026-08-14","National Car Insurance - @regression","generated/car-module.test.ts","",""
"","0","Verify that the Claim Settlement Ratio menu navigates to the Claim Settlement Ratio section - TC_244","firefox","2026-08-14","skipped","2026-08-14","SBI Comprehensive - Section Navigation - @regression","generated/car-module.test.ts","",""
"","16384","Verify that the user is navigated to the National Car Insurance page - TC_040","chromium","2026-08-14","failed","2026-08-14","National Car Insurance - @regression","generated/car-module.test.ts","",""
"","0","Verify that the user is able to get Book an Expert call Section of right side of page - TC_129","webkit","2026-08-14","skipped","2026-08-14","Our partners (BIKE) - @regression > Insurer Landing Page Flow","generated/partners.test.ts","",""
"","0","Verify that the available SBI article cards are displayed - TC_292","webkit","2026-08-14","skipped","2026-08-14","SBI Comprehensive - Latest Articles - @regression","generated/car-module.test.ts","",""
"","0","Verify that Comprehensive plan cards display the required information - TC_226","webkit","2026-08-14","skipped","2026-08-14","Car Insurance - Top Car Insurance Plans - Comprehensive - @regression","generated/car-module.test.ts","",""
"","0","Verify that the Get Quotes Without Car Number CTA is displayed - TC_373","mobile-chrome","2026-08-14","skipped","2026-08-14","Royal Sundaram Own Damage - Top Section - @regression","generated/car-module.test.ts","",""
"","0","Verify that the Check Premium CTA is displayed - TC_078","webkit","2026-08-14","skipped","2026-08-14","National Premium Calculator - @regression","generated/car-module.test.ts","",""
"","0","Verify that the What is ThirdParty Insurance for Car option is clickable - TC_126","webkit","2026-08-14","skipped","2026-08-14","Third Party Car Insurance - Table of Contents - @regression","generated/car-module.test.ts","",""
"","0","Verify that the claim intimation and claim reference number information is displayed - TC_278","firefox","2026-08-14","skipped","2026-08-14","SBI Comprehensive - Claims - @regression","generated/car-module.test.ts","",""
"","0","Verify that the National Car Insurance Renewal section is displayed - TC_093","firefox","2026-08-14","skipped","2026-08-14","National Car Insurance Renewal - @regression","generated/car-module.test.ts","",""
"","0","Verify that home functionality is redirecting to Homepage or not - TC_096","chromium","2026-08-14","skipped","2026-08-14","Life - Shared Flows - @regression @advisor > Advisor Listing Page Flow","generated/shared-flows.test.ts","",""
"","0","Verify that the breadcrumb is displayed - TC_120","mobile-chrome","2026-08-14","skipped","2026-08-14","Third Party Car Insurance - @regression","generated/car-module.test.ts","",""
"","0","Verify that the user is able to click on View all article CTA - TC_154","firefox","2026-08-14","skipped","2026-08-14","Our partners (CAR) - @regression > Insurer Landing Page Flow","generated/partners.test.ts","",""
"","0","Verify that the Policies Sold statistic is displayed - TC_214","mobile-chrome","2026-08-14","skipped","2026-08-14","Car Insurance - Insurance Experience - @regression","generated/car-module.test.ts","",""
"","0","Verify that the user is able to select Insurer type and click on Find Advisor should land on Find Ad - TC_059","mobile-safari","2026-08-14","skipped","2026-08-14","Car Dashboard - @smoke @regression","generated/car-module.test.ts","",""
"","0","Verify that the Get Quotes Without Car Number option is displayed - TC_206","firefox","2026-08-14","skipped","2026-08-14","Car Insurance - Top Quote Section - @regression","generated/car-module.test.ts","",""
"","0","Verify that the More Insurers option is displayed - TC_300","firefox","2026-08-14","skipped","2026-08-14","SBI Comprehensive - Similar Car Insurance Companies - @regression","generated/car-module.test.ts","",""
"","10176","Verify that the user should not allow to enter alphabets - TC_066","chromium","2026-08-14","passed","2026-08-14","Car Dashboard - @smoke @regression","generated/car-module.test.ts","",""
"","0","Verify that the Car Insurance Companies Similar To Royal Sundaram section is displayed - TC_445","mobile-chrome","2026-08-14","skipped","2026-08-14","Royal Sundaram Own Damage - Similar Car Insurance Companies - @regression","generated/car-module.test.ts","",""
"","0","Verify that saving For Child is clickable - TC_108","webkit","2026-08-14","skipped","2026-08-14","Life Landing Page - @regression @landing","generated/life-landing.test.ts","",""
"","25820","Verify that the Life Insurance option is clickable - TC_201","chromium","2026-08-14","failed","2026-08-14","Life Dropdown & Navigation - @smoke @regression > Life Insurance - Header Navigation","generated/dropdown-navigation.test.ts","",""
"","0","Verify that the Check Premium CTA is displayed - TC_078","firefox","2026-08-14","skipped","2026-08-14","National Premium Calculator - @regression","generated/car-module.test.ts","",""
"","1","Verify that after clicking Find Advisor user should redirect to Advisor listing page - TC_114","chromium","2026-08-14","skipped","2026-08-14","Life Landing Page - @regression @landing","generated/life-landing.test.ts","",""
"","0","Verify that this Please enter the pincode error message should come if user not enters pincode - TC_111","firefox","2026-08-14","skipped","2026-08-14","Life Dropdown & Navigation - @smoke @regression > Life Landing Page Flow","generated/dropdown-navigation.test.ts","",""
"","1","Verify that the user is able to click on Articles - TC_132","chromium","2026-08-14","skipped","2026-08-14","Our partners (BIKE) - @regression > Insurer Landing Page Flow","generated/partners.test.ts","",""
"","0","Verify that the Zero Depreciation addon is displayed - TC_263","webkit","2026-08-14","skipped","2026-08-14","SBI Comprehensive - Add-ons - @regression","generated/car-module.test.ts","",""
"","0","Verify that the Royal Sundaram Customer Care section is displayed - TC_429","webkit","2026-08-14","skipped","2026-08-14","Royal Sundaram Own Damage - Customer Care - @regression","generated/car-module.test.ts","",""
"","1","Verify that the Tyre and Rim Guard addon is displayed - TC_273","mobile-chrome","2026-08-14","skipped","2026-08-14","SBI Comprehensive - Add-ons - @regression","generated/car-module.test.ts","",""
"","0","Verify that the user is redirected to the Turtlemint Pro platform after clicking Become a POSP - TC_036","mobile-chrome","2026-08-14","skipped","2026-08-14","Become a POSP - @regression > POSP Navigation","generated/become-posp.test.ts","",""
"","1","Verify that the user is able to select Insurer from Our partner sectionand should and land on Insure - TC_115","webkit","2026-08-14","skipped","2026-08-14","Our partners (BIKE) - @regression > Home Page Flow","generated/partners.test.ts","",""
"","0","Verify that Third Party plan cards display the required information - TC_227","chromium","2026-08-14","skipped","2026-08-14","Car Insurance - Top Car Insurance Plans - Third Party - @regression","generated/car-module.test.ts","",""
"","0","Verify that the user should land on Insurer page after selecting Insurer - TC_138","mobile-chrome","2026-08-14","skipped","2026-08-14","Our partners (CAR) - @regression > Insurer Landing Page Flow","generated/partners.test.ts","",""
"","0","Verify that the rightside section navigation menu is displayed - TC_378","webkit","2026-08-14","skipped","2026-08-14","Royal Sundaram Own Damage - Section Navigation - @regression","generated/car-module.test.ts","",""
"","0","Verify that Own Damage coverage information is displayed - TC_387","chromium","2026-08-14","skipped","2026-08-14","Royal Sundaram Own Damage - Overview - @regression","generated/car-module.test.ts","",""
"","0","Verify that the Health dropdown is displayed - TC_011","mobile-safari","2026-08-14","skipped","2026-08-14","Health Dropdown & Navigation - @smoke @regression > Health Dropdown","generated/dropdown-navigation.test.ts","",""
"","0","Verify that Engine Protection is displayed - TC_409","firefox","2026-08-14","skipped","2026-08-14","Royal Sundaram Own Damage - Add-ons - @regression","generated/car-module.test.ts","",""
"","0","Verify that an insurer link is clickable - TC_020","mobile-safari","2026-08-14","skipped","2026-08-14","Life Dropdown & Navigation - @smoke @regression > Life Insurance Companies","generated/dropdown-navigation.test.ts","",""
"","0","Verify that plans are visible on page - TC_105","firefox","2026-08-14","skipped","2026-08-14","Life Landing Page - @regression @landing","generated/life-landing.test.ts","",""
"","0","Verify that the Importance of ThirdParty Car Insurance Policy option is clickable - TC_127","firefox","2026-08-14","skipped","2026-08-14","Third Party Car Insurance - Table of Contents - @regression","generated/car-module.test.ts","",""
"","0","Verify that the Latest Articles On SBI section is displayed - TC_291","webkit","2026-08-14","skipped","2026-08-14","SBI Comprehensive - Latest Articles - @regression","generated/car-module.test.ts","",""
"","9848","Verify that with invalid Pincode - TC_064","chromium","2026-08-14","passed","2026-08-14","Car Dashboard - @smoke @regression","generated/car-module.test.ts","",""
"","0","Verify that Cashless Claim and Reimbursement Claim options are displayed - TC_415","firefox","2026-08-14","skipped","2026-08-14","Royal Sundaram Own Damage - Claims - @regression","generated/car-module.test.ts","",""
"","0","Verify that the Ways to check vehicle insurance status link is clickable - TC_197","chromium","2026-08-14","skipped","2026-08-14","Third Party Car Insurance - Features - @regression","generated/car-module.test.ts","",""
"","0","Verify that the user is able to select Insurer from Our partner sectionand should and land on Insure - TC_177","mobile-chrome","2026-08-14","skipped","2026-08-14","Our partners (Life) - @regression > Insurer Landing Page Flow","generated/partners.test.ts","",""
"","0","Verify that an insurer namelogo is clickable - TC_219","firefox","2026-08-14","skipped","2026-08-14","Car Insurance - Top Car Insurance Plans - @regression","generated/car-module.test.ts","",""
"","0","Verify that the SBI Customer Care number is displayed - TC_289","mobile-chrome","2026-08-14","skipped","2026-08-14","SBI Comprehensive - Customer Care - @regression","generated/car-module.test.ts","",""
"","18830","Verify that all required documents are displayed - TC_101","chromium","2026-08-14","failed","2026-08-14","National Car Insurance Documents - @regression","generated/car-module.test.ts","",""
"","0","Verify that the FIR requirement is displayed - TC_286","mobile-safari","2026-08-14","skipped","2026-08-14","SBI Comprehensive - Documents Required For Claims - @regression","generated/car-module.test.ts","",""
"","0","Verify that the Car Insurance page header is displayed - TC_202","webkit","2026-08-14","skipped","2026-08-14","Car Insurance - Header - @regression","generated/car-module.test.ts","",""
"","0","Verify that the user is able to click on Download now CTA on the right side of the page - TC_171","chromium","2026-08-14","skipped","2026-08-14","Our partners (Health) - @regression > Insurer Landing Page Flow","generated/partners.test.ts","",""
"","0","Verify that the How to Renew ThirdParty Car Insurance Plan section is displayed - TC_173","mobile-chrome","2026-08-14","skipped","2026-08-14","Third Party Car Insurance - @regression","generated/car-module.test.ts","",""
"","16359","Verify that the user is able to click on the Own Damage Car Insurance link - TC_053","chromium","2026-08-14","failed","2026-08-14","National Car Insurance - @regression","generated/car-module.test.ts","",""
"","0","Verify that the customer contact number is displayed on the Raise a Claim page - TC_024","firefox","2026-08-14","skipped","2026-08-14","Raise a Claim - @regression > Contact Support","generated/raise-claim.test.ts","",""
"","0","Verify that RC and valid Driving License requirements are displayed - TC_425","webkit","2026-08-14","skipped","2026-08-14","Royal Sundaram Own Damage - Documents Required - @regression","generated/car-module.test.ts","",""
"","16846","Verify that the National Car Insurance Features section is displayed - TC_087","chromium","2026-08-14","failed","2026-08-14","National Car Insurance Features - @regression","generated/car-module.test.ts","",""
"","0","Verify that the user is able to enter a car number - TC_044","mobile-chrome","2026-08-14","skipped","2026-08-14","National Car Insurance - @regression","generated/car-module.test.ts","",""
"","0","Verify that the Top Car Insurance Plans section is displayed - TC_215","webkit","2026-08-14","skipped","2026-08-14","Car Insurance - Top Car Insurance Plans - @regression","generated/car-module.test.ts","",""
"","0","Verify that the user is able to click View More - TC_191","firefox","2026-08-14","skipped","2026-08-14","Third Party Car Insurance - Car Insurance Companies - @regression","generated/car-module.test.ts","",""
"","0","Verify that the renewalrelated CTAlink is displayed - TC_095","mobile-chrome","2026-08-14","skipped","2026-08-14","National Car Insurance Renewal - @regression","generated/car-module.test.ts","",""
"","0","Verify that the More Insurers option is displayed and clickable - TC_368","mobile-safari","2026-08-14","skipped","2026-08-14","SBI Third Party - Similar Car Insurance Companies - @regression","generated/car-module.test.ts","",""
"","0","Verify that the user should land on Insurer page after selecting Insurer - TC_138","mobile-safari","2026-08-14","skipped","2026-08-14","Our partners (CAR) - @regression > Insurer Landing Page Flow","generated/partners.test.ts","",""
"","0","Verify that the know about thirdparty car insurance link is clickable - TC_196","firefox","2026-08-14","skipped","2026-08-14","Third Party Car Insurance - Introduction - @regression","generated/car-module.test.ts","",""
"","0","Verify that all insurer options are displayed under Car Insurance Companies - TC_003","webkit","2026-08-14","skipped","2026-08-14","Car Dashboard - @smoke @regression","generated/car-module.test.ts","",""
"","0","Verify that the industry average claim settlement ratio is displayed - TC_392","mobile-chrome","2026-08-14","skipped","2026-08-14","Royal Sundaram Own Damage - Claim Settlement Ratio - @regression","generated/car-module.test.ts","",""
"","0","Verify that Personal Accident Cover is displayed - TC_410","mobile-chrome","2026-08-14","skipped","2026-08-14","Royal Sundaram Own Damage - Add-ons - @regression","generated/car-module.test.ts","",""
"","0","Verify that Own Damage plan cards display the required information - TC_228","mobile-chrome","2026-08-14","skipped","2026-08-14","Car Insurance - Top Car Insurance Plans - Own Damage - @regression","generated/car-module.test.ts","",""
"","0","Verify that the More Insurers option is displayed - TC_366","mobile-chrome","2026-08-14","skipped","2026-08-14","SBI Third Party - Other Third Party Plans - @regression","generated/car-module.test.ts","",""
"","0","Verify that the selected Insurer is present on top of the page - TC_016","mobile-safari","2026-08-14","skipped","2026-08-14","Health - Shared Flows - @regression @advisor > Advisor Listing Page Flow","generated/shared-flows.test.ts","",""
"","0","Verify that after entering valid pincode click on Submit should land on Advisor Listing Page - TC_041","webkit","2026-08-14","skipped","2026-08-14","Bike - Shared Flows - @regression @advisor > Find Advisor Popup Flow","generated/shared-flows.test.ts","",""
"","0","Verify that the Latest Articles section is displayed - TC_115","webkit","2026-08-14","skipped","2026-08-14","National Car Insurance Articles - @regression","generated/car-module.test.ts","",""
"","0","Verify that the National navigation option is clickable - TC_055","webkit","2026-08-14","skipped","2026-08-14","National Car Insurance Navigation - @regression","generated/car-module.test.ts","",""
"","0","Verify that the Royal Sundaram Car Insurance Renewal Process section is displayed - TC_432","mobile-safari","2026-08-14","skipped","2026-08-14","Royal Sundaram Own Damage - Renewal - @regression","generated/car-module.test.ts","",""
"","0","Verify that the car registration number field is displayed - TC_394","mobile-chrome","2026-08-14","skipped","2026-08-14","Royal Sundaram Own Damage - Premium Calculator - @regression","generated/car-module.test.ts","",""
"","0","Verify that the Overview menu navigates to the Overview section - TC_379","webkit","2026-08-14","skipped","2026-08-14","Royal Sundaram Own Damage - Section Navigation - @regression","generated/car-module.test.ts","",""
"","0","Verify that the How to Get the Cheapest ThirdParty Car Insurance section is displayed - TC_175","chromium","2026-08-14","skipped","2026-08-14","Third Party Car Insurance - @regression","generated/car-module.test.ts","",""
"","0","Verify that the Importance of ThirdParty Car Insurance Policy option is clickable - TC_127","chromium","2026-08-14","skipped","2026-08-14","Third Party Car Insurance - Table of Contents - @regression","generated/car-module.test.ts","",""
"","0","Verify that Tyre Cover is displayed - TC_407","mobile-chrome","2026-08-14","skipped","2026-08-14","Royal Sundaram Own Damage - Add-ons - @regression","generated/car-module.test.ts","",""
"","8410","Verify that home functionality is redirecting to Homepage or not - TC_071","chromium","2026-08-14","passed","2026-08-14","Car Dashboard - @smoke @regression","generated/car-module.test.ts","",""
"","1","Verify that the car registration number field is displayed - TC_203","mobile-safari","2026-08-14","skipped","2026-08-14","Car Insurance - Top Quote Section - @regression","generated/car-module.test.ts","",""
"","0","Verify that the customer support email is displayed on the Raise a Claim page - TC_025","firefox","2026-08-14","skipped","2026-08-14","Raise a Claim - @regression > Contact Support","generated/raise-claim.test.ts","",""
"","0","Verify that No of Branches should be present on top of the page - TC_144","mobile-safari","2026-08-14","skipped","2026-08-14","Our partners (CAR) - @regression > Insurer Landing Page Flow","generated/partners.test.ts","",""
"","0","Verify that the View All Articles CTA is displayed - TC_118","webkit","2026-08-14","skipped","2026-08-14","National Car Insurance Articles - @regression","generated/car-module.test.ts","",""
"","16873","Verify that the surveyor claim assessment information is displayed - TC_346","chromium","2026-08-14","failed","2026-08-14","SBI Third Party - Claims - @regression","generated/car-module.test.ts","",""
"","0","Verify that the Consumable Cover addon is displayed - TC_270","mobile-safari","2026-08-14","skipped","2026-08-14","SBI Comprehensive - Add-ons - @regression","generated/car-module.test.ts","",""
"","0","Verify that the user is able to collapse an expanded FAQ - TC_179","webkit","2026-08-14","skipped","2026-08-14","Third Party Car Insurance - FAQs - @regression","generated/car-module.test.ts","",""
"","0","Verify that the user is able to click on Get Quotes Without Bike Number CTA - TC_121","webkit","2026-08-14","skipped","2026-08-14","Our partners (BIKE) - @regression > Insurer Landing Page Flow","generated/partners.test.ts","",""
"","0","Verify that clicking Get Quotes opens the Profile Journey - TC_372","webkit","2026-08-14","skipped","2026-08-14","Royal Sundaram Own Damage - Top Section - @regression","generated/car-module.test.ts","",""
"","0","Verify that the cashless garage count is displayed - TC_238","mobile-safari","2026-08-14","skipped","2026-08-14","SBI Comprehensive - Top Section - @regression","generated/car-module.test.ts","",""
"","0","Verify that the user is able to select insurance type - TC_001","mobile-chrome","2026-08-14","skipped","2026-08-14","Health - Shared Flows - @regression @advisor > Home Page Flow","generated/shared-flows.test.ts","",""
"","1","Verify that the Features of ThirdParty Car Insurance option is clickable - TC_129","firefox","2026-08-14","skipped","2026-08-14","Third Party Car Insurance - Table of Contents - @regression","generated/car-module.test.ts","",""
"","0","Verify that advisor distance is visible - TC_076","mobile-safari","2026-08-14","skipped","2026-08-14","Car Dashboard - @smoke @regression","generated/car-module.test.ts","",""
"","0","Verify that the View More CTA is displayed - TC_190","mobile-chrome","2026-08-14","skipped","2026-08-14","Third Party Car Insurance - Car Insurance Companies - @regression","generated/car-module.test.ts","",""
"","9567","Verify that the user is able to enter pincode - TC_112","chromium","2026-08-14","passed","2026-08-14","Life Dropdown & Navigation - @smoke @regression > Life Landing Page Flow","generated/dropdown-navigation.test.ts","",""
"","0","Verify that Own Damage exclusions are mentioned in the overview - TC_388","chromium","2026-08-14","skipped","2026-08-14","Royal Sundaram Own Damage - Overview - @regression","generated/car-module.test.ts","",""
"","1","Verify that with invalid Pincode - TC_038","firefox","2026-08-14","skipped","2026-08-14","Bike - Shared Flows - @regression @advisor > Find Advisor Popup Flow","generated/shared-flows.test.ts","",""
"","0","Verify that once user scroll the page to bottom then the page tabs should be on TOP - TC_167","chromium","2026-08-14","skipped","2026-08-14","Our partners (Health) - @regression > Insurer Landing Page Flow","generated/partners.test.ts","",""
"","0","Verify that the Third Party Car Insurance option is displayed - TC_233","webkit","2026-08-14","skipped","2026-08-14","SBI Comprehensive - Top Section - @regression","generated/car-module.test.ts","",""
"","1","Verify that the user is able to enter a car number in the Premium Calculator - TC_077","webkit","2026-08-14","skipped","2026-08-14","National Premium Calculator - @regression","generated/car-module.test.ts","",""
"","0","Verify that the selected Insurer is present on top of the page - TC_068","mobile-chrome","2026-08-14","skipped","2026-08-14","Car Dashboard - @smoke @regression","generated/car-module.test.ts","",""
"","0","Verify that the Reimbursement Claim process is displayed - TC_420","mobile-safari","2026-08-14","skipped","2026-08-14","Royal Sundaram Own Damage - Claims - @regression","generated/car-module.test.ts","",""
"","0","Verify that the Trust Our Unmatched Experience In Insurance section is displayed - TC_210","chromium","2026-08-14","skipped","2026-08-14","Car Insurance - Insurance Experience - @regression","generated/car-module.test.ts","",""
"","0","Verify that the user is able to select any Insurer from our Partner sections - TC_137","webkit","2026-08-14","skipped","2026-08-14","Our partners (CAR) - @regression > Insurer Landing Page Flow","generated/partners.test.ts","",""
"","18245","Verify that the SBI Premium Calculator section is displayed - TC_253","chromium","2026-08-14","failed","2026-08-14","SBI Comprehensive - Premium Calculator - @regression","generated/car-module.test.ts","",""
"","0","Verify that all available insurers are displayed under Comprehensive plans - TC_229","mobile-safari","2026-08-14","skipped","2026-08-14","Car Insurance - Top Car Insurance Plans - Comprehensive - @regression","generated/car-module.test.ts","",""
"","0","Verify that the user should not allow to enter alphabets - TC_066","mobile-chrome","2026-08-14","skipped","2026-08-14","Car Dashboard - @smoke @regression","generated/car-module.test.ts","",""
"","0","Verify that this Please enter the pincode error message should come if user not enters pincode - TC_111","firefox","2026-08-14","skipped","2026-08-14","Life Landing Page - @regression @landing","generated/life-landing.test.ts","",""
"","0","Verify that once user scroll the page to bottom then the page tabs should be on TOP - TC_126","mobile-chrome","2026-08-14","skipped","2026-08-14","Our partners (BIKE) - @regression > Insurer Landing Page Flow","generated/partners.test.ts","",""
"","0","Verify that the available addons are displayed - TC_085","mobile-safari","2026-08-14","skipped","2026-08-14","National Car Insurance Add-ons - @regression","generated/car-module.test.ts","",""
"","0","Verify that the customer support email is displayed on the Raise a Claim page - TC_025","mobile-chrome","2026-08-14","skipped","2026-08-14","Raise a Claim - @regression > Contact Support","generated/raise-claim.test.ts","",""
"","0","Verify that the Check Premium CTA redirects to Profile Journey - TC_218","webkit","2026-08-14","skipped","2026-08-14","Car Insurance - Top Car Insurance Plans - @regression","generated/car-module.test.ts","",""
"","0","Verify that submit CTA is disable for blank Pincode - TC_062","webkit","2026-08-14","skipped","2026-08-14","Car Dashboard - @smoke @regression","generated/car-module.test.ts","",""
"","0","Verify that the user can select different Insurer from dropdown - TC_070","firefox","2026-08-14","skipped","2026-08-14","Car Dashboard - @smoke @regression","generated/car-module.test.ts","",""
"","0","Verify that the user is able to select insurance type - TC_079","mobile-chrome","2026-08-14","skipped","2026-08-14","Life - Shared Flows - @regression @advisor > Home Page Flow","generated/shared-flows.test.ts","",""
"","0","Verify that the car number input field is displayed in the Premium Calculator section - TC_076","webkit","2026-08-14","skipped","2026-08-14","National Premium Calculator - @regression","generated/car-module.test.ts","",""
"","15600","Verify that the More navigation option is displayed and clickable - TC_064","chromium","2026-08-14","failed","2026-08-14","National Car Insurance Navigation - @regression","generated/car-module.test.ts","",""
"","0","Verify that the Read More CTA is displayed - TC_428","mobile-chrome","2026-08-14","skipped","2026-08-14","Royal Sundaram Own Damage - Documents Required - @regression","generated/car-module.test.ts","",""
"","0","Verify that the National navigation menu is displayed - TC_054","webkit","2026-08-14","skipped","2026-08-14","National Car Insurance Navigation - @regression","generated/car-module.test.ts","",""
"","0","Verify that the common Book an Expert Call section is displayed - TC_439","mobile-chrome","2026-08-14","skipped","2026-08-14","Royal Sundaram Own Damage - Common Components - @regression","generated/car-module.test.ts","",""
"","0","Verify that the HDFC ERGO car insurance option is clickable - TC_187","firefox","2026-08-14","skipped","2026-08-14","Third Party Car Insurance - Car Insurance Companies - @regression","generated/car-module.test.ts","",""
"","0","Verify that the information provided for the required documents is displayed correctly - TC_102","webkit","2026-08-14","skipped","2026-08-14","National Car Insurance Documents - @regression","generated/car-module.test.ts","",""
"","0","Verify that the know about thirdparty car insurance link is clickable - TC_196","webkit","2026-08-14","skipped","2026-08-14","Third Party Car Insurance - Introduction - @regression","generated/car-module.test.ts","",""
"","0","Verify that the How Does ThirdParty Car Insurance Work section is displayed - TC_156","mobile-safari","2026-08-14","skipped","2026-08-14","Third Party Car Insurance - @regression","generated/car-module.test.ts","",""
"","0","Verify that the More Insurers option is displayed - TC_298","mobile-safari","2026-08-14","skipped","2026-08-14","SBI Comprehensive - Other Comprehensive Car Insurance Plans - @regression","generated/car-module.test.ts","",""
"","0","Verify that the Cashless Claim process is displayed - TC_416","chromium","2026-08-14","skipped","2026-08-14","Royal Sundaram Own Damage - Claims - @regression","generated/car-module.test.ts","",""
"","0","Verify that the Addons section is displayed - TC_398","webkit","2026-08-14","skipped","2026-08-14","Royal Sundaram Own Damage - Add-ons - @regression","generated/car-module.test.ts","",""
"","0","Verify that the Engine Guard addon is displayed - TC_269","webkit","2026-08-14","skipped","2026-08-14","SBI Comprehensive - Add-ons - @regression","generated/car-module.test.ts","",""
"","0","Verify that the additional insurer options are clickable - TC_193","chromium","2026-08-14","skipped","2026-08-14","Third Party Car Insurance - Car Insurance Companies - @regression","generated/car-module.test.ts","",""
"","0","Verify that the additional insurer options are clickable - TC_193","mobile-safari","2026-08-14","skipped","2026-08-14","Third Party Car Insurance - Car Insurance Companies - @regression","generated/car-module.test.ts","",""
"","0","Verify that RC and valid Driving License requirements are displayed - TC_425","mobile-chrome","2026-08-14","skipped","2026-08-14","Royal Sundaram Own Damage - Documents Required - @regression","generated/car-module.test.ts","",""
"","0","Verify that the car registration number field is displayed - TC_394","webkit","2026-08-14","skipped","2026-08-14","Royal Sundaram Own Damage - Premium Calculator - @regression","generated/car-module.test.ts","",""
"","20181","Verify that the Addons option is clickable - TC_109","chromium","2026-08-14","failed","2026-08-14","National Car Insurance - More - @regression","generated/car-module.test.ts","",""
"","0","Verify that the Points to Note When Raising a ThirdParty Car Insurance Claim option is clickable - TC_144","firefox","2026-08-14","skipped","2026-08-14","Third Party Car Insurance - Table of Contents - @regression","generated/car-module.test.ts","",""
"","0","Verify that the Policies Sold statistic is displayed - TC_214","webkit","2026-08-14","skipped","2026-08-14","Car Insurance - Insurance Experience - @regression","generated/car-module.test.ts","",""
"","0","Verify that the page heading is displayed - TC_121","mobile-chrome","2026-08-14","skipped","2026-08-14","Third Party Car Insurance - @regression","generated/car-module.test.ts","",""
"","1","Verify that a network hospital link is clickable - TC_016","firefox","2026-08-14","skipped","2026-08-14","Health Dropdown & Navigation - @smoke @regression > Network Hospitals","generated/dropdown-navigation.test.ts","",""
"","1","Verify that the user is able to click on the Play StoreApp download link - TC_039","mobile-safari","2026-08-14","skipped","2026-08-14","Become a POSP - @regression > Mobile App Navigation","generated/become-posp.test.ts","",""
"","0","Verify that the Documents Required For Claims section is displayed - TC_422","chromium","2026-08-14","skipped","2026-08-14","Royal Sundaram Own Damage - Documents Required - @regression","generated/car-module.test.ts","",""
"","1","Verify that customer testimonials are displayed on the Raise A Claim page - TC_030","mobile-safari","2026-08-14","skipped","2026-08-14","Raise a Claim - @regression > Customer Testimonials","generated/raise-claim.test.ts","",""
"","0","Verify that the industry average claim settlement ratio is displayed - TC_392","firefox","2026-08-14","skipped","2026-08-14","Royal Sundaram Own Damage - Claim Settlement Ratio - @regression","generated/car-module.test.ts","",""
"","0","Verify that the How are ThirdParty Car Insurance Premium Rates Calculated option is clickable - TC_131","firefox","2026-08-14","skipped","2026-08-14","Third Party Car Insurance - Table of Contents - @regression","generated/car-module.test.ts","",""
"","0","Verify that the Why Choose Turtlemint section is displayed - TC_176","firefox","2026-08-14","skipped","2026-08-14","Third Party Car Insurance - @regression","generated/car-module.test.ts","",""
"","0","Verify that Depreciation Waiver Cover is displayed - TC_399","mobile-safari","2026-08-14","skipped","2026-08-14","Royal Sundaram Own Damage - Add-ons - @regression","generated/car-module.test.ts","",""
"","0","Verify that advisor policy sold count is visible - TC_100","webkit","2026-08-14","skipped","2026-08-14","Life - Shared Flows - @regression @advisor > Advisor Listing Page Flow","generated/shared-flows.test.ts","",""
"","0","Verify that get In Touch CTA is clickable - TC_103","chromium","2026-08-14","skipped","2026-08-14","Life - Shared Flows - @regression @advisor > Advisor Listing Page Flow","generated/shared-flows.test.ts","",""
"","0","Verify that the claim amount above 1 lakh document requirement is displayed - TC_419","mobile-safari","2026-08-14","skipped","2026-08-14","Royal Sundaram Own Damage - Claims - @regression","generated/car-module.test.ts","",""
"","0","Verify that the user is able to get Book a free Consultation CTA of right side of page - TC_150","mobile-safari","2026-08-14","skipped","2026-08-14","Our partners (CAR) - @regression > Insurer Landing Page Flow","generated/partners.test.ts","",""
"","0","Verify that the Documents Required For Claims section is displayed - TC_422","firefox","2026-08-14","skipped","2026-08-14","Royal Sundaram Own Damage - Documents Required - @regression","generated/car-module.test.ts","",""
"","1","Verify that the Articles menu navigates to the Articles section - TC_246","mobile-chrome","2026-08-14","skipped","2026-08-14","SBI Comprehensive - Section Navigation - @regression","generated/car-module.test.ts","",""
"","0","Verify that the ICICI Lombard car insurance option is clickable - TC_188","webkit","2026-08-14","skipped","2026-08-14","Third Party Car Insurance - Car Insurance Companies - @regression","generated/car-module.test.ts","",""
"","1","Verify that the Claims menu navigates to the Claims section - TC_242","webkit","2026-08-14","skipped","2026-08-14","SBI Comprehensive - Section Navigation - @regression","generated/car-module.test.ts","",""
"","1","Verify that the Addons Under ThirdParty Car Insurance option is clickable - TC_139","mobile-safari","2026-08-14","skipped","2026-08-14","Third Party Car Insurance - Table of Contents - @regression","generated/car-module.test.ts","",""
"","0","Verify that all options under the More dropdown are displayed - TC_065","mobile-chrome","2026-08-14","skipped","2026-08-14","National Car Insurance Navigation - @regression","generated/car-module.test.ts","",""
"","0","Verify that only the selected FAQ answer is displayed when an FAQ is expanded - TC_180","mobile-safari","2026-08-14","skipped","2026-08-14","Third Party Car Insurance - FAQs - @regression","generated/car-module.test.ts","",""
"","0","Verify that advisor distance is visible - TC_101","firefox","2026-08-14","skipped","2026-08-14","Life - Shared Flows - @regression @advisor > Advisor Listing Page Flow","generated/shared-flows.test.ts","",""
"","19115","Verify that the Get Quotes CTA is displayed - TC_305","chromium","2026-08-14","failed","2026-08-14","SBI Third Party - Top Section - @regression","generated/car-module.test.ts","",""
"","17543","Verify that the repair and reimbursement information is displayed - TC_281","chromium","2026-08-14","failed","2026-08-14","SBI Comprehensive - Claims - @regression","generated/car-module.test.ts","",""
"","0","Verify that advisor profile picture is visible - TC_047","webkit","2026-08-14","skipped","2026-08-14","Bike - Shared Flows - @regression @advisor > Advisor Listing Page Flow","generated/shared-flows.test.ts","",""
"","0","Verify that the Get Quote Without Car Number CTA is displayed - TC_046","firefox","2026-08-14","skipped","2026-08-14","National Car Insurance - @regression","generated/car-module.test.ts","",""
"","0","Verify that the user is able to expand an FAQ question - TC_112","firefox","2026-08-14","skipped","2026-08-14","National Car Insurance FAQs - @regression","generated/car-module.test.ts","",""
"","1","Verify that the user is able to click on the Play StoreApp download link - TC_039","mobile-chrome","2026-08-14","skipped","2026-08-14","Become a POSP - @regression > Mobile App Navigation","generated/become-posp.test.ts","",""
"","0","Verify that the selected Insurer is present on top of the page - TC_042","firefox","2026-08-14","skipped","2026-08-14","Bike - Shared Flows - @regression @advisor > Advisor Listing Page Flow","generated/shared-flows.test.ts","",""
"","18221","Verify that the Comprehensive coverage information is displayed - TC_248","chromium","2026-08-14","failed","2026-08-14","SBI Comprehensive - Overview - @regression","generated/car-module.test.ts","",""
"","0","Verify that all network hospital options are displayed under Network Hospitals - TC_015","mobile-chrome","2026-08-14","skipped","2026-08-14","Health Dropdown & Navigation - @smoke @regression > Network Hospitals","generated/dropdown-navigation.test.ts","",""
"","0","Verify that the SBI Third Party Car Insurance Overview section is displayed - TC_320","mobile-chrome","2026-08-14","skipped","2026-08-14","SBI Third Party - Overview - @regression","generated/car-module.test.ts","",""
"","0","Verify that an insurer link is clickable - TC_010","firefox","2026-08-14","skipped","2026-08-14","Bike Dropdown & Navigation - @smoke @regression > Bike Insurance Companies","generated/dropdown-navigation.test.ts","",""
"","0","Verify that Own Damage plan cards display the required information - TC_228","chromium","2026-08-14","skipped","2026-08-14","Car Insurance - Top Car Insurance Plans - Own Damage - @regression","generated/car-module.test.ts","",""
"","0","Verify that Inconvenience Allowance is displayed - TC_337","mobile-safari","2026-08-14","skipped","2026-08-14","SBI Third Party - Add-ons - @regression","generated/car-module.test.ts","",""
"","0","Verify that the introductory content is displayed - TC_123","mobile-chrome","2026-08-14","skipped","2026-08-14","Third Party Car Insurance - @regression","generated/car-module.test.ts","",""
"","0","Verify that the Get Quotes CTA is displayed - TC_234","mobile-safari","2026-08-14","skipped","2026-08-14","SBI Comprehensive - Top Section - @regression","generated/car-module.test.ts","",""
"","0","Verify that the user is able to get Insurer list on the right side of the page - TC_175","webkit","2026-08-14","skipped","2026-08-14","Our partners (Health) - @regression > Insurer Landing Page Flow","generated/partners.test.ts","",""
"","0","Verify that the Bajaj car insurance option is clickable - TC_184","webkit","2026-08-14","skipped","2026-08-14","Third Party Car Insurance - Car Insurance Companies - @regression","generated/car-module.test.ts","",""
"","0","Verify that the Download Now CTA is displayed on the Raise a Claim page - TC_022","firefox","2026-08-14","skipped","2026-08-14","Raise a Claim - @regression > Raise a Claim Flow","generated/raise-claim.test.ts","",""
"","0","Verify that the User should get this Please select type of insurance to proceed to the next step mes - TC_031","mobile-chrome","2026-08-14","skipped","2026-08-14","Bike - Shared Flows - @regression @advisor > Home Page Flow","generated/shared-flows.test.ts","",""
"","0","Verify that Royal Sundarams claim settlement ratio is displayed - TC_391","mobile-safari","2026-08-14","skipped","2026-08-14","Royal Sundaram Own Damage - Claim Settlement Ratio - @regression","generated/car-module.test.ts","",""
"","0","Verify that the How To Raise A Claim Under SBI Comprehensive Car Insurance section is displayed - TC_276","mobile-chrome","2026-08-14","skipped","2026-08-14","SBI Comprehensive - Claims - @regression","generated/car-module.test.ts","",""
"","17853","Verify that an insurer link redirects to the corresponding page - TC_297","chromium","2026-08-14","failed","2026-08-14","SBI Comprehensive - Other Comprehensive Car Insurance Plans - @regression","generated/car-module.test.ts","",""
"","0","Verify that the user is able to click on an article - TC_117","webkit","2026-08-14","skipped","2026-08-14","National Car Insurance Articles - @regression","generated/car-module.test.ts","",""
"","0","Verify that the Documents Required For Claims section is displayed - TC_283","mobile-safari","2026-08-14","skipped","2026-08-14","SBI Comprehensive - Documents Required For Claims - @regression","generated/car-module.test.ts","",""
"","0","Verify that the available car insurance plan categories are displayed - TC_222","mobile-chrome","2026-08-14","skipped","2026-08-14","Car Insurance - Top Car Insurance Plans - @regression","generated/car-module.test.ts","",""
"","0","Verify that a valid car registration number can be entered - TC_328","firefox","2026-08-14","skipped","2026-08-14","SBI Third Party - Premium Calculator - @regression","generated/car-module.test.ts","",""
"","0","Verify that saving For Child is clickable - TC_108","firefox","2026-08-14","skipped","2026-08-14","Life Dropdown & Navigation - @smoke @regression > Life Landing Page Flow","generated/dropdown-navigation.test.ts","",""
"","0","Verify that submit CTA is disable for blank Pincode - TC_036","mobile-chrome","2026-08-14","skipped","2026-08-14","Bike - Shared Flows - @regression @advisor > Find Advisor Popup Flow","generated/shared-flows.test.ts","",""
"","0","Verify that Cashless Garages should be present on top of the page - TC_124","mobile-safari","2026-08-14","skipped","2026-08-14","Our partners (BIKE) - @regression > Insurer Landing Page Flow","generated/partners.test.ts","",""
"","16808","Verify that the Read More CTA is displayed for the Third Party plan - TC_072","chromium","2026-08-14","failed","2026-08-14","National Car Insurance Plans - @regression","generated/car-module.test.ts","",""
"","0","Verify that the Comprehensive plans are displayed - TC_223","webkit","2026-08-14","skipped","2026-08-14","Car Insurance - Top Car Insurance Plans - Comprehensive - @regression","generated/car-module.test.ts","",""
"","0","Verify that the KYC document requirements are displayed - TC_417","mobile-chrome","2026-08-14","skipped","2026-08-14","Royal Sundaram Own Damage - Claims - @regression","generated/car-module.test.ts","",""
"","1","Verify that the Driving License requirement is displayed - TC_285","webkit","2026-08-14","skipped","2026-08-14","SBI Comprehensive - Documents Required For Claims - @regression","generated/car-module.test.ts","",""
"","0","Verify that the industry average claim settlement ratio is displayed - TC_392","mobile-safari","2026-08-14","skipped","2026-08-14","Royal Sundaram Own Damage - Claim Settlement Ratio - @regression","generated/car-module.test.ts","",""
"","0","Verify that a valid car registration number can be entered - TC_328","mobile-chrome","2026-08-14","skipped","2026-08-14","SBI Third Party - Premium Calculator - @regression","generated/car-module.test.ts","",""
"","0","Verify that the user is able to click on Insurer on the Insurer section - TC_176","chromium","2026-08-14","skipped","2026-08-14","Our partners (Health) - @regression > Insurer Landing Page Flow","generated/partners.test.ts","",""
"","0","Verify that the threestep Royal Sundaram renewal process is displayed - TC_433","chromium","2026-08-14","skipped","2026-08-14","Royal Sundaram Own Damage - Renewal - @regression","generated/car-module.test.ts","",""
"","1","Verify that the Get Quotes Without Car Number CTA is displayed - TC_257","mobile-chrome","2026-08-14","skipped","2026-08-14","SBI Comprehensive - Premium Calculator - @regression","generated/car-module.test.ts","",""
"","0","Verify that the Buy Now CTA is displayed for the Comprehensive plan - TC_073","webkit","2026-08-14","skipped","2026-08-14","National Car Insurance Plans - @regression","generated/car-module.test.ts","",""
"","0","Verify that the Inclusions of ThirdParty Car Insurance section is displayed - TC_162","mobile-chrome","2026-08-14","skipped","2026-08-14","Third Party Car Insurance - @regression","generated/car-module.test.ts","",""
"","0","Verify that the user is able to enter a car number - TC_044","mobile-safari","2026-08-14","skipped","2026-08-14","National Car Insurance - @regression","generated/car-module.test.ts","",""
"","0","Verify that the SBI Premium Calculator section is displayed - TC_253","mobile-chrome","2026-08-14","skipped","2026-08-14","SBI Comprehensive - Premium Calculator - @regression","generated/car-module.test.ts","",""
"","0","Verify that the KYC document requirements are displayed - TC_417","chromium","2026-08-14","skipped","2026-08-14","Royal Sundaram Own Damage - Claims - @regression","generated/car-module.test.ts","",""
"","0","Verify that the User should get this Please select type of insurance to proceed to the next step mes - TC_031","mobile-safari","2026-08-14","skipped","2026-08-14","Bike - Shared Flows - @regression @advisor > Home Page Flow","generated/shared-flows.test.ts","",""
"","0","Verify that the Premium Calculator menu navigates to the Premium Calculator section - TC_380","firefox","2026-08-14","skipped","2026-08-14","Royal Sundaram Own Damage - Section Navigation - @regression","generated/car-module.test.ts","",""
"","19335","Verify that a valid car registration number can be entered - TC_328","chromium","2026-08-14","failed","2026-08-14","SBI Third Party - Premium Calculator - @regression","generated/car-module.test.ts","",""
"","0","Verify that after clicking Find Advisor user should redirect to Advisor listing page - TC_114","mobile-chrome","2026-08-14","skipped","2026-08-14","Life Landing Page - @regression @landing","generated/life-landing.test.ts","",""
"","0","Verify that the Articles option is clickable - TC_110","firefox","2026-08-14","skipped","2026-08-14","National Car Insurance - More - @regression","generated/car-module.test.ts","",""
"","0","Verify that the available claimrelated information is displayed - TC_098","firefox","2026-08-14","skipped","2026-08-14","National Car Insurance Claims - @regression","generated/car-module.test.ts","",""
"","0","Verify that the number of SBI branches is displayed - TC_237","firefox","2026-08-14","skipped","2026-08-14","SBI Comprehensive - Top Section - @regression","generated/car-module.test.ts","",""
"","0","Verify that an insurer link redirects to the corresponding Third Party page - TC_365","mobile-safari","2026-08-14","skipped","2026-08-14","SBI Third Party - Other Third Party Plans - @regression","generated/car-module.test.ts","",""
"","0","Verify that advisor distance is visible - TC_101","mobile-safari","2026-08-14","skipped","2026-08-14","Life - Shared Flows - @regression @advisor > Advisor Listing Page Flow","generated/shared-flows.test.ts","",""
"","17479","Verify that the Car Insurance Companies Similar To SBI section is displayed - TC_367","chromium","2026-08-14","failed","2026-08-14","SBI Third Party - Similar Car Insurance Companies - @regression","generated/car-module.test.ts","",""
"","0","Verify that the See All Plans CTA is displayed - TC_221","firefox","2026-08-14","skipped","2026-08-14","Car Insurance - Top Car Insurance Plans - @regression","generated/car-module.test.ts","",""
"","0","Verify that advisor profile picture is visible - TC_098","mobile-chrome","2026-08-14","skipped","2026-08-14","Life - Shared Flows - @regression @advisor > Advisor Listing Page Flow","generated/shared-flows.test.ts","",""
"","0","Verify that the claim process steps are displayed - TC_277","mobile-safari","2026-08-14","skipped","2026-08-14","SBI Comprehensive - Claims - @regression","generated/car-module.test.ts","",""
"","0","Verify that the More dropdown is displayed - TC_106","webkit","2026-08-14","skipped","2026-08-14","National Car Insurance - More - @regression","generated/car-module.test.ts","",""
"","0","Verify that once user scroll the page to bottom then the page tabs should be on TOP - TC_167","mobile-chrome","2026-08-14","skipped","2026-08-14","Our partners (Health) - @regression > Insurer Landing Page Flow","generated/partners.test.ts","",""
"","0","Verify that the ThirdParty Policy for Commercial Vehicles section is displayed - TC_161","webkit","2026-08-14","skipped","2026-08-14","Third Party Car Insurance - @regression","generated/car-module.test.ts","",""
"","0","Verify that the ICICI Lombard car insurance option is clickable - TC_188","mobile-safari","2026-08-14","skipped","2026-08-14","Third Party Car Insurance - Car Insurance Companies - @regression","generated/car-module.test.ts","",""
"","6321","Verify that the user is able to click on Find Advisor CTA - TC_054","chromium","2026-08-14","passed","2026-08-14","Car Dashboard - @smoke @regression","generated/car-module.test.ts","",""
"","0","Verify that the customer support email is displayed on the Raise a Claim page - TC_025","webkit","2026-08-14","skipped","2026-08-14","Raise a Claim - @regression > Contact Support","generated/raise-claim.test.ts","",""
"","1","Verify that the Why Join TurtlemintPro section is displayed - TC_033","mobile-safari","2026-08-14","skipped","2026-08-14","Become a POSP - @regression > Why Join TurtlemintPro","generated/become-posp.test.ts","",""
"","0","Verify that the Overview menu navigates to the Overview section - TC_313","webkit","2026-08-14","skipped","2026-08-14","SBI Third Party - Section Navigation - @regression","generated/car-module.test.ts","",""
"","0","Verify that the Registration Certificate requirement is displayed - TC_350","firefox","2026-08-14","skipped","2026-08-14","SBI Third Party - Documents Required - @regression","generated/car-module.test.ts","",""
"","1","Verify that the View More option is displayed - TC_411","firefox","2026-08-14","skipped","2026-08-14","Royal Sundaram Own Damage - Add-ons - @regression","generated/car-module.test.ts","",""
"","0","Verify that submit CTA is disable for blank Pincode - TC_062","mobile-chrome","2026-08-14","skipped","2026-08-14","Car Dashboard - @smoke @regression","generated/car-module.test.ts","",""
"","1","Verify that the Factors that Affect ThirdParty Insurance Premium option is clickable - TC_137","mobile-chrome","2026-08-14","skipped","2026-08-14","Third Party Car Insurance - Table of Contents - @regression","generated/car-module.test.ts","",""
"","0","Verify that customer testimonials are displayed on the Raise A Claim page - TC_030","webkit","2026-08-14","skipped","2026-08-14","Raise a Claim - @regression > Customer Testimonials","generated/raise-claim.test.ts","",""
"","0","Verify that the When is ThirdParty Insurance Better than Comprehensive option is clickable - TC_142","webkit","2026-08-14","skipped","2026-08-14","Third Party Car Insurance - Table of Contents - @regression","generated/car-module.test.ts","",""
"","1","Verify that the ThirdParty Policy for Commercial Vehicles option is clickable - TC_133","mobile-chrome","2026-08-14","skipped","2026-08-14","Third Party Car Insurance - Table of Contents - @regression","generated/car-module.test.ts","",""
"","20956","Verify that Inconvenience Allowance is displayed - TC_337","chromium","2026-08-14","failed","2026-08-14","SBI Third Party - Add-ons - @regression","generated/car-module.test.ts","",""
"","0","Verify that the SBI claim settlement ratio is displayed - TC_251","webkit","2026-08-14","skipped","2026-08-14","SBI Comprehensive - Claim Settlement Ratio - @regression","generated/car-module.test.ts","",""
"","0","Verify that the car insurance renewal link is clickable - TC_195","webkit","2026-08-14","skipped","2026-08-14","Third Party Car Insurance - Importance - @regression","generated/car-module.test.ts","",""
"","0","Verify that Royal Sundarams claim settlement ratio is displayed - TC_391","chromium","2026-08-14","skipped","2026-08-14","Royal Sundaram Own Damage - Claim Settlement Ratio - @regression","generated/car-module.test.ts","",""
"","0","Verify that the Get Quotes Without Car Number CTA is displayed - TC_079","webkit","2026-08-14","skipped","2026-08-14","National Premium Calculator - @regression","generated/car-module.test.ts","",""
"","0","Verify that submit CTA is disable for blank Pincode - TC_087","webkit","2026-08-14","skipped","2026-08-14","Life - Shared Flows - @regression @advisor > Find Advisor Popup Flow","generated/shared-flows.test.ts","",""
"","0","Verify that the How to Get the Cheapest ThirdParty Car Insurance section is displayed - TC_175","firefox","2026-08-14","skipped","2026-08-14","Third Party Car Insurance - @regression","generated/car-module.test.ts","",""
"","0","Verify that all insurer options are displayed under Car Insurance Companies - TC_003","mobile-chrome","2026-08-14","skipped","2026-08-14","Car Dashboard - @smoke @regression","generated/car-module.test.ts","",""
"","0","Verify that the How Does ThirdParty Car Insurance Work section is displayed - TC_156","chromium","2026-08-14","skipped","2026-08-14","Third Party Car Insurance - @regression","generated/car-module.test.ts","",""
"","0","Verify that the required claim documents are displayed in the claim process - TC_279","firefox","2026-08-14","skipped","2026-08-14","SBI Comprehensive - Claims - @regression","generated/car-module.test.ts","",""
"","19188","Verify that Return on Invoice is displayed - TC_338","chromium","2026-08-14","failed","2026-08-14","SBI Third Party - Add-ons - @regression","generated/car-module.test.ts","",""
"","0","Verify that all initially displayed car insurance companies are displayed - TC_183","mobile-safari","2026-08-14","skipped","2026-08-14","Third Party Car Insurance - Car Insurance Companies - @regression","generated/car-module.test.ts","",""
"","18557","Verify that Bifuel Kit Cover is displayed - TC_332","chromium","2026-08-14","failed","2026-08-14","SBI Third Party - Add-ons - @regression","generated/car-module.test.ts","",""
"","0","Verify that saving For Child is clickable - TC_108","mobile-chrome","2026-08-14","skipped","2026-08-14","Life Dropdown & Navigation - @smoke @regression > Life Landing Page Flow","generated/dropdown-navigation.test.ts","",""
"","0","Verify that the user should get this Pincode not found for invalid Pincode - TC_065","webkit","2026-08-14","skipped","2026-08-14","Car Dashboard - @smoke @regression","generated/car-module.test.ts","",""
"","0","Verify that Network Hospitals should be present on top of the page - TC_164","webkit","2026-08-14","skipped","2026-08-14","Our partners (Health) - @regression > Insurer Landing Page Flow","generated/partners.test.ts","",""
"","0","Verify that the ThirdParty Policy for Commercial Vehicles option is clickable - TC_133","chromium","2026-08-14","skipped","2026-08-14","Third Party Car Insurance - Table of Contents - @regression","generated/car-module.test.ts","",""
"","0","Verify that the User should redirect to Life landing page on clicking Get a Quote CTA - TC_104","mobile-safari","2026-08-14","skipped","2026-08-14","Life - Shared Flows - @regression @advisor > Home Page Flow","generated/shared-flows.test.ts","",""
"","0","Verify that the Importance of ThirdParty Car Insurance Policy option is clickable - TC_127","mobile-safari","2026-08-14","skipped","2026-08-14","Third Party Car Insurance - Table of Contents - @regression","generated/car-module.test.ts","",""
"","19417","Verify that the Latest Articles section is displayed - TC_115","chromium","2026-08-14","failed","2026-08-14","National Car Insurance Articles - @regression","generated/car-module.test.ts","",""
"","21520","Verify that the Personal Accident addon is displayed - TC_274","chromium","2026-08-14","failed","2026-08-14","SBI Comprehensive - Add-ons - @regression","generated/car-module.test.ts","",""
"","0","Verify that the LongTerm ThirdParty Cover for Five Years for Car Owners section is displayed - TC_166","mobile-chrome","2026-08-14","skipped","2026-08-14","Third Party Car Insurance - @regression","generated/car-module.test.ts","",""
"","1","Verify that the selected Insurer is present on top of the page - TC_068","mobile-safari","2026-08-14","skipped","2026-08-14","Car Dashboard - @smoke @regression","generated/car-module.test.ts","",""
"","0","Verify that the More navigation option is displayed and clickable - TC_064","mobile-safari","2026-08-14","skipped","2026-08-14","National Car Insurance Navigation - @regression","generated/car-module.test.ts","",""
"","0","Verify that the Car dropdown is displayed - TC_001","mobile-chrome","2026-08-14","skipped","2026-08-14","Car Dashboard - @smoke @regression","generated/car-module.test.ts","",""
"","0","Verify that the Addons Available Under SBI Car Insurance Plans section is displayed - TC_261","mobile-safari","2026-08-14","skipped","2026-08-14","SBI Comprehensive - Add-ons - @regression","generated/car-module.test.ts","",""
"","0","Verify that the No of Branches information card is displayed - TC_048","webkit","2026-08-14","skipped","2026-08-14","National Car Insurance - @regression","generated/car-module.test.ts","",""
"","0","Verify that the How are ThirdParty Car Insurance Premium Rates Calculated section is displayed - TC_159","mobile-safari","2026-08-14","skipped","2026-08-14","Third Party Car Insurance - @regression","generated/car-module.test.ts","",""
"","0","Verify that the Exclusions of ThirdParty Car Insurance section is displayed - TC_163","firefox","2026-08-14","skipped","2026-08-14","Third Party Car Insurance - @regression","generated/car-module.test.ts","",""
"","0","Verify that the user is able to click on Download now CTA on the right side of the page - TC_130","webkit","2026-08-14","skipped","2026-08-14","Our partners (BIKE) - @regression > Insurer Landing Page Flow","generated/partners.test.ts","",""
"","0","Verify that the National Car Insurance Exclusions section is displayed - TC_090","firefox","2026-08-14","skipped","2026-08-14","National Car Insurance Exclusions - @regression","generated/car-module.test.ts","",""
"","0","Verify that the user is able to enter pincode - TC_112","firefox","2026-08-14","skipped","2026-08-14","Life Dropdown & Navigation - @smoke @regression > Life Landing Page Flow","generated/dropdown-navigation.test.ts","",""
"","0","Verify that the branch count is displayed - TC_310","mobile-safari","2026-08-14","skipped","2026-08-14","SBI Third Party - Top Section - @regression","generated/car-module.test.ts","",""
"","0","Verify that the LongTerm ThirdParty Cover for Five Years for Car Owners section is displayed - TC_166","chromium","2026-08-14","skipped","2026-08-14","Third Party Car Insurance - @regression","generated/car-module.test.ts","",""
"","0","Verify that the insurance business features are displayed - TC_034","firefox","2026-08-14","skipped","2026-08-14","Become a POSP - @regression > Insurance Business Features","generated/become-posp.test.ts","",""
"","0","Verify that customer testimonials are displayed on the Raise A Claim page - TC_030","chromium","2026-08-14","skipped","2026-08-14","Raise a Claim - @regression > Customer Testimonials","generated/raise-claim.test.ts","",""
"","0","Verify that the Find Plans CTA is displayed - TC_122","webkit","2026-08-14","skipped","2026-08-14","Third Party Car Insurance - @regression","generated/car-module.test.ts","",""
"","20113","Verify that the Articles option is clickable - TC_110","chromium","2026-08-14","failed","2026-08-14","National Car Insurance - More - @regression","generated/car-module.test.ts","",""
"","0","Verify that a Royal Sundaram article is clickable - TC_438","chromium","2026-08-14","skipped","2026-08-14","Royal Sundaram Own Damage - Articles - @regression","generated/car-module.test.ts","",""
"","0","Verify that the user is able to click on Get a Quote CTA - TC_055","mobile-safari","2026-08-14","skipped","2026-08-14","Car Dashboard - @smoke @regression","generated/car-module.test.ts","",""
"","0","Verify that the User should redirect to Bike profile page on clicking Get a Quote CTA - TC_032","mobile-chrome","2026-08-14","skipped","2026-08-14","Bike - Shared Flows - @regression @advisor > Home Page Flow","generated/shared-flows.test.ts","",""
"","0","Verify that the View More option is displayed - TC_342","webkit","2026-08-14","skipped","2026-08-14","SBI Third Party - Add-ons - @regression","generated/car-module.test.ts","",""
"","0","Verify that the user is able to click View More - TC_191","webkit","2026-08-14","skipped","2026-08-14","Third Party Car Insurance - Car Insurance Companies - @regression","generated/car-module.test.ts","",""
"","0","Verify that plans are visible on page - TC_105","chromium","2026-08-14","skipped","2026-08-14","Life Landing Page - @regression @landing","generated/life-landing.test.ts","",""
"","0","Verify that the user should not allow to enter alphabets - TC_091","webkit","2026-08-14","skipped","2026-08-14","Life - Shared Flows - @regression @advisor > Find Advisor Popup Flow","generated/shared-flows.test.ts","",""
"","1","Verify that the Claims menu navigates to the Claims section - TC_242","mobile-safari","2026-08-14","skipped","2026-08-14","SBI Comprehensive - Section Navigation - @regression","generated/car-module.test.ts","",""
"","1","Verify that visit website CTA is visible on all advisor - TC_051","chromium","2026-08-14","skipped","2026-08-14","Bike - Shared Flows - @regression @advisor > Advisor Listing Page Flow","generated/shared-flows.test.ts","",""
"","0","Verify that Additional Roadside Assistance EMI Protector Tyre and Rim Guard and Personal Accident ar - TC_341","firefox","2026-08-14","skipped","2026-08-14","SBI Third Party - Add-ons - @regression","generated/car-module.test.ts","",""
"","0","Verify that the LongTerm ThirdParty Cover for Five Years for Car Owners option is clickable - TC_138","webkit","2026-08-14","skipped","2026-08-14","Third Party Car Insurance - Table of Contents - @regression","generated/car-module.test.ts","",""
"","1","Verify that the Claim Settlement Ratio menu navigates to the Claim Settlement Ratio section - TC_383","mobile-chrome","2026-08-14","skipped","2026-08-14","Royal Sundaram Own Damage - Section Navigation - @regression","generated/car-module.test.ts","",""
"","0","Verify that partner testimonials are displayed - TC_035","firefox","2026-08-14","skipped","2026-08-14","Become a POSP - @regression > Partner Testimonials","generated/become-posp.test.ts","",""
"","1","Verify that the required claim documents are displayed in the claim process - TC_279","webkit","2026-08-14","skipped","2026-08-14","SBI Comprehensive - Claims - @regression","generated/car-module.test.ts","",""
"","0","Verify that the warning against repairingdismantling the vehicle is displayed - TC_414","chromium","2026-08-14","skipped","2026-08-14","Royal Sundaram Own Damage - Claims - @regression","generated/car-module.test.ts","",""
"","0","Verify that the Check Premium CTA is displayed - TC_396","mobile-safari","2026-08-14","skipped","2026-08-14","Royal Sundaram Own Damage - Premium Calculator - @regression","generated/car-module.test.ts","",""
"","1","Verify that the user is able to click on Download now CTA on the right side of the page - TC_151","firefox","2026-08-14","skipped","2026-08-14","Our partners (CAR) - @regression > Insurer Landing Page Flow","generated/partners.test.ts","",""
"","0","Verify that the user is able to get Find Advisor Popup - TC_085","webkit","2026-08-14","skipped","2026-08-14","Life - Shared Flows - @regression @advisor > Find Advisor Popup Flow","generated/shared-flows.test.ts","",""
"","0","Verify that the selected Pincode is present on top of the page - TC_094","chromium","2026-08-14","skipped","2026-08-14","Life - Shared Flows - @regression @advisor > Advisor Listing Page Flow","generated/shared-flows.test.ts","",""
"","0","Verify that the cashless garage CTAlink is displayed - TC_083","firefox","2026-08-14","skipped","2026-08-14","National Cashless Garages - @regression","generated/car-module.test.ts","",""
"","0","Verify that get In Touch CTA is clickable - TC_052","chromium","2026-08-14","skipped","2026-08-14","Bike - Shared Flows - @regression @advisor > Advisor Listing Page Flow","generated/shared-flows.test.ts","",""
"","0","Verify that clicking on Plans it redirect to life Profile page - TC_110","mobile-chrome","2026-08-14","skipped","2026-08-14","Life Landing Page - @regression @landing","generated/life-landing.test.ts","",""
"","1","Verify that the selected Pincode is present on top of the page - TC_094","mobile-safari","2026-08-14","skipped","2026-08-14","Life - Shared Flows - @regression @advisor > Advisor Listing Page Flow","generated/shared-flows.test.ts","",""
"","0","Verify that the three insurance options are displayed - TC_207","chromium","2026-08-14","skipped","2026-08-14","Car Insurance - Top Quote Section - @regression","generated/car-module.test.ts","",""
"","0","Verify that the user is able to select Insurer from Our partner sectionand should and land on Insure - TC_115","mobile-chrome","2026-08-14","skipped","2026-08-14","Our partners (BIKE) - @regression > Home Page Flow","generated/partners.test.ts","",""
"","0","Verify that the user is able to click on Find Advisor CTA - TC_054","webkit","2026-08-14","skipped","2026-08-14","Car Dashboard - @smoke @regression","generated/car-module.test.ts","",""
"","0","Verify that the common Manage All Your Policies In One Place section is displayed - TC_440","webkit","2026-08-14","skipped","2026-08-14","Royal Sundaram Own Damage - Common Components - @regression","generated/car-module.test.ts","",""
"","0","Verify that all required documents are displayed - TC_101","firefox","2026-08-14","skipped","2026-08-14","National Car Insurance Documents - @regression","generated/car-module.test.ts","",""
"","1","Verify that the How to Renew ThirdParty Car Insurance Plan section is displayed - TC_173","firefox","2026-08-14","skipped","2026-08-14","Third Party Car Insurance - @regression","generated/car-module.test.ts","",""
"","0","Verify that the user is able to get Book a free Consultation CTA of right side of page - TC_170","mobile-chrome","2026-08-14","skipped","2026-08-14","Our partners (Health) - @regression > Insurer Landing Page Flow","generated/partners.test.ts","",""
"","0","Verify that the SBI Claim Settlement Ratio section is displayed - TC_250","webkit","2026-08-14","skipped","2026-08-14","SBI Comprehensive - Claim Settlement Ratio - @regression","generated/car-module.test.ts","",""
"","0","Verify that the surveyor claim assessment information is displayed - TC_346","mobile-chrome","2026-08-14","skipped","2026-08-14","SBI Third Party - Claims - @regression","generated/car-module.test.ts","",""
"","1","Verify that thirdparty damage details requirement is displayed - TC_287","firefox","2026-08-14","skipped","2026-08-14","SBI Comprehensive - Documents Required For Claims - @regression","generated/car-module.test.ts","",""
"","0","Verify that the user is able to click on articles on the bottom of the page - TC_172","webkit","2026-08-14","skipped","2026-08-14","Our partners (Health) - @regression > Insurer Landing Page Flow","generated/partners.test.ts","",""
"","0","Verify that the ThirdParty vs Comprehensive Car Insurance Plans section is displayed - TC_168","webkit","2026-08-14","skipped","2026-08-14","Third Party Car Insurance - @regression","generated/car-module.test.ts","",""
"","1","Verify that saving For Child is clickable - TC_108","chromium","2026-08-14","skipped","2026-08-14","Life Landing Page - @regression @landing","generated/life-landing.test.ts","",""
"","0","Verify that all sections are displayed in the Car dropdown - TC_002","mobile-safari","2026-08-14","skipped","2026-08-14","Car Dashboard - @smoke @regression","generated/car-module.test.ts","",""
"","0","Verify that the user should get this Pincode not found for invalid Pincode - TC_090","chromium","2026-08-14","skipped","2026-08-14","Life - Shared Flows - @regression @advisor > Find Advisor Popup Flow","generated/shared-flows.test.ts","",""
"","0","Verify that submit CTA is disable for blank Pincode - TC_062","firefox","2026-08-14","skipped","2026-08-14","Car Dashboard - @smoke @regression","generated/car-module.test.ts","",""
"","0","Verify that the insurance type links are displayed below the National Car Insurance heading - TC_050","firefox","2026-08-14","skipped","2026-08-14","National Car Insurance - @regression","generated/car-module.test.ts","",""
"","0","Verify that Key Replacement is displayed - TC_335","mobile-chrome","2026-08-14","skipped","2026-08-14","SBI Third Party - Add-ons - @regression","generated/car-module.test.ts","",""
"","0","Verify that the user should not allow to enter alphabets - TC_040","mobile-chrome","2026-08-14","skipped","2026-08-14","Bike - Shared Flows - @regression @advisor > Find Advisor Popup Flow","generated/shared-flows.test.ts","",""
"","0","Verify that the Inclusions of ThirdParty Car Insurance section is displayed - TC_162","mobile-safari","2026-08-14","skipped","2026-08-14","Third Party Car Insurance - @regression","generated/car-module.test.ts","",""
"","1","Verify that the Addons option is clickable - TC_109","mobile-chrome","2026-08-14","skipped","2026-08-14","National Car Insurance - More - @regression","generated/car-module.test.ts","",""
"","0","Verify that the Addons Available Under SBI Car Insurance Plans section is displayed - TC_261","mobile-chrome","2026-08-14","skipped","2026-08-14","SBI Comprehensive - Add-ons - @regression","generated/car-module.test.ts","",""
"","0","Verify that advisor experience count is visible - TC_099","webkit","2026-08-14","skipped","2026-08-14","Life - Shared Flows - @regression @advisor > Advisor Listing Page Flow","generated/shared-flows.test.ts","",""
"","1","Verify that the TurtlemintPro introduction section is displayed - TC_032","webkit","2026-08-14","skipped","2026-08-14","Become a POSP - @regression > TurtlemintPro Landing Page","generated/become-posp.test.ts","",""
"","0","Verify that all available insurers are displayed under Comprehensive plans - TC_229","webkit","2026-08-14","skipped","2026-08-14","Car Insurance - Top Car Insurance Plans - Comprehensive - @regression","generated/car-module.test.ts","",""
"","18186","Verify that the SBI Comprehensive Car Insurance Overview section is displayed - TC_247","chromium","2026-08-14","failed","2026-08-14","SBI Comprehensive - Overview - @regression","generated/car-module.test.ts","",""
"","0","Verify that clicking Get Quotes opens Profile Journey - TC_306","firefox","2026-08-14","skipped","2026-08-14","SBI Third Party - Top Section - @regression","generated/car-module.test.ts","",""
"","9406","Verify that the user is able to get Find Advisor Popup - TC_060","chromium","2026-08-14","passed","2026-08-14","Car Dashboard - @smoke @regression","generated/car-module.test.ts","",""
"","0","Verify that advisor profile picture is visible - TC_047","firefox","2026-08-14","skipped","2026-08-14","Bike - Shared Flows - @regression @advisor > Advisor Listing Page Flow","generated/shared-flows.test.ts","",""
"","15808","Verify that the rightside section navigation menu is displayed - TC_312","chromium","2026-08-14","failed","2026-08-14","SBI Third Party - Section Navigation - @regression","generated/car-module.test.ts","",""
"","0","Verify that the How to Get the Cheapest ThirdParty Car Insurance section is displayed - TC_175","webkit","2026-08-14","skipped","2026-08-14","Third Party Car Insurance - @regression","generated/car-module.test.ts","",""
"","0","Verify that an SBI article is clickable - TC_360","mobile-chrome","2026-08-14","skipped","2026-08-14","SBI Third Party - Articles - @regression","generated/car-module.test.ts","",""
"","0","Verify that the user is able to click on the Comprehensive Car Insurance link - TC_052","mobile-safari","2026-08-14","skipped","2026-08-14","National Car Insurance - @regression","generated/car-module.test.ts","",""
"","0","Verify that the CNGLPG kit FAQ is displayed - TC_452","mobile-safari","2026-08-14","skipped","2026-08-14","Royal Sundaram Own Damage - FAQs - @regression","generated/car-module.test.ts","",""
"","0","Verify that once user scroll the page to bottom then the page tabs should be on TOP - TC_147","mobile-safari","2026-08-14","skipped","2026-08-14","Our partners (CAR) - @regression > Insurer Landing Page Flow","generated/partners.test.ts","",""
"","0","Verify that the Read More CTA is displayed - TC_421","firefox","2026-08-14","skipped","2026-08-14","Royal Sundaram Own Damage - Claims - @regression","generated/car-module.test.ts","",""
"","0","Verify that the What Is Car Insurance section is displayed - TC_208","mobile-chrome","2026-08-14","skipped","2026-08-14","Car Insurance - Introduction - @regression","generated/car-module.test.ts","",""
"","17603","Verify that the Customer Care section is displayed - TC_103","chromium","2026-08-14","failed","2026-08-14","National Car Insurance Customer Care - @regression","generated/car-module.test.ts","",""
"","1","Verify that the Claim Settlement Ratio menu navigates to the Claim Settlement Ratio section - TC_244","webkit","2026-08-14","skipped","2026-08-14","SBI Comprehensive - Section Navigation - @regression","generated/car-module.test.ts","",""
"","0","Verify that with invalid Pincode - TC_064","firefox","2026-08-14","skipped","2026-08-14","Car Dashboard - @smoke @regression","generated/car-module.test.ts","",""
"","0","Verify that the Claim Settlement Ratio menu navigates to the Claim Settlement Ratio section - TC_317","webkit","2026-08-14","skipped","2026-08-14","SBI Third Party - Section Navigation - @regression","generated/car-module.test.ts","",""
"","0","Verify that the National Car Insurance customer care information is displayed - TC_104","firefox","2026-08-14","skipped","2026-08-14","National Car Insurance Customer Care - @regression","generated/car-module.test.ts","",""
"","0","Verify that the Generali Central car insurance option is clickable - TC_186","mobile-safari","2026-08-14","skipped","2026-08-14","Third Party Car Insurance - Car Insurance Companies - @regression","generated/car-module.test.ts","",""
"","0","Verify that the insurance policy document requirement is displayed - TC_423","chromium","2026-08-14","skipped","2026-08-14","Royal Sundaram Own Damage - Documents Required - @regression","generated/car-module.test.ts","",""
"","1","Verify that on clicking Plans tab user should redirect to that particular section on page - TC_168","firefox","2026-08-14","skipped","2026-08-14","Our partners (Health) - @regression > Insurer Landing Page Flow","generated/partners.test.ts","",""
"","0","Verify that the More dropdown is displayed - TC_106","mobile-safari","2026-08-14","skipped","2026-08-14","National Car Insurance - More - @regression","generated/car-module.test.ts","",""
"","17389","Verify that the claim intimation and claim reference number information is displayed - TC_344","chromium","2026-08-14","failed","2026-08-14","SBI Third Party - Claims - @regression","generated/car-module.test.ts","",""
"","0","Verify that the Articles option is clickable - TC_110","webkit","2026-08-14","skipped","2026-08-14","National Car Insurance - More - @regression","generated/car-module.test.ts","",""
"","0","Verify that the National insurer logoheader is displayed - TC_042","webkit","2026-08-14","skipped","2026-08-14","National Car Insurance - @regression","generated/car-module.test.ts","",""
"","0","Verify that the user is able to get Insurer list on the right side of the page - TC_175","mobile-safari","2026-08-14","skipped","2026-08-14","Our partners (Health) - @regression > Insurer Landing Page Flow","generated/partners.test.ts","",""
"","16664","Verify that the SBI Customer Care number is displayed - TC_289","chromium","2026-08-14","failed","2026-08-14","SBI Comprehensive - Customer Care - @regression","generated/car-module.test.ts","",""
"","1","Verify that the Premium Calculator provides the expected informationinstructions to the user - TC_080","mobile-chrome","2026-08-14","skipped","2026-08-14","National Premium Calculator - @regression","generated/car-module.test.ts","",""
"","0","Verify that visit website CTA is visible on all advisor - TC_077","mobile-chrome","2026-08-14","skipped","2026-08-14","Car Dashboard - @smoke @regression","generated/car-module.test.ts","",""
"","0","Verify that the Importance of ThirdParty Car Insurance Policy section is displayed - TC_155","mobile-safari","2026-08-14","skipped","2026-08-14","Third Party Car Insurance - @regression","generated/car-module.test.ts","",""
"","0","Verify that the Premium Calculator menu navigates to the Premium Calculator section - TC_241","firefox","2026-08-14","skipped","2026-08-14","SBI Comprehensive - Section Navigation - @regression","generated/car-module.test.ts","",""
"","0","Verify that the National Premium Calculator section is displayed - TC_075","webkit","2026-08-14","skipped","2026-08-14","National Premium Calculator - @regression","generated/car-module.test.ts","",""
"","0","Verify that the Customer Care section is displayed - TC_103","firefox","2026-08-14","skipped","2026-08-14","National Car Insurance Customer Care - @regression","generated/car-module.test.ts","",""
"","0","Verify that advisor profile picture is visible - TC_047","mobile-chrome","2026-08-14","skipped","2026-08-14","Bike - Shared Flows - @regression @advisor > Advisor Listing Page Flow","generated/shared-flows.test.ts","",""
"","19416","Verify that the user is able to click on an article - TC_117","chromium","2026-08-14","failed","2026-08-14","National Car Insurance Articles - @regression","generated/car-module.test.ts","",""
"","0","Verify that the Royal Sundaram Own Damage Car Insurance Overview section is displayed - TC_386","mobile-safari","2026-08-14","skipped","2026-08-14","Royal Sundaram Own Damage - Overview - @regression","generated/car-module.test.ts","",""
"","0","Verify that the Advisor list are relevent to selected Insurer or not - TC_046","firefox","2026-08-14","skipped","2026-08-14","Bike - Shared Flows - @regression @advisor > Advisor Listing Page Flow","generated/shared-flows.test.ts","",""
"","1","Verify that the Articles menu navigates to the Articles section - TC_319","firefox","2026-08-14","skipped","2026-08-14","SBI Third Party - Section Navigation - @regression","generated/car-module.test.ts","",""
"","0","Verify that the Inclusions of ThirdParty Car Insurance option is clickable - TC_134","chromium","2026-08-14","skipped","2026-08-14","Third Party Car Insurance - Table of Contents - @regression","generated/car-module.test.ts","",""
"","0","Verify that Additional Roadside Assistance EMI Protector Tyre and Rim Guard and Personal Accident ar - TC_341","mobile-chrome","2026-08-14","skipped","2026-08-14","SBI Third Party - Add-ons - @regression","generated/car-module.test.ts","",""
"","16823","Verify that the SBI Customer Care section is displayed - TC_288","chromium","2026-08-14","failed","2026-08-14","SBI Comprehensive - Customer Care - @regression","generated/car-module.test.ts","",""
"","0","Verify that the Features of ThirdParty Car Insurance section is displayed - TC_157","mobile-chrome","2026-08-14","skipped","2026-08-14","Third Party Car Insurance - @regression","generated/car-module.test.ts","",""
"","0","Verify that the Customer Care section is displayed - TC_103","mobile-safari","2026-08-14","skipped","2026-08-14","National Car Insurance Customer Care - @regression","generated/car-module.test.ts","",""
"","0","Verify that the starting premium is displayed - TC_236","webkit","2026-08-14","skipped","2026-08-14","SBI Comprehensive - Top Section - @regression","generated/car-module.test.ts","",""
"","0","Verify that the View More option is displayed in the FAQs section - TC_114","mobile-chrome","2026-08-14","skipped","2026-08-14","National Car Insurance FAQs - @regression","generated/car-module.test.ts","",""
"","0","Verify that the Factors that Affect ThirdParty Insurance Premium option is clickable - TC_137","chromium","2026-08-14","skipped","2026-08-14","Third Party Car Insurance - Table of Contents - @regression","generated/car-module.test.ts","",""
"","0","Verify that the National car insurance option is clickable - TC_189","mobile-safari","2026-08-14","skipped","2026-08-14","Third Party Car Insurance - Car Insurance Companies - @regression","generated/car-module.test.ts","",""
"","0","Verify that the FIR requirement is displayed - TC_352","firefox","2026-08-14","skipped","2026-08-14","SBI Third Party - Documents Required - @regression","generated/car-module.test.ts","",""
"","0","Verify that pension retirement is clickable - TC_109","mobile-safari","2026-08-14","skipped","2026-08-14","Life Dropdown & Navigation - @smoke @regression > Life Landing Page Flow","generated/dropdown-navigation.test.ts","",""
"","0","Verify that the SBI Claim Settlement Ratio section is displayed - TC_250","firefox","2026-08-14","skipped","2026-08-14","SBI Comprehensive - Claim Settlement Ratio - @regression","generated/car-module.test.ts","",""
"","0","Verify that Cashless Garages should be present on top of the page - TC_145","mobile-chrome","2026-08-14","skipped","2026-08-14","Our partners (CAR) - @regression > Insurer Landing Page Flow","generated/partners.test.ts","",""
"","0","Verify that the user is able to complete the action successfully click on Read More Dropdown - TC_128","mobile-safari","2026-08-14","skipped","2026-08-14","Our partners (BIKE) - @regression > Insurer Landing Page Flow","generated/partners.test.ts","",""
"","0","Verify that the Life Insurance option is clickable - TC_201","webkit","2026-08-14","skipped","2026-08-14","Life Dropdown & Navigation - @smoke @regression > Life Insurance - Header Navigation","generated/dropdown-navigation.test.ts","",""
"","0","Verify that on clicking Plans tab user should redirect to that particular section on page - TC_127","webkit","2026-08-14","skipped","2026-08-14","Our partners (BIKE) - @regression > Insurer Landing Page Flow","generated/partners.test.ts","",""
"","0","Verify that Return on Invoice is displayed - TC_338","webkit","2026-08-14","skipped","2026-08-14","SBI Third Party - Add-ons - @regression","generated/car-module.test.ts","",""
"","0","Verify that the user is able to click on Articles - TC_153","firefox","2026-08-14","skipped","2026-08-14","Our partners (CAR) - @regression > Insurer Landing Page Flow","generated/partners.test.ts","",""
"","1","Verify that Lifetime Road Tax Clause is displayed - TC_408","mobile-safari","2026-08-14","skipped","2026-08-14","Royal Sundaram Own Damage - Add-ons - @regression","generated/car-module.test.ts","",""
"","0","Verify that with invalid Pincode - TC_064","mobile-chrome","2026-08-14","skipped","2026-08-14","Car Dashboard - @smoke @regression","generated/car-module.test.ts","",""
"","0","Verify that the Buy Now CTA is displayed for the Third Party plan - TC_074","mobile-safari","2026-08-14","skipped","2026-08-14","National Car Insurance Plans - @regression","generated/car-module.test.ts","",""
"","0","Verify that the user is able to click on View all article CTA - TC_154","mobile-safari","2026-08-14","skipped","2026-08-14","Our partners (CAR) - @regression > Insurer Landing Page Flow","generated/partners.test.ts","",""
"","0","Verify that the insurance type links are displayed below the National Car Insurance heading - TC_050","mobile-safari","2026-08-14","skipped","2026-08-14","National Car Insurance - @regression","generated/car-module.test.ts","",""
"","0","Verify that the View More option is displayed - TC_342","firefox","2026-08-14","skipped","2026-08-14","SBI Third Party - Add-ons - @regression","generated/car-module.test.ts","",""
"","18826","Verify that the Documents Required section is displayed - TC_100","chromium","2026-08-14","failed","2026-08-14","National Car Insurance Documents - @regression","generated/car-module.test.ts","",""
"","17869","Verify that the Read More CTA is displayed - TC_348","chromium","2026-08-14","failed","2026-08-14","SBI Third Party - Claims - @regression","generated/car-module.test.ts","",""
"","0","Verify that the Personal Belonging Cover addon is displayed - TC_266","mobile-chrome","2026-08-14","skipped","2026-08-14","SBI Comprehensive - Add-ons - @regression","generated/car-module.test.ts","",""
"","0","Verify that No Claim Bonus Protection is displayed - TC_334","firefox","2026-08-14","skipped","2026-08-14","SBI Third Party - Add-ons - @regression","generated/car-module.test.ts","",""
"","0","Verify that the user is able to click on articles on the bottom of the page - TC_152","webkit","2026-08-14","skipped","2026-08-14","Our partners (CAR) - @regression > Insurer Landing Page Flow","generated/partners.test.ts","",""
"","0","Verify that the industry average claim settlement ratio is displayed - TC_252","webkit","2026-08-14","skipped","2026-08-14","SBI Comprehensive - Claim Settlement Ratio - @regression","generated/car-module.test.ts","",""
"","0","Verify that the Insurance Partners statistic is displayed - TC_212","mobile-chrome","2026-08-14","skipped","2026-08-14","Car Insurance - Insurance Experience - @regression","generated/car-module.test.ts","",""
"","18907","Verify that the Driving License requirement is displayed - TC_351","chromium","2026-08-14","failed","2026-08-14","SBI Third Party - Documents Required - @regression","generated/car-module.test.ts","",""
"","0","Verify that the user is able to complete the action successfully click on More Dropdown - TC_169","firefox","2026-08-14","skipped","2026-08-14","Our partners (Health) - @regression > Insurer Landing Page Flow","generated/partners.test.ts","",""
"","19132","Verify that the Check Premium CTA is displayed - TC_329","chromium","2026-08-14","failed","2026-08-14","SBI Third Party - Premium Calculator - @regression","generated/car-module.test.ts","",""
"","0","Verify that the Health Insurance page is displayed - TC_200","mobile-safari","2026-08-14","skipped","2026-08-14","Health Dropdown & Navigation - @smoke @regression > Health Insurance","generated/dropdown-navigation.test.ts","",""
"","1","Verify that the car registration number field is displayed - TC_203","mobile-chrome","2026-08-14","skipped","2026-08-14","Car Insurance - Top Quote Section - @regression","generated/car-module.test.ts","",""
"","0","Verify that the number of SBI branches is displayed - TC_237","webkit","2026-08-14","skipped","2026-08-14","SBI Comprehensive - Top Section - @regression","generated/car-module.test.ts","",""
"","2","Verify that all network hospital options are displayed under Network Hospitals - TC_015","firefox","2026-08-14","skipped","2026-08-14","Health Dropdown & Navigation - @smoke @regression > Network Hospitals","generated/dropdown-navigation.test.ts","",""
"","0","Verify that the customer contact number is displayed on the Raise a Claim page - TC_024","mobile-safari","2026-08-14","skipped","2026-08-14","Raise a Claim - @regression > Contact Support","generated/raise-claim.test.ts","",""
"","0","Verify that the Read More CTA is displayed - TC_348","mobile-safari","2026-08-14","skipped","2026-08-14","SBI Third Party - Claims - @regression","generated/car-module.test.ts","",""
"","0","Verify that the repair and reimbursement information is displayed - TC_281","firefox","2026-08-14","skipped","2026-08-14","SBI Comprehensive - Claims - @regression","generated/car-module.test.ts","",""
"","0","Verify that the FIR requirement is displayed - TC_352","mobile-safari","2026-08-14","skipped","2026-08-14","SBI Third Party - Documents Required - @regression","generated/car-module.test.ts","",""
"","0","Verify that the branch count is displayed - TC_376","mobile-safari","2026-08-14","skipped","2026-08-14","Royal Sundaram Own Damage - Top Section - @regression","generated/car-module.test.ts","",""
"","0","Verify that the user is able to enter pincode - TC_112","webkit","2026-08-14","skipped","2026-08-14","Life Dropdown & Navigation - @smoke @regression > Life Landing Page Flow","generated/dropdown-navigation.test.ts","",""
"","0","Verify that the Read More CTA is displayed - TC_389","chromium","2026-08-14","skipped","2026-08-14","Royal Sundaram Own Damage - Overview - @regression","generated/car-module.test.ts","",""
"","1","Verify that the repair and reimbursement information is displayed - TC_281","webkit","2026-08-14","skipped","2026-08-14","SBI Comprehensive - Claims - @regression","generated/car-module.test.ts","",""
"","0","Verify that term Life Plans is clickable - TC_106","firefox","2026-08-14","skipped","2026-08-14","Life Dropdown & Navigation - @smoke @regression > Life Landing Page Flow","generated/dropdown-navigation.test.ts","",""
"","0","Verify that the Health Insurance link is clickable - TC_199","webkit","2026-08-14","skipped","2026-08-14","Third Party Car Insurance - Get Best Insurance Quotes - @regression","generated/car-module.test.ts","",""
"","0","Verify that the user is able to click on the Play StoreApp download link - TC_039","webkit","2026-08-14","skipped","2026-08-14","Become a POSP - @regression > Mobile App Navigation","generated/become-posp.test.ts","",""
"","0","Verify that the Premium Calculator navigation option is clickable - TC_057","firefox","2026-08-14","skipped","2026-08-14","National Car Insurance Navigation - @regression","generated/car-module.test.ts","",""
"","0","Verify that the Features of ThirdParty Car Insurance option is clickable - TC_129","chromium","2026-08-14","skipped","2026-08-14","Third Party Car Insurance - Table of Contents - @regression","generated/car-module.test.ts","",""
"","0","Verify that the user should land on Insurer page after selecting Insurer - TC_138","chromium","2026-08-14","skipped","2026-08-14","Our partners (CAR) - @regression > Insurer Landing Page Flow","generated/partners.test.ts","",""
"","6915","Verify that the user is able to enter Pincode - TC_061","chromium","2026-08-14","passed","2026-08-14","Car Dashboard - @smoke @regression","generated/car-module.test.ts","",""
"","1","Verify that the user is able to enter pincode - TC_112","mobile-safari","2026-08-14","skipped","2026-08-14","Life Dropdown & Navigation - @smoke @regression > Life Landing Page Flow","generated/dropdown-navigation.test.ts","",""
"","0","Verify that the FIR requirement is displayed - TC_286","webkit","2026-08-14","skipped","2026-08-14","SBI Comprehensive - Documents Required For Claims - @regression","generated/car-module.test.ts","",""
"","0","Verify that investment Tax planning is clickable - TC_107","mobile-chrome","2026-08-14","skipped","2026-08-14","Life Landing Page - @regression @landing","generated/life-landing.test.ts","",""
"","0","Verify that the branch count is displayed - TC_376","firefox","2026-08-14","skipped","2026-08-14","Royal Sundaram Own Damage - Top Section - @regression","generated/car-module.test.ts","",""
"","0","Verify that the Book an Expert Call section is displayed - TC_294","mobile-safari","2026-08-14","skipped","2026-08-14","SBI Comprehensive - Common Components - @regression","generated/car-module.test.ts","",""
"","0","Verify that No Claim Bonus Protection is displayed - TC_334","webkit","2026-08-14","skipped","2026-08-14","SBI Third Party - Add-ons - @regression","generated/car-module.test.ts","",""
"","0","Verify that the user is able to click on Insurer on the Insurer section - TC_135","mobile-chrome","2026-08-14","skipped","2026-08-14","Our partners (BIKE) - @regression > Insurer Landing Page Flow","generated/partners.test.ts","",""
"","18014","Verify that the SBI Customer Care section is displayed - TC_355","chromium","2026-08-14","failed","2026-08-14","SBI Third Party - Customer Care - @regression","generated/car-module.test.ts","",""
"","0","Verify that the user is able to select insurance type - TC_027","mobile-safari","2026-08-14","skipped","2026-08-14","Bike - Shared Flows - @regression @advisor > Home Page Flow","generated/shared-flows.test.ts","",""
"","0","Verify that the user is able to enter Pincode - TC_035","mobile-safari","2026-08-14","skipped","2026-08-14","Bike - Shared Flows - @regression @advisor > Find Advisor Popup Flow","generated/shared-flows.test.ts","",""
"","0","Verify that the How to Raise a Claim information is displayed - TC_260","mobile-safari","2026-08-14","skipped","2026-08-14","SBI Comprehensive - Claims - @regression","generated/car-module.test.ts","",""
"","0","Verify that the introductory content is displayed - TC_123","webkit","2026-08-14","skipped","2026-08-14","Third Party Car Insurance - @regression","generated/car-module.test.ts","",""
"","0","Verify that the National Car Insurance Plans Overview section is displayed - TC_068","mobile-chrome","2026-08-14","skipped","2026-08-14","National Car Insurance Plans - @regression","generated/car-module.test.ts","",""
"","0","Verify that the user is able to click on Articles - TC_153","mobile-chrome","2026-08-14","skipped","2026-08-14","Our partners (CAR) - @regression > Insurer Landing Page Flow","generated/partners.test.ts","",""
"","16368","Verify that the rightside section navigation menu is displayed - TC_378","chromium","2026-08-14","failed","2026-08-14","Royal Sundaram Own Damage - Section Navigation - @regression","generated/car-module.test.ts","",""
"","0","Verify that the National Premium Calculator section is displayed - TC_075","firefox","2026-08-14","skipped","2026-08-14","National Premium Calculator - @regression","generated/car-module.test.ts","",""
"","0","Verify that advisor profile picture is visible - TC_098","firefox","2026-08-14","skipped","2026-08-14","Life - Shared Flows - @regression @advisor > Advisor Listing Page Flow","generated/shared-flows.test.ts","",""
"","0","Verify that repair monitoring and reimbursement information is displayed - TC_347","firefox","2026-08-14","skipped","2026-08-14","SBI Third Party - Claims - @regression","generated/car-module.test.ts","",""
"","0","Verify that the user should land on Insurer page after selecting Insurer - TC_159","mobile-safari","2026-08-14","skipped","2026-08-14","Our partners (Health) - @regression > Insurer Landing Page Flow","generated/partners.test.ts","",""
"","0","Verify that the Documents Required For Claims section is displayed - TC_422","webkit","2026-08-14","skipped","2026-08-14","Royal Sundaram Own Damage - Documents Required - @regression","generated/car-module.test.ts","",""
"","0","Verify that the Zero Depreciation addon is displayed - TC_263","firefox","2026-08-14","skipped","2026-08-14","SBI Comprehensive - Add-ons - @regression","generated/car-module.test.ts","",""
"","0","Verify that the View More option is displayed in the FAQs section - TC_114","mobile-safari","2026-08-14","skipped","2026-08-14","National Car Insurance FAQs - @regression","generated/car-module.test.ts","",""
"","0","Verify that Engine Guard is displayed - TC_339","mobile-safari","2026-08-14","skipped","2026-08-14","SBI Third Party - Add-ons - @regression","generated/car-module.test.ts","",""
"","0","Verify that after entering valid pincode click on Submit should land on Advisor Listing Page - TC_041","mobile-safari","2026-08-14","skipped","2026-08-14","Bike - Shared Flows - @regression @advisor > Find Advisor Popup Flow","generated/shared-flows.test.ts","",""
"","0","Verify that the Addons Available Under SBI Car Insurance Plans section is displayed - TC_261","firefox","2026-08-14","skipped","2026-08-14","SBI Comprehensive - Add-ons - @regression","generated/car-module.test.ts","",""
"","1","Verify that an Own Damage insurer link redirects correctly - TC_443","firefox","2026-08-14","skipped","2026-08-14","Royal Sundaram Own Damage - Other Own Damage Plans - @regression","generated/car-module.test.ts","",""
"","0","Verify that the common Book an Expert Call section is displayed - TC_439","mobile-safari","2026-08-14","skipped","2026-08-14","Royal Sundaram Own Damage - Common Components - @regression","generated/car-module.test.ts","",""
"","17460","Verify that the user is able to click on the Third Party Car Insurance link - TC_051","chromium","2026-08-14","failed","2026-08-14","National Car Insurance - @regression","generated/car-module.test.ts","",""
"","0","Verify that the Find Plans CTA is clickable - TC_194","mobile-safari","2026-08-14","skipped","2026-08-14","Third Party Car Insurance - Find Plans - @regression","generated/car-module.test.ts","",""
"","0","Verify that with invalid Pincode - TC_038","webkit","2026-08-14","skipped","2026-08-14","Bike - Shared Flows - @regression @advisor > Find Advisor Popup Flow","generated/shared-flows.test.ts","",""
"","0","Verify that the Cholamandalam car insurance option is clickable - TC_185","firefox","2026-08-14","skipped","2026-08-14","Third Party Car Insurance - Car Insurance Companies - @regression","generated/car-module.test.ts","",""
"","0","Verify that the Get Quotes Without Car Number CTA is displayed - TC_373","webkit","2026-08-14","skipped","2026-08-14","Royal Sundaram Own Damage - Top Section - @regression","generated/car-module.test.ts","",""
"","1","Verify that the Why Choose Turtlemint section is displayed - TC_176","webkit","2026-08-14","skipped","2026-08-14","Third Party Car Insurance - @regression","generated/car-module.test.ts","",""
"","0","Verify that the Cashless Garages navigation option is clickable - TC_063","firefox","2026-08-14","skipped","2026-08-14","National Car Insurance Navigation - @regression","generated/car-module.test.ts","",""
"","0","Verify that the Third Party plans are displayed - TC_224","mobile-safari","2026-08-14","skipped","2026-08-14","Car Insurance - Top Car Insurance Plans - Third Party - @regression","generated/car-module.test.ts","",""
"","0","Verify that Key Replacement is displayed - TC_335","firefox","2026-08-14","skipped","2026-08-14","SBI Third Party - Add-ons - @regression","generated/car-module.test.ts","",""
"","0","Verify that the user should land on Insurer page after selecting Insurer - TC_117","mobile-safari","2026-08-14","skipped","2026-08-14","Our partners (BIKE) - @regression > Insurer Landing Page Flow","generated/partners.test.ts","",""
"","18560","Verify that the Check Premium CTA is displayed - TC_256","chromium","2026-08-14","failed","2026-08-14","SBI Comprehensive - Premium Calculator - @regression","generated/car-module.test.ts","",""
"","0","Verify that Network Hospitals should be present on top of the page - TC_164","mobile-chrome","2026-08-14","skipped","2026-08-14","Our partners (Health) - @regression > Insurer Landing Page Flow","generated/partners.test.ts","",""
"","0","Verify that the selected Pincode is present on top of the page - TC_094","firefox","2026-08-14","skipped","2026-08-14","Life - Shared Flows - @regression @advisor > Advisor Listing Page Flow","generated/shared-flows.test.ts","",""
"","0","Verify that the available claimrelated information is displayed - TC_098","mobile-chrome","2026-08-14","skipped","2026-08-14","National Car Insurance Claims - @regression","generated/car-module.test.ts","",""
"","0","Verify that the ThirdParty vs Comprehensive Car Insurance Plans section is displayed - TC_168","mobile-safari","2026-08-14","skipped","2026-08-14","Third Party Car Insurance - @regression","generated/car-module.test.ts","",""
"","19736","Verify that the Registration Certificate requirement is displayed - TC_350","chromium","2026-08-14","failed","2026-08-14","SBI Third Party - Documents Required - @regression","generated/car-module.test.ts","",""
"","0","Verify that No of Branches should be present on top of the page - TC_123","mobile-safari","2026-08-14","skipped","2026-08-14","Our partners (BIKE) - @regression > Insurer Landing Page Flow","generated/partners.test.ts","",""
"","0","Verify that the Read More CTA is displayed for the Comprehensive plan - TC_071","webkit","2026-08-14","skipped","2026-08-14","National Car Insurance Plans - @regression","generated/car-module.test.ts","",""
"","0","Verify that the selected Insurer icon is on top of the page - TC_160","chromium","2026-08-14","skipped","2026-08-14","Our partners (Health) - @regression > Insurer Landing Page Flow","generated/partners.test.ts","",""
"","17032","Verify that the available SBI article cards are displayed - TC_292","chromium","2026-08-14","failed","2026-08-14","SBI Comprehensive - Latest Articles - @regression","generated/car-module.test.ts","",""
"","0","Verify that Third Party plan cards display the required information - TC_227","mobile-chrome","2026-08-14","skipped","2026-08-14","Car Insurance - Top Car Insurance Plans - Third Party - @regression","generated/car-module.test.ts","",""
"","0","Verify that clicking Get Quotes Without Car Number redirects correctly - TC_308","mobile-chrome","2026-08-14","skipped","2026-08-14","SBI Third Party - Top Section - @regression","generated/car-module.test.ts","",""
"","0","Verify that the user is able to click on Insurer on the Insurer section - TC_156","firefox","2026-08-14","skipped","2026-08-14","Our partners (CAR) - @regression > Insurer Landing Page Flow","generated/partners.test.ts","",""
"","16043","Verify that the user is able to click on the Comprehensive Car Insurance link - TC_052","chromium","2026-08-14","failed","2026-08-14","National Car Insurance - @regression","generated/car-module.test.ts","",""
"","0","Verify that the SBI insurer namelogo is clickable - TC_231","mobile-chrome","2026-08-14","skipped","2026-08-14","Car Insurance - Top Car Insurance Plans - Comprehensive - @regression","generated/car-module.test.ts","",""
"","1","Verify that the Royal Sundaram Customer Care section is displayed - TC_429","mobile-safari","2026-08-14","skipped","2026-08-14","Royal Sundaram Own Damage - Customer Care - @regression","generated/car-module.test.ts","",""
"","0","Verify that the user is able to select any Insurer from our Partner sections - TC_158","mobile-safari","2026-08-14","skipped","2026-08-14","Our partners (Health) - @regression > Insurer Landing Page Flow","generated/partners.test.ts","",""
"","0","Verify that the user is navigated to the National Car Insurance page - TC_040","mobile-chrome","2026-08-14","skipped","2026-08-14","National Car Insurance - @regression","generated/car-module.test.ts","",""
"","0","Verify that the SBI insurer namelogo is clickable - TC_231","chromium","2026-08-14","skipped","2026-08-14","Car Insurance - Top Car Insurance Plans - Comprehensive - @regression","generated/car-module.test.ts","",""
"","0","Verify that the branch count is displayed - TC_376","mobile-chrome","2026-08-14","skipped","2026-08-14","Royal Sundaram Own Damage - Top Section - @regression","generated/car-module.test.ts","",""
"","0","Verify that the Get Quotes CTA is displayed - TC_371","firefox","2026-08-14","skipped","2026-08-14","Royal Sundaram Own Damage - Top Section - @regression","generated/car-module.test.ts","",""
"","0","Verify that the Starting Premium section is displayed - TC_066","firefox","2026-08-14","skipped","2026-08-14","National Car Insurance - @regression","generated/car-module.test.ts","",""
"","0","Verify that the Cashless Garages information card is displayed - TC_049","mobile-safari","2026-08-14","skipped","2026-08-14","National Car Insurance - @regression","generated/car-module.test.ts","",""
"","0","Verify that an insurer link redirects to the corresponding Third Party page - TC_365","mobile-chrome","2026-08-14","skipped","2026-08-14","SBI Third Party - Other Third Party Plans - @regression","generated/car-module.test.ts","",""
"","1","Verify that the user should get this Pincode not found for invalid Pincode - TC_039","mobile-chrome","2026-08-14","skipped","2026-08-14","Bike - Shared Flows - @regression @advisor > Find Advisor Popup Flow","generated/shared-flows.test.ts","",""
"","0","Verify that the Addons section is displayed - TC_331","firefox","2026-08-14","skipped","2026-08-14","SBI Third Party - Add-ons - @regression","generated/car-module.test.ts","",""
"","0","Verify that the Find Plans CTA is displayed - TC_122","chromium","2026-08-14","skipped","2026-08-14","Third Party Car Insurance - @regression","generated/car-module.test.ts","",""
"","0","Verify that the ThirdParty Insurance Premium Rates section is displayed - TC_164","mobile-safari","2026-08-14","skipped","2026-08-14","Third Party Car Insurance - @regression","generated/car-module.test.ts","",""
"","0","Verify that the page heading is displayed - TC_121","chromium","2026-08-14","skipped","2026-08-14","Third Party Car Insurance - @regression","generated/car-module.test.ts","",""
"","0","Verify that the Addons menu navigates to the Addons section - TC_318","mobile-chrome","2026-08-14","skipped","2026-08-14","SBI Third Party - Section Navigation - @regression","generated/car-module.test.ts","",""
"","0","Verify that an insurer link is clickable - TC_020","webkit","2026-08-14","skipped","2026-08-14","Life Dropdown & Navigation - @smoke @regression > Life Insurance Companies","generated/dropdown-navigation.test.ts","",""
"","0","Verify that the Bajaj car insurance option is clickable - TC_184","firefox","2026-08-14","skipped","2026-08-14","Third Party Car Insurance - Car Insurance Companies - @regression","generated/car-module.test.ts","",""
"","0","Verify that an insurer namelogo is clickable - TC_219","chromium","2026-08-14","skipped","2026-08-14","Car Insurance - Top Car Insurance Plans - @regression","generated/car-module.test.ts","",""
"","1","Verify that the user is able to get Insurer list on the right side of the page - TC_134","chromium","2026-08-14","skipped","2026-08-14","Our partners (BIKE) - @regression > Insurer Landing Page Flow","generated/partners.test.ts","",""
"","0","Verify that the Return on Invoice addon is displayed - TC_268","firefox","2026-08-14","skipped","2026-08-14","SBI Comprehensive - Add-ons - @regression","generated/car-module.test.ts","",""
"","0","Verify that the Latest Articles On SBI section is displayed - TC_358","firefox","2026-08-14","skipped","2026-08-14","SBI Third Party - Articles - @regression","generated/car-module.test.ts","",""
"","0","Verify that Own Damage coverage information is displayed - TC_387","firefox","2026-08-14","skipped","2026-08-14","Royal Sundaram Own Damage - Overview - @regression","generated/car-module.test.ts","",""
"","0","Verify that the additional car insurance companies are displayed after clicking View More - TC_192","mobile-safari","2026-08-14","skipped","2026-08-14","Third Party Car Insurance - Car Insurance Companies - @regression","generated/car-module.test.ts","",""
"","0","Verify that the user is able to click on Download now CTA on the right side of the page - TC_151","chromium","2026-08-14","skipped","2026-08-14","Our partners (CAR) - @regression > Insurer Landing Page Flow","generated/partners.test.ts","",""
"","0","Verify that the Read More CTA is displayed - TC_435","mobile-chrome","2026-08-14","skipped","2026-08-14","Royal Sundaram Own Damage - Renewal - @regression","generated/car-module.test.ts","",""
"","0","Verify that the National Car Insurance Features section is displayed - TC_087","firefox","2026-08-14","skipped","2026-08-14","National Car Insurance Features - @regression","generated/car-module.test.ts","",""
"","17332","Verify that the Check Premium CTA is displayed - TC_078","chromium","2026-08-14","failed","2026-08-14","National Premium Calculator - @regression","generated/car-module.test.ts","",""
"","0","Verify that the know about thirdparty car insurance link is clickable - TC_196","mobile-safari","2026-08-14","skipped","2026-08-14","Third Party Car Insurance - Introduction - @regression","generated/car-module.test.ts","",""
"","0","Verify that the Royal Sundaram Car Insurance Renewal Process section is displayed - TC_432","chromium","2026-08-14","skipped","2026-08-14","Royal Sundaram Own Damage - Renewal - @regression","generated/car-module.test.ts","",""
"","18338","Verify that the Engine Guard addon is displayed - TC_269","chromium","2026-08-14","failed","2026-08-14","SBI Comprehensive - Add-ons - @regression","generated/car-module.test.ts","",""
"","1","Verify that the Health Insurance page is displayed - TC_200","mobile-chrome","2026-08-14","skipped","2026-08-14","Health Dropdown & Navigation - @smoke @regression > Health Insurance","generated/dropdown-navigation.test.ts","",""
"","0","Verify that Own Damage exclusions are mentioned in the overview - TC_388","firefox","2026-08-14","skipped","2026-08-14","Royal Sundaram Own Damage - Overview - @regression","generated/car-module.test.ts","",""
"","0","Verify that the Get Quotes CTA is displayed - TC_234","webkit","2026-08-14","skipped","2026-08-14","SBI Comprehensive - Top Section - @regression","generated/car-module.test.ts","",""
"","1","Verify that the Get Quotes Without Car Number CTA is displayed - TC_079","mobile-chrome","2026-08-14","skipped","2026-08-14","National Premium Calculator - @regression","generated/car-module.test.ts","",""
"","0","Verify that the Turtlemint renewal process is displayed - TC_434","mobile-safari","2026-08-14","skipped","2026-08-14","Royal Sundaram Own Damage - Renewal - @regression","generated/car-module.test.ts","",""
"","0","Verify that the car registration number field is displayed - TC_327","mobile-chrome","2026-08-14","skipped","2026-08-14","SBI Third Party - Premium Calculator - @regression","generated/car-module.test.ts","",""
"","20150","Verify that the Premium Calculator menu navigates to the Premium Calculator section - TC_314","chromium","2026-08-14","failed","2026-08-14","SBI Third Party - Section Navigation - @regression","generated/car-module.test.ts","",""
"","0","Verify that the user should get this Pincode not found for invalid Pincode - TC_039","mobile-safari","2026-08-14","skipped","2026-08-14","Bike - Shared Flows - @regression @advisor > Find Advisor Popup Flow","generated/shared-flows.test.ts","",""
"","0","Verify that the top plannavigation links are displayed - TC_370","mobile-chrome","2026-08-14","skipped","2026-08-14","Royal Sundaram Own Damage - Top Section - @regression","generated/car-module.test.ts","",""
"","0","Verify that the How to Renew ThirdParty Car Insurance Plan section is displayed - TC_173","mobile-safari","2026-08-14","skipped","2026-08-14","Third Party Car Insurance - @regression","generated/car-module.test.ts","",""
"","1","Verify that investment Tax planning is clickable - TC_107","webkit","2026-08-14","skipped","2026-08-14","Life Landing Page - @regression @landing","generated/life-landing.test.ts","",""
"","1","Verify that the user should not allow to enter alphabets - TC_066","mobile-safari","2026-08-14","skipped","2026-08-14","Car Dashboard - @smoke @regression","generated/car-module.test.ts","",""
"","0","Verify that the Get Quote CTA is displayed - TC_205","mobile-safari","2026-08-14","skipped","2026-08-14","Car Insurance - Top Quote Section - @regression","generated/car-module.test.ts","",""
"","0","Verify that the common Book an Expert Call section is displayed - TC_361","firefox","2026-08-14","skipped","2026-08-14","SBI Third Party - Common Components - @regression","generated/car-module.test.ts","",""
"","0","Verify that the user is able to click on articles on the bottom of the page - TC_152","chromium","2026-08-14","skipped","2026-08-14","Our partners (CAR) - @regression > Insurer Landing Page Flow","generated/partners.test.ts","",""
"","0","Verify that Zero Depreciation is displayed - TC_333","mobile-chrome","2026-08-14","skipped","2026-08-14","SBI Third Party - Add-ons - @regression","generated/car-module.test.ts","",""
"","0","Verify that the Latest Articles On Royal Sundaram section is displayed - TC_436","webkit","2026-08-14","skipped","2026-08-14","Royal Sundaram Own Damage - Articles - @regression","generated/car-module.test.ts","",""
"","0","Verify that Year of Inception should be present on top of the page - TC_165","mobile-safari","2026-08-14","skipped","2026-08-14","Our partners (Health) - @regression > Insurer Landing Page Flow","generated/partners.test.ts","",""
"","0","Verify that No of Branches should be present on top of the page - TC_144","firefox","2026-08-14","skipped","2026-08-14","Our partners (CAR) - @regression > Insurer Landing Page Flow","generated/partners.test.ts","",""
"","0","Verify that Tyre Cover is displayed - TC_407","webkit","2026-08-14","skipped","2026-08-14","Royal Sundaram Own Damage - Add-ons - @regression","generated/car-module.test.ts","",""
"","0","Verify that the customer contact number is displayed on the Raise a Claim page - TC_024","chromium","2026-08-14","skipped","2026-08-14","Raise a Claim - @regression > Contact Support","generated/raise-claim.test.ts","",""
"","0","Verify that the user is able to click on More CTA - TC_125","mobile-safari","2026-08-14","skipped","2026-08-14","Our partners (BIKE) - @regression > Insurer Landing Page Flow","generated/partners.test.ts","",""
"","0","Verify that the user is able to click on Find Advisor CTA - TC_113","webkit","2026-08-14","skipped","2026-08-14","Life Landing Page - @regression @landing","generated/life-landing.test.ts","",""
"","0","Verify that the user is able to get Insurer list on the right side of the page - TC_134","mobile-safari","2026-08-14","skipped","2026-08-14","Our partners (BIKE) - @regression > Insurer Landing Page Flow","generated/partners.test.ts","",""
"","0","Verify that the cashless garage count is displayed - TC_238","webkit","2026-08-14","skipped","2026-08-14","SBI Comprehensive - Top Section - @regression","generated/car-module.test.ts","",""
"","0","Verify that the user is able to click on Find Advisor CTA - TC_113","mobile-safari","2026-08-14","skipped","2026-08-14","Life Landing Page - @regression @landing","generated/life-landing.test.ts","",""
"","0","Verify that the available SBI article cards are displayed - TC_359","mobile-safari","2026-08-14","skipped","2026-08-14","SBI Third Party - Articles - @regression","generated/car-module.test.ts","",""
"","0","Verify that the car registration number field is displayed - TC_394","mobile-safari","2026-08-14","skipped","2026-08-14","Royal Sundaram Own Damage - Premium Calculator - @regression","generated/car-module.test.ts","",""
"","0","Verify that the claim process information is displayed - TC_097","webkit","2026-08-14","skipped","2026-08-14","National Car Insurance Claims - @regression","generated/car-module.test.ts","",""
"","0","Verify that home functionality is redirecting to Homepage or not - TC_096","firefox","2026-08-14","skipped","2026-08-14","Life - Shared Flows - @regression @advisor > Advisor Listing Page Flow","generated/shared-flows.test.ts","",""
"","0","Verify that the How to Renew ThirdParty Car Insurance Plan option is clickable - TC_145","firefox","2026-08-14","skipped","2026-08-14","Third Party Car Insurance - Table of Contents - @regression","generated/car-module.test.ts","",""
"","0","Verify that Comprehensive plan cards display the required information - TC_226","mobile-safari","2026-08-14","skipped","2026-08-14","Car Insurance - Top Car Insurance Plans - Comprehensive - @regression","generated/car-module.test.ts","",""
"","0","Verify that the user is able to click on View all article CTA - TC_174","firefox","2026-08-14","skipped","2026-08-14","Our partners (Health) - @regression > Insurer Landing Page Flow","generated/partners.test.ts","",""
"","0","Verify that the common Manage All Your Policies In One Place section is displayed - TC_440","mobile-chrome","2026-08-14","skipped","2026-08-14","Royal Sundaram Own Damage - Common Components - @regression","generated/car-module.test.ts","",""
"","0","Verify that the cashless garage CTAlink is displayed - TC_083","mobile-chrome","2026-08-14","skipped","2026-08-14","National Cashless Garages - @regression","generated/car-module.test.ts","",""
"","1","Verify that the Why Choose Turtlemint section is displayed - TC_176","chromium","2026-08-14","skipped","2026-08-14","Third Party Car Insurance - @regression","generated/car-module.test.ts","",""
"","18395","Verify that the branch count is displayed - TC_310","chromium","2026-08-14","failed","2026-08-14","SBI Third Party - Top Section - @regression","generated/car-module.test.ts","",""
"","0","Verify that the Life dropdown is displayed - TC_017","mobile-chrome","2026-08-14","skipped","2026-08-14","Life Dropdown & Navigation - @smoke @regression > Life Dropdown","generated/dropdown-navigation.test.ts","",""
"","0","Verify that on clicking Plans tab user should redirect to that particular section on page - TC_148","chromium","2026-08-14","skipped","2026-08-14","Our partners (CAR) - @regression > Insurer Landing Page Flow","generated/partners.test.ts","",""
"","0","Verify that the user is able to select insurance type - TC_053","mobile-safari","2026-08-14","skipped","2026-08-14","Car Dashboard - @smoke @regression","generated/car-module.test.ts","",""
"","0","Verify that the Zero Depreciation addon is displayed - TC_263","mobile-chrome","2026-08-14","skipped","2026-08-14","SBI Comprehensive - Add-ons - @regression","generated/car-module.test.ts","",""
"","0","Verify that the Premium Calculator menu navigates to the Premium Calculator section - TC_314","firefox","2026-08-14","skipped","2026-08-14","SBI Third Party - Section Navigation - @regression","generated/car-module.test.ts","",""
"","0","Verify that the user is able to click on articles on the bottom of the page - TC_172","chromium","2026-08-14","skipped","2026-08-14","Our partners (Health) - @regression > Insurer Landing Page Flow","generated/partners.test.ts","",""
"","0","Verify that the How Does ThirdParty Car Insurance Work option is clickable - TC_128","chromium","2026-08-14","skipped","2026-08-14","Third Party Car Insurance - Table of Contents - @regression","generated/car-module.test.ts","",""
"","0","Verify that the Claims menu navigates to the Claims section - TC_315","firefox","2026-08-14","skipped","2026-08-14","SBI Third Party - Section Navigation - @regression","generated/car-module.test.ts","",""
"","0","Verify that the Comprehensive plans are displayed - TC_223","chromium","2026-08-14","skipped","2026-08-14","Car Insurance - Top Car Insurance Plans - Comprehensive - @regression","generated/car-module.test.ts","",""
"","0","Verify that customer testimonials are displayed on the Raise A Claim page - TC_030","firefox","2026-08-14","skipped","2026-08-14","Raise a Claim - @regression > Customer Testimonials","generated/raise-claim.test.ts","",""
"","0","Verify that the Addons option is clickable - TC_109","mobile-safari","2026-08-14","skipped","2026-08-14","National Car Insurance - More - @regression","generated/car-module.test.ts","",""
"","18279","Verify that the Premium Calculator menu navigates to the Premium Calculator section - TC_241","chromium","2026-08-14","failed","2026-08-14","SBI Comprehensive - Section Navigation - @regression","generated/car-module.test.ts","",""
"","17514","Verify that the claim form and required documents are mentioned - TC_345","chromium","2026-08-14","failed","2026-08-14","SBI Third Party - Claims - @regression","generated/car-module.test.ts","",""
"","0","Verify that once user scroll the page to bottom then the page tabs should be on TOP - TC_147","mobile-chrome","2026-08-14","skipped","2026-08-14","Our partners (CAR) - @regression > Insurer Landing Page Flow","generated/partners.test.ts","",""
"","0","Verify that the user is able to collapse an expanded FAQ - TC_179","chromium","2026-08-14","skipped","2026-08-14","Third Party Car Insurance - FAQs - @regression","generated/car-module.test.ts","",""
"","0","Verify that once user scroll the page to bottom then the page tabs should be on TOP - TC_147","firefox","2026-08-14","skipped","2026-08-14","Our partners (CAR) - @regression > Insurer Landing Page Flow","generated/partners.test.ts","",""
"","0","Verify that the Get Quote CTA is displayed - TC_205","firefox","2026-08-14","skipped","2026-08-14","Car Insurance - Top Quote Section - @regression","generated/car-module.test.ts","",""
"","0","Verify that the Claim Settlement Ratio menu navigates to the Claim Settlement Ratio section - TC_383","mobile-safari","2026-08-14","skipped","2026-08-14","Royal Sundaram Own Damage - Section Navigation - @regression","generated/car-module.test.ts","",""
"","0","Verify that submit CTA is disable for blank Pincode - TC_062","mobile-safari","2026-08-14","skipped","2026-08-14","Car Dashboard - @smoke @regression","generated/car-module.test.ts","",""
"","0","Verify that the warning against repairingdismantling the vehicle is displayed - TC_414","webkit","2026-08-14","skipped","2026-08-14","Royal Sundaram Own Damage - Claims - @regression","generated/car-module.test.ts","",""
"","4","Verify that the Tyre and Rim Guard addon is displayed - TC_273","mobile-safari","2026-08-14","skipped","2026-08-14","SBI Comprehensive - Add-ons - @regression","generated/car-module.test.ts","",""
"","0","Verify that the Claims menu navigates to the Claims section - TC_315","webkit","2026-08-14","skipped","2026-08-14","SBI Third Party - Section Navigation - @regression","generated/car-module.test.ts","",""
"","0","Verify that the SBI Customer Care section is displayed - TC_288","webkit","2026-08-14","skipped","2026-08-14","SBI Comprehensive - Customer Care - @regression","generated/car-module.test.ts","",""
"","0","Verify that the Additional Roadside Assistance addon is displayed - TC_271","webkit","2026-08-14","skipped","2026-08-14","SBI Comprehensive - Add-ons - @regression","generated/car-module.test.ts","",""
"","0","Verify that the user should not allow to enter alphabets - TC_091","firefox","2026-08-14","skipped","2026-08-14","Life - Shared Flows - @regression @advisor > Find Advisor Popup Flow","generated/shared-flows.test.ts","",""
"","17550","Verify that an insurer link redirects to the corresponding Third Party page - TC_365","chromium","2026-08-14","failed","2026-08-14","SBI Third Party - Other Third Party Plans - @regression","generated/car-module.test.ts","",""
"","0","Verify that original invoicereceipts requirement is displayed - TC_427","firefox","2026-08-14","skipped","2026-08-14","Royal Sundaram Own Damage - Documents Required - @regression","generated/car-module.test.ts","",""
"","0","Verify that the user should get this Pincode not found for invalid Pincode - TC_090","firefox","2026-08-14","skipped","2026-08-14","Life - Shared Flows - @regression @advisor > Find Advisor Popup Flow","generated/shared-flows.test.ts","",""
"","0","Verify that the customer care contact details are displayed - TC_105","firefox","2026-08-14","skipped","2026-08-14","National Car Insurance Customer Care - @regression","generated/car-module.test.ts","",""
"","0","Verify that the How to Raise a Claim information is displayed - TC_260","firefox","2026-08-14","skipped","2026-08-14","SBI Comprehensive - Claims - @regression","generated/car-module.test.ts","",""
"","0","Verify that the user is able to click on Find Advisor CTA - TC_028","mobile-chrome","2026-08-14","skipped","2026-08-14","Bike - Shared Flows - @regression @advisor > Home Page Flow","generated/shared-flows.test.ts","",""
"","0","Verify that advisor policy sold count is visible - TC_100","chromium","2026-08-14","skipped","2026-08-14","Life - Shared Flows - @regression @advisor > Advisor Listing Page Flow","generated/shared-flows.test.ts","",""
"","0","Verify that the user is able to select Insurer type and click on Find Advisor should land on Find Ad - TC_059","firefox","2026-08-14","skipped","2026-08-14","Car Dashboard - @smoke @regression","generated/car-module.test.ts","",""
"","0","Verify that the ThirdParty Policy for Commercial Vehicles section is displayed - TC_161","mobile-chrome","2026-08-14","skipped","2026-08-14","Third Party Car Insurance - @regression","generated/car-module.test.ts","",""
"","0","Verify that the When is ThirdParty Insurance Better than Comprehensive option is clickable - TC_142","firefox","2026-08-14","skipped","2026-08-14","Third Party Car Insurance - Table of Contents - @regression","generated/car-module.test.ts","",""
"","16375","Verify that the Customer Care navigation option is clickable - TC_062","chromium","2026-08-14","failed","2026-08-14","National Car Insurance Navigation - @regression","generated/car-module.test.ts","",""
"","0","Verify that with invalid Pincode - TC_089","chromium","2026-08-14","skipped","2026-08-14","Life - Shared Flows - @regression @advisor > Find Advisor Popup Flow","generated/shared-flows.test.ts","",""
"","0","Verify that the User should get this Please select type of insurance to proceed to the next step mes - TC_056","webkit","2026-08-14","skipped","2026-08-14","Car Dashboard - @smoke @regression","generated/car-module.test.ts","",""
"","0","Verify that the user is able to click on the Become A POSP CTA - TC_031","mobile-safari","2026-08-14","skipped","2026-08-14","Become a POSP - @regression > POSP Navigation","generated/become-posp.test.ts","",""
"","0","Verify that the Bike Insurance link is clickable - TC_154","chromium","2026-08-14","skipped","2026-08-14","Third Party Car Insurance - Get Best Insurance Quotes - @regression","generated/car-module.test.ts","",""
"","0","Verify that the user is able to select any Insurer from our Partner sections - TC_116","firefox","2026-08-14","skipped","2026-08-14","Our partners (BIKE) - @regression > Insurer Landing Page Flow","generated/partners.test.ts","",""
"","0","Verify that the user is able to click on Articles - TC_132","firefox","2026-08-14","skipped","2026-08-14","Our partners (BIKE) - @regression > Insurer Landing Page Flow","generated/partners.test.ts","",""
"","0","Verify that the Customer Care menu navigates to the Customer Care section - TC_243","firefox","2026-08-14","skipped","2026-08-14","SBI Comprehensive - Section Navigation - @regression","generated/car-module.test.ts","",""
"","0","Verify that an insurer link is clickable - TC_020","mobile-chrome","2026-08-14","skipped","2026-08-14","Life Dropdown & Navigation - @smoke @regression > Life Insurance Companies","generated/dropdown-navigation.test.ts","",""
"","0","Verify that the user is able to enter pincode - TC_112","chromium","2026-08-14","skipped","2026-08-14","Life Landing Page - @regression @landing","generated/life-landing.test.ts","",""
"","0","Verify that the user is able to click on Articles - TC_173","mobile-safari","2026-08-14","skipped","2026-08-14","Our partners (Health) - @regression > Insurer Landing Page Flow","generated/partners.test.ts","",""
"","1","Verify that the National car insurance option is clickable - TC_189","firefox","2026-08-14","skipped","2026-08-14","Third Party Car Insurance - Car Insurance Companies - @regression","generated/car-module.test.ts","",""
"","1","Verify that the Top Car Insurance Plans section is displayed - TC_215","firefox","2026-08-14","skipped","2026-08-14","Car Insurance - Top Car Insurance Plans - @regression","generated/car-module.test.ts","",""
"","0","Verify that investment Tax planning is clickable - TC_107","webkit","2026-08-14","skipped","2026-08-14","Life Dropdown & Navigation - @smoke @regression > Life Landing Page Flow","generated/dropdown-navigation.test.ts","",""
"","0","Verify that the Get Best Insurance Quotes For section is displayed - TC_150","firefox","2026-08-14","skipped","2026-08-14","Third Party Car Insurance - Get Best Insurance Quotes - @regression","generated/car-module.test.ts","",""
"","0","Verify that the insurance policy document requirement is displayed - TC_423","mobile-chrome","2026-08-14","skipped","2026-08-14","Royal Sundaram Own Damage - Documents Required - @regression","generated/car-module.test.ts","",""
"","0","Verify that advisor policy sold count is visible - TC_049","webkit","2026-08-14","skipped","2026-08-14","Bike - Shared Flows - @regression @advisor > Advisor Listing Page Flow","generated/shared-flows.test.ts","",""
"","0","Verify that the Premium Calculator section is displayed - TC_393","firefox","2026-08-14","skipped","2026-08-14","Royal Sundaram Own Damage - Premium Calculator - @regression","generated/car-module.test.ts","",""
"","0","Verify that get In Touch CTA is clickable - TC_052","firefox","2026-08-14","skipped","2026-08-14","Bike - Shared Flows - @regression @advisor > Advisor Listing Page Flow","generated/shared-flows.test.ts","",""
"","1","Verify that the available comprehensive car insurance insurers are displayed - TC_296","firefox","2026-08-14","skipped","2026-08-14","SBI Comprehensive - Other Comprehensive Car Insurance Plans - @regression","generated/car-module.test.ts","",""
"","18085","Verify that the available claimrelated information is displayed - TC_098","chromium","2026-08-14","failed","2026-08-14","National Car Insurance Claims - @regression","generated/car-module.test.ts","",""
"","0","Verify that the warning against repairingdismantling the vehicle is displayed - TC_414","firefox","2026-08-14","skipped","2026-08-14","Royal Sundaram Own Damage - Claims - @regression","generated/car-module.test.ts","",""
"","0","Verify that the HDFC ERGO car insurance option is clickable - TC_187","mobile-chrome","2026-08-14","skipped","2026-08-14","Third Party Car Insurance - Car Insurance Companies - @regression","generated/car-module.test.ts","",""
"","0","Verify that the Car Insurance Companies Similar To SBI section is displayed - TC_299","mobile-safari","2026-08-14","skipped","2026-08-14","SBI Comprehensive - Similar Car Insurance Companies - @regression","generated/car-module.test.ts","",""
"","0","Verify that the Car Insurance Companies Similar To SBI section is displayed - TC_299","mobile-chrome","2026-08-14","skipped","2026-08-14","SBI Comprehensive - Similar Car Insurance Companies - @regression","generated/car-module.test.ts","",""
"","0","Verify that the Own Damage plans are displayed - TC_225","webkit","2026-08-14","skipped","2026-08-14","Car Insurance - Top Car Insurance Plans - Own Damage - @regression","generated/car-module.test.ts","",""
"","0","Verify that all sections are displayed in the Health dropdown - TC_012","firefox","2026-08-14","skipped","2026-08-14","Health Dropdown & Navigation - @smoke @regression > Health Dropdown","generated/dropdown-navigation.test.ts","",""
"","0","Verify that the Claim Settlement Ratio menu navigates to the Claim Settlement Ratio section - TC_383","webkit","2026-08-14","skipped","2026-08-14","Royal Sundaram Own Damage - Section Navigation - @regression","generated/car-module.test.ts","",""
"","0","Verify that the Get Quotes Without Car Number option is displayed - TC_206","chromium","2026-08-14","skipped","2026-08-14","Car Insurance - Top Quote Section - @regression","generated/car-module.test.ts","",""
"","0","Verify that the Addons menu navigates to the Addons section - TC_245","firefox","2026-08-14","skipped","2026-08-14","SBI Comprehensive - Section Navigation - @regression","generated/car-module.test.ts","",""
"","8384","Verify that advisor profile picture is visible - TC_073","chromium","2026-08-14","passed","2026-08-14","Car Dashboard - @smoke @regression","generated/car-module.test.ts","",""
"","1","Verify that the Read More CTA is displayed - TC_249","mobile-safari","2026-08-14","skipped","2026-08-14","SBI Comprehensive - Overview - @regression","generated/car-module.test.ts","",""
"","0","Verify that the Cashless Garages navigation option is clickable - TC_063","webkit","2026-08-14","skipped","2026-08-14","National Car Insurance Navigation - @regression","generated/car-module.test.ts","",""
"","0","Verify that the National Premium Calculator section is displayed - TC_075","mobile-safari","2026-08-14","skipped","2026-08-14","National Premium Calculator - @regression","generated/car-module.test.ts","",""
"","18352","Verify that the Overview menu navigates to the Overview section - TC_240","chromium","2026-08-14","failed","2026-08-14","SBI Comprehensive - Section Navigation - @regression","generated/car-module.test.ts","",""
"","0","Verify that visit website CTA is visible on all advisor - TC_077","mobile-safari","2026-08-14","skipped","2026-08-14","Car Dashboard - @smoke @regression","generated/car-module.test.ts","",""
"","0","Verify that the user is navigated to the National Car Insurance page - TC_040","webkit","2026-08-14","skipped","2026-08-14","National Car Insurance - @regression","generated/car-module.test.ts","",""
"","0","Verify that the Benefits of FourWheeler ThirdParty Insurance section is displayed - TC_158","chromium","2026-08-14","skipped","2026-08-14","Third Party Car Insurance - @regression","generated/car-module.test.ts","",""
"","0","Verify that Depreciation Waiver Cover is displayed - TC_399","webkit","2026-08-14","skipped","2026-08-14","Royal Sundaram Own Damage - Add-ons - @regression","generated/car-module.test.ts","",""
"","0","Verify that the common Book an Expert Call section is displayed - TC_361","mobile-safari","2026-08-14","skipped","2026-08-14","SBI Third Party - Common Components - @regression","generated/car-module.test.ts","",""
"","1","Verify that the SBI Comprehensive Car Insurance Overview section is displayed - TC_247","mobile-safari","2026-08-14","skipped","2026-08-14","SBI Comprehensive - Overview - @regression","generated/car-module.test.ts","",""
"","0","Verify that the Cashless Claim process is displayed - TC_416","webkit","2026-08-14","skipped","2026-08-14","Royal Sundaram Own Damage - Claims - @regression","generated/car-module.test.ts","",""
"","0","Verify that the Glimpse through our guide on how to renew expired car insurance link is clickable - TC_198","firefox","2026-08-14","skipped","2026-08-14","Third Party Car Insurance - Comprehensive Comparison - @regression","generated/car-module.test.ts","",""
"","0","Verify that the information provided for the required documents is displayed correctly - TC_102","firefox","2026-08-14","skipped","2026-08-14","National Car Insurance Documents - @regression","generated/car-module.test.ts","",""
"","1","Verify that the How to Buy ThirdParty Car Insurance Online from Turtlemint option is clickable - TC_146","mobile-safari","2026-08-14","skipped","2026-08-14","Third Party Car Insurance - Table of Contents - @regression","generated/car-module.test.ts","",""
"","0","Verify that advisor experience count is visible - TC_048","webkit","2026-08-14","skipped","2026-08-14","Bike - Shared Flows - @regression @advisor > Advisor Listing Page Flow","generated/shared-flows.test.ts","",""
"","0","Verify that once user scroll the page to bottom then the page tabs should be on TOP - TC_126","webkit","2026-08-14","skipped","2026-08-14","Our partners (BIKE) - @regression > Insurer Landing Page Flow","generated/partners.test.ts","",""
"","0","Verify that the user is able to click on Articles - TC_173","firefox","2026-08-14","skipped","2026-08-14","Our partners (Health) - @regression > Insurer Landing Page Flow","generated/partners.test.ts","",""
"","0","Verify that on clicking Plans tab user should redirect to that particular section on page - TC_127","mobile-chrome","2026-08-14","skipped","2026-08-14","Our partners (BIKE) - @regression > Insurer Landing Page Flow","generated/partners.test.ts","",""
"","0","Verify that the What is ThirdParty Insurance for Car option is clickable - TC_126","firefox","2026-08-14","skipped","2026-08-14","Third Party Car Insurance - Table of Contents - @regression","generated/car-module.test.ts","",""
"","1","Verify that home functionality is redirecting to Homepage or not - TC_096","mobile-safari","2026-08-14","skipped","2026-08-14","Life - Shared Flows - @regression @advisor > Advisor Listing Page Flow","generated/shared-flows.test.ts","",""
"","0","Verify that the Get Quotes Without Car Number CTA is displayed - TC_330","mobile-safari","2026-08-14","skipped","2026-08-14","SBI Third Party - Premium Calculator - @regression","generated/car-module.test.ts","",""
"","0","Verify that the page heading is displayed - TC_121","mobile-safari","2026-08-14","skipped","2026-08-14","Third Party Car Insurance - @regression","generated/car-module.test.ts","",""
"","0","Verify that the Comprehensive plans are displayed - TC_223","firefox","2026-08-14","skipped","2026-08-14","Car Insurance - Top Car Insurance Plans - Comprehensive - @regression","generated/car-module.test.ts","",""
"","0","Verify that the Check Premium CTA redirects to Profile Journey - TC_218","chromium","2026-08-14","skipped","2026-08-14","Car Insurance - Top Car Insurance Plans - @regression","generated/car-module.test.ts","",""
"","9488","Verify that the user is able to click on the SIGN UP CTA - TC_037","chromium","2026-08-14","passed","2026-08-14","Become a POSP - @regression > POSP Navigation","generated/become-posp.test.ts","",""
"","19621","Verify that the Customer Care menu navigates to the Customer Care section - TC_243","chromium","2026-08-14","failed","2026-08-14","SBI Comprehensive - Section Navigation - @regression","generated/car-module.test.ts","",""
"","0","Verify that the Check Premium CTA is displayed - TC_256","mobile-safari","2026-08-14","skipped","2026-08-14","SBI Comprehensive - Premium Calculator - @regression","generated/car-module.test.ts","",""
"","0","Verify that all insurer options are displayed under Life Insurance Companies - TC_019","webkit","2026-08-14","skipped","2026-08-14","Life Dropdown & Navigation - @smoke @regression > Life Insurance Companies","generated/dropdown-navigation.test.ts","",""
"","0","Verify that the Overview menu navigates to the Overview section - TC_240","mobile-chrome","2026-08-14","skipped","2026-08-14","SBI Comprehensive - Section Navigation - @regression","generated/car-module.test.ts","",""
"","1","Verify that the user is able to select any Insurer from our Partner sections - TC_137","chromium","2026-08-14","skipped","2026-08-14","Our partners (CAR) - @regression > Insurer Landing Page Flow","generated/partners.test.ts","",""
"","0","Verify that the car registration number field is displayed - TC_203","webkit","2026-08-14","skipped","2026-08-14","Car Insurance - Top Quote Section - @regression","generated/car-module.test.ts","",""
"","0","Verify that the Return on Invoice addon is displayed - TC_268","mobile-chrome","2026-08-14","skipped","2026-08-14","SBI Comprehensive - Add-ons - @regression","generated/car-module.test.ts","",""
"","0","Verify that the User should get this Please select type of insurance to proceed to the next step mes - TC_082","chromium","2026-08-14","skipped","2026-08-14","Life - Shared Flows - @regression @advisor > Home Page Flow","generated/shared-flows.test.ts","",""
"","0","Verify that the Other Third Party Car Insurance Plans section is displayed - TC_363","webkit","2026-08-14","skipped","2026-08-14","SBI Third Party - Other Third Party Plans - @regression","generated/car-module.test.ts","",""
"","0","Verify that the user is able to get Find Advisor Popup - TC_085","chromium","2026-08-14","skipped","2026-08-14","Life - Shared Flows - @regression @advisor > Find Advisor Popup Flow","generated/shared-flows.test.ts","",""
"","0","Verify that the top plannavigation links are displayed - TC_304","webkit","2026-08-14","skipped","2026-08-14","SBI Third Party - Top Section - @regression","generated/car-module.test.ts","",""
"","0","Verify that advisor policy sold count is visible - TC_100","firefox","2026-08-14","skipped","2026-08-14","Life - Shared Flows - @regression @advisor > Advisor Listing Page Flow","generated/shared-flows.test.ts","",""
"","17753","Verify that the Documents Required For Claims section is displayed - TC_349","chromium","2026-08-14","failed","2026-08-14","SBI Third Party - Documents Required - @regression","generated/car-module.test.ts","",""
"","0","Verify that partner testimonials are displayed - TC_035","mobile-safari","2026-08-14","skipped","2026-08-14","Become a POSP - @regression > Partner Testimonials","generated/become-posp.test.ts","",""
"","0","Verify that the Cashless Garages navigation option is clickable - TC_063","mobile-chrome","2026-08-14","skipped","2026-08-14","National Car Insurance Navigation - @regression","generated/car-module.test.ts","",""
"","0","Verify that Royal Sundarams claim settlement ratio is displayed - TC_391","firefox","2026-08-14","skipped","2026-08-14","Royal Sundaram Own Damage - Claim Settlement Ratio - @regression","generated/car-module.test.ts","",""
"","0","Verify that the user is able to click on Get Quotes Without Bike Number CTA - TC_121","mobile-safari","2026-08-14","skipped","2026-08-14","Our partners (BIKE) - @regression > Insurer Landing Page Flow","generated/partners.test.ts","",""
"","0","Verify that the user should not allow to enter alphabets - TC_040","firefox","2026-08-14","skipped","2026-08-14","Bike - Shared Flows - @regression @advisor > Find Advisor Popup Flow","generated/shared-flows.test.ts","",""
"","0","Verify that the user is able to get Find Advisor Popup - TC_060","mobile-chrome","2026-08-14","skipped","2026-08-14","Car Dashboard - @smoke @regression","generated/car-module.test.ts","",""
"","0","Verify that the Latest Articles On SBI section is displayed - TC_291","mobile-chrome","2026-08-14","skipped","2026-08-14","SBI Comprehensive - Latest Articles - @regression","generated/car-module.test.ts","",""
"","0","Verify that the FAQs option is clickable - TC_108","firefox","2026-08-14","skipped","2026-08-14","National Car Insurance - More - @regression","generated/car-module.test.ts","",""
"","0","Verify that the insurerspecific Car Insurance page is displayed after clicking the insurer namelogo - TC_220","mobile-safari","2026-08-14","skipped","2026-08-14","Car Insurance - Top Car Insurance Plans - @regression","generated/car-module.test.ts","",""
"","0","Verify that the More Insurers option is displayed - TC_444","mobile-chrome","2026-08-14","skipped","2026-08-14","Royal Sundaram Own Damage - Other Own Damage Plans - @regression","generated/car-module.test.ts","",""
"","0","Verify that all required documents are displayed - TC_101","webkit","2026-08-14","skipped","2026-08-14","National Car Insurance Documents - @regression","generated/car-module.test.ts","",""
"","0","Verify that all network hospital options are displayed under Network Hospitals - TC_015","webkit","2026-08-14","skipped","2026-08-14","Health Dropdown & Navigation - @smoke @regression > Network Hospitals","generated/dropdown-navigation.test.ts","",""
"","0","Verify that the Claims Processed statistic is displayed - TC_213","webkit","2026-08-14","skipped","2026-08-14","Car Insurance - Insurance Experience - @regression","generated/car-module.test.ts","",""
"","0","Verify that the National Car Insurance Renewal section is displayed - TC_093","mobile-safari","2026-08-14","skipped","2026-08-14","National Car Insurance Renewal - @regression","generated/car-module.test.ts","",""
"","1","Verify that the Insurance Partners statistic is displayed - TC_212","mobile-safari","2026-08-14","skipped","2026-08-14","Car Insurance - Insurance Experience - @regression","generated/car-module.test.ts","",""
"","0","Verify that the Addons Available Under SBI Car Insurance Plans section is displayed - TC_261","webkit","2026-08-14","skipped","2026-08-14","SBI Comprehensive - Add-ons - @regression","generated/car-module.test.ts","",""
"","0","Verify that the user is able to click on the LOGIN CTA - TC_038","mobile-chrome","2026-08-14","skipped","2026-08-14","Become a POSP - @regression > POSP Navigation","generated/become-posp.test.ts","",""
"","0","Verify that the Get Quotes CTA is displayed - TC_371","mobile-safari","2026-08-14","skipped","2026-08-14","Royal Sundaram Own Damage - Top Section - @regression","generated/car-module.test.ts","",""
"","0","Verify that the user is able to click on View all article CTA - TC_174","chromium","2026-08-14","skipped","2026-08-14","Our partners (Health) - @regression > Insurer Landing Page Flow","generated/partners.test.ts","",""
"","0","Verify that with invalid Pincode - TC_064","webkit","2026-08-14","skipped","2026-08-14","Car Dashboard - @smoke @regression","generated/car-module.test.ts","",""
"","0","Verify that the user is able to click on articles on the bottom of the page - TC_152","mobile-safari","2026-08-14","skipped","2026-08-14","Our partners (CAR) - @regression > Insurer Landing Page Flow","generated/partners.test.ts","",""
"","0","Verify that the user is able to select Insurer from Our partner sectionand should and land on Insure - TC_157","mobile-safari","2026-08-14","skipped","2026-08-14","Our partners (Health) - @regression > Home Page Flow","generated/partners.test.ts","",""
"","19598","Verify that the industry average claim settlement ratio is displayed - TC_325","chromium","2026-08-14","failed","2026-08-14","SBI Third Party - Claim Settlement Ratio - @regression","generated/car-module.test.ts","",""
"","1","Verify that the More Insurers option is clickable - TC_301","webkit","2026-08-14","skipped","2026-08-14","SBI Comprehensive - Similar Car Insurance Companies - @regression","generated/car-module.test.ts","",""
"","0","Verify that the FAQ section is displayed - TC_177","mobile-safari","2026-08-14","skipped","2026-08-14","Third Party Car Insurance - @regression","generated/car-module.test.ts","",""
"","0","Verify that the user is able to select Insurer type and click on Find Advisor should land on Find Ad - TC_059","mobile-chrome","2026-08-14","skipped","2026-08-14","Car Dashboard - @smoke @regression","generated/car-module.test.ts","",""
"","0","Verify that Personal Accident Cover is displayed - TC_410","chromium","2026-08-14","skipped","2026-08-14","Royal Sundaram Own Damage - Add-ons - @regression","generated/car-module.test.ts","",""
"","0","Verify that the Benefits of FourWheeler ThirdParty Insurance option is clickable - TC_130","chromium","2026-08-14","skipped","2026-08-14","Third Party Car Insurance - Table of Contents - @regression","generated/car-module.test.ts","",""
"","0","Verify that the Latest Articles On SBI section is displayed - TC_358","mobile-safari","2026-08-14","skipped","2026-08-14","SBI Third Party - Articles - @regression","generated/car-module.test.ts","",""
"","0","Verify that the How to Make ThirdParty Car Insurance Claims section is displayed - TC_171","mobile-chrome","2026-08-14","skipped","2026-08-14","Third Party Car Insurance - @regression","generated/car-module.test.ts","",""
"","0","Verify that the user should not allow to enter alphabets - TC_066","webkit","2026-08-14","skipped","2026-08-14","Car Dashboard - @smoke @regression","generated/car-module.test.ts","",""
"","0","Verify that the Quotes Compared statistic is displayed - TC_211","mobile-chrome","2026-08-14","skipped","2026-08-14","Car Insurance - Insurance Experience - @regression","generated/car-module.test.ts","",""
"","0","Verify that the Latest Articles On SBI section is displayed - TC_358","webkit","2026-08-14","skipped","2026-08-14","SBI Third Party - Articles - @regression","generated/car-module.test.ts","",""
"","0","Verify that all topics are displayed in the Table of Contents - TC_125","chromium","2026-08-14","skipped","2026-08-14","Third Party Car Insurance - @regression","generated/car-module.test.ts","",""
"","1","Verify that the FAQ answer is displayed correctly - TC_113","mobile-safari","2026-08-14","skipped","2026-08-14","National Car Insurance FAQs - @regression","generated/car-module.test.ts","",""
"","0","Verify that all garage insurer options are displayed under Cashless Garage - TC_005","mobile-chrome","2026-08-14","skipped","2026-08-14","Car Dashboard - @smoke @regression","generated/car-module.test.ts","",""
"","0","Verify that the user is able to click on articles on the bottom of the page - TC_172","firefox","2026-08-14","skipped","2026-08-14","Our partners (Health) - @regression > Insurer Landing Page Flow","generated/partners.test.ts","",""
"","0","Verify that the Car Insurance link is clickable - TC_153","webkit","2026-08-14","skipped","2026-08-14","Third Party Car Insurance - Get Best Insurance Quotes - @regression","generated/car-module.test.ts","",""
"","0","Verify that clicking Get Quotes opens the Profile Journey - TC_372","mobile-chrome","2026-08-14","skipped","2026-08-14","Royal Sundaram Own Damage - Top Section - @regression","generated/car-module.test.ts","",""
"","16522","Verify that the Starting Premium section is displayed - TC_066","chromium","2026-08-14","failed","2026-08-14","National Car Insurance - @regression","generated/car-module.test.ts","",""
"","0","Verify that the How to Make ThirdParty Car Insurance Claims option is clickable - TC_143","mobile-chrome","2026-08-14","skipped","2026-08-14","Third Party Car Insurance - Table of Contents - @regression","generated/car-module.test.ts","",""
"","0","Verify that the Read More CTA is displayed - TC_428","firefox","2026-08-14","skipped","2026-08-14","Royal Sundaram Own Damage - Documents Required - @regression","generated/car-module.test.ts","",""
"","1","Verify that thirdparty damage details requirement is displayed - TC_287","webkit","2026-08-14","skipped","2026-08-14","SBI Comprehensive - Documents Required For Claims - @regression","generated/car-module.test.ts","",""
"","0","Verify that the user is able to enter the car registration number - TC_204","webkit","2026-08-14","skipped","2026-08-14","Car Insurance - Top Quote Section - @regression","generated/car-module.test.ts","",""
"","1","Verify that the Check Premium CTA is displayed - TC_217","mobile-safari","2026-08-14","skipped","2026-08-14","Car Insurance - Top Car Insurance Plans - @regression","generated/car-module.test.ts","",""
"","0","Verify that the user is able to click on articles on the bottom of the page - TC_131","mobile-safari","2026-08-14","skipped","2026-08-14","Our partners (BIKE) - @regression > Insurer Landing Page Flow","generated/partners.test.ts","",""
"","30","Find Nearby Advisor section is present","Default Suite","2026-08-14","passed","2026-08-14","com.turtlemint.tests.HomePageTests","TestNGTest-aef7d058-1cd0-46e2-b000-19d254d7c2be","com.turtlemint.tests.HomePageTests","verifyFindAdvisorSectionExists"
"","0","Verify that after clicking Find Advisor user should redirect to Advisor listing page - TC_114","webkit","2026-08-14","skipped","2026-08-14","Life Dropdown & Navigation - @smoke @regression > Life Landing Page Flow","generated/dropdown-navigation.test.ts","",""
"","0","Verify that the Claim Settlement Ratio section is displayed - TC_323","firefox","2026-08-14","skipped","2026-08-14","SBI Third Party - Claim Settlement Ratio - @regression","generated/car-module.test.ts","",""
"","0","Verify that the customer is able to interact with the support email - TC_027","mobile-chrome","2026-08-14","skipped","2026-08-14","Raise a Claim - @regression > Contact Support","generated/raise-claim.test.ts","",""
"","0","Verify that the Drawbacks of ThirdParty Car Insurance section is displayed - TC_169","mobile-chrome","2026-08-14","skipped","2026-08-14","Third Party Car Insurance - @regression","generated/car-module.test.ts","",""
"","0","Verify that the selected Pincode is present on top of the page - TC_094","mobile-chrome","2026-08-14","skipped","2026-08-14","Life - Shared Flows - @regression @advisor > Advisor Listing Page Flow","generated/shared-flows.test.ts","",""
"","1","Verify that this Please enter the pincode error message should come if user not enters pincode - TC_111","mobile-chrome","2026-08-14","skipped","2026-08-14","Life Dropdown & Navigation - @smoke @regression > Life Landing Page Flow","generated/dropdown-navigation.test.ts","",""
"","0","Verify that Lifetime Road Tax Clause is displayed - TC_408","chromium","2026-08-14","skipped","2026-08-14","Royal Sundaram Own Damage - Add-ons - @regression","generated/car-module.test.ts","",""
"","0","Verify that after entering valid pincode click on Submit should land on Advisor Listing Page - TC_092","firefox","2026-08-14","skipped","2026-08-14","Life - Shared Flows - @regression @advisor > Find Advisor Popup Flow","generated/shared-flows.test.ts","",""
"","18818","Verify that Consumable Cover is displayed - TC_340","chromium","2026-08-14","failed","2026-08-14","SBI Third Party - Add-ons - @regression","generated/car-module.test.ts","",""
"","0","Verify that the Read More CTA is displayed - TC_348","webkit","2026-08-14","skipped","2026-08-14","SBI Third Party - Claims - @regression","generated/car-module.test.ts","",""
"","0","Verify that the ThirdParty Insurance Premium Rates section is displayed - TC_164","firefox","2026-08-14","skipped","2026-08-14","Third Party Car Insurance - @regression","generated/car-module.test.ts","",""
"","0","Verify that the SBI Customer Care email ID is displayed - TC_290","mobile-chrome","2026-08-14","skipped","2026-08-14","SBI Comprehensive - Customer Care - @regression","generated/car-module.test.ts","",""
"","0","Verify that the More Insurers option is displayed - TC_298","mobile-chrome","2026-08-14","skipped","2026-08-14","SBI Comprehensive - Other Comprehensive Car Insurance Plans - @regression","generated/car-module.test.ts","",""
"","0","Verify that the Read More CTA is displayed - TC_421","chromium","2026-08-14","skipped","2026-08-14","Royal Sundaram Own Damage - Claims - @regression","generated/car-module.test.ts","",""
"","1","Verify that the Claims navigation option is clickable - TC_061","mobile-chrome","2026-08-14","skipped","2026-08-14","National Car Insurance Navigation - @regression","generated/car-module.test.ts","",""
"","17703","Verify that the SBI Customer Care number is displayed - TC_356","chromium","2026-08-14","failed","2026-08-14","SBI Third Party - Customer Care - @regression","generated/car-module.test.ts","",""
"","0","Verify that Engine Guard is displayed - TC_339","webkit","2026-08-14","skipped","2026-08-14","SBI Third Party - Add-ons - @regression","generated/car-module.test.ts","",""
"","10569","Verify that once user enters Pincode then Submit CTA should enable - TC_063","chromium","2026-08-14","passed","2026-08-14","Car Dashboard - @smoke @regression","generated/car-module.test.ts","",""
"","0","Verify that the More Insurers option is displayed and clickable - TC_368","mobile-chrome","2026-08-14","skipped","2026-08-14","SBI Third Party - Similar Car Insurance Companies - @regression","generated/car-module.test.ts","",""
"","0","Verify that the policy cancellation FAQ is displayed - TC_450","chromium","2026-08-14","skipped","2026-08-14","Royal Sundaram Own Damage - FAQs - @regression","generated/car-module.test.ts","",""
"","0","Verify that once user enters Pincode then Submit CTA should enable - TC_063","firefox","2026-08-14","skipped","2026-08-14","Car Dashboard - @smoke @regression","generated/car-module.test.ts","",""
"","0","Verify that the Get Quote CTA is displayedavailable for the car number flow - TC_045","firefox","2026-08-14","skipped","2026-08-14","National Car Insurance - @regression","generated/car-module.test.ts","",""
"","0","Verify that the Read More CTA is displayed - TC_421","webkit","2026-08-14","skipped","2026-08-14","Royal Sundaram Own Damage - Claims - @regression","generated/car-module.test.ts","",""
"","0","Verify that the Car Insurance Companies Similar To Royal Sundaram section is displayed - TC_445","webkit","2026-08-14","skipped","2026-08-14","Royal Sundaram Own Damage - Similar Car Insurance Companies - @regression","generated/car-module.test.ts","",""
"","0","Verify that the Read More CTA is displayed for the Comprehensive plan - TC_071","firefox","2026-08-14","skipped","2026-08-14","National Car Insurance Plans - @regression","generated/car-module.test.ts","",""
"","18487","Verify that the Addons section is displayed - TC_331","chromium","2026-08-14","failed","2026-08-14","SBI Third Party - Add-ons - @regression","generated/car-module.test.ts","",""
"","0","Verify that the Bajaj car insurance option is clickable - TC_184","chromium","2026-08-14","skipped","2026-08-14","Third Party Car Insurance - Car Insurance Companies - @regression","generated/car-module.test.ts","",""
"","0","Verify that the More navigation option is displayed and clickable - TC_064","webkit","2026-08-14","skipped","2026-08-14","National Car Insurance Navigation - @regression","generated/car-module.test.ts","",""
"","0","Verify that the user is able to select Insurer type and click on Find Advisor should land on Find Ad - TC_059","webkit","2026-08-14","skipped","2026-08-14","Car Dashboard - @smoke @regression","generated/car-module.test.ts","",""
"","0","Verify that the user is able to select any Insurer from our Partner sections - TC_116","webkit","2026-08-14","skipped","2026-08-14","Our partners (BIKE) - @regression > Insurer Landing Page Flow","generated/partners.test.ts","",""
"","0","Verify that the user is able to enter the car registration number - TC_204","mobile-chrome","2026-08-14","skipped","2026-08-14","Car Insurance - Top Quote Section - @regression","generated/car-module.test.ts","",""
"","0","Verify that the Buy Now CTA is displayed for the Comprehensive plan - TC_073","firefox","2026-08-14","skipped","2026-08-14","National Car Insurance Plans - @regression","generated/car-module.test.ts","",""
"","18686","Verify that the Key Replacement addon is displayed - TC_265","chromium","2026-08-14","failed","2026-08-14","SBI Comprehensive - Add-ons - @regression","generated/car-module.test.ts","",""
"","1","Verify that the National Car Insurance Plans Overview section is displayed - TC_068","firefox","2026-08-14","skipped","2026-08-14","National Car Insurance Plans - @regression","generated/car-module.test.ts","",""
"","0","Verify that the user is able to click on Get a Quote CTA - TC_055","webkit","2026-08-14","skipped","2026-08-14","Car Dashboard - @smoke @regression","generated/car-module.test.ts","",""
"","0","Verify that the user is able to get Book an Expert call Section of right side of page - TC_129","chromium","2026-08-14","skipped","2026-08-14","Our partners (BIKE) - @regression > Insurer Landing Page Flow","generated/partners.test.ts","",""
"","0","Verify that the Table of Contents section is displayed - TC_124","firefox","2026-08-14","skipped","2026-08-14","Third Party Car Insurance - @regression","generated/car-module.test.ts","",""
"","0","Verify that advisor distance is visible - TC_076","mobile-chrome","2026-08-14","skipped","2026-08-14","Car Dashboard - @smoke @regression","generated/car-module.test.ts","",""
"","0","Verify that the Download Now CTA is displayed on the Raise a Claim page - TC_022","mobile-chrome","2026-08-14","skipped","2026-08-14","Raise a Claim - @regression > Raise a Claim Flow","generated/raise-claim.test.ts","",""
"","0","Verify that the Exclusions navigation option is clickable - TC_059","mobile-chrome","2026-08-14","skipped","2026-08-14","National Car Insurance Navigation - @regression","generated/car-module.test.ts","",""
"","0","Verify that the available SBI article cards are displayed - TC_292","mobile-chrome","2026-08-14","skipped","2026-08-14","SBI Comprehensive - Latest Articles - @regression","generated/car-module.test.ts","",""
"","19427","Verify that the Claim Settlement Ratio menu navigates to the Claim Settlement Ratio section - TC_244","chromium","2026-08-14","failed","2026-08-14","SBI Comprehensive - Section Navigation - @regression","generated/car-module.test.ts","",""
"","0","Verify that the Read More CTA is displayed - TC_209","mobile-chrome","2026-08-14","skipped","2026-08-14","Car Insurance - Introduction - @regression","generated/car-module.test.ts","",""
"","0","Verify that pension retirement is clickable - TC_109","mobile-chrome","2026-08-14","skipped","2026-08-14","Life Landing Page - @regression @landing","generated/life-landing.test.ts","",""
"","0","Verify that the user is able to select any Insurer from our Partner sections - TC_178","mobile-safari","2026-08-14","skipped","2026-08-14","Our partners (Life) - @regression > Insurer Landing Page Flow","generated/partners.test.ts","",""
"","0","Verify that the More Insurers option is displayed - TC_444","mobile-safari","2026-08-14","skipped","2026-08-14","Royal Sundaram Own Damage - Other Own Damage Plans - @regression","generated/car-module.test.ts","",""
"","0","Verify that the Car dropdown is displayed - TC_001","firefox","2026-08-14","skipped","2026-08-14","Car Dashboard - @smoke @regression","generated/car-module.test.ts","",""
"","0","Verify that the user is able to collapse an expanded FAQ - TC_179","mobile-chrome","2026-08-14","skipped","2026-08-14","Third Party Car Insurance - FAQs - @regression","generated/car-module.test.ts","",""
"","0","Verify that the user is able to select Insurer from Our partner sectionand should and land on Insure - TC_157","chromium","2026-08-14","skipped","2026-08-14","Our partners (Health) - @regression > Home Page Flow","generated/partners.test.ts","",""
"","0","Verify that the SBI Customer Care number is displayed - TC_289","webkit","2026-08-14","skipped","2026-08-14","SBI Comprehensive - Customer Care - @regression","generated/car-module.test.ts","",""
"","0","Verify that the Factors that Affect ThirdParty Insurance Premium option is clickable - TC_137","mobile-safari","2026-08-14","skipped","2026-08-14","Third Party Car Insurance - Table of Contents - @regression","generated/car-module.test.ts","",""
"","0","Verify that the Claims menu navigates to the Claims section - TC_242","mobile-chrome","2026-08-14","skipped","2026-08-14","SBI Comprehensive - Section Navigation - @regression","generated/car-module.test.ts","",""
"","17549","Verify that the renewal process information is displayed - TC_094","chromium","2026-08-14","failed","2026-08-14","National Car Insurance Renewal - @regression","generated/car-module.test.ts","",""
"","0","Verify that Tyre Cover is displayed - TC_407","mobile-safari","2026-08-14","skipped","2026-08-14","Royal Sundaram Own Damage - Add-ons - @regression","generated/car-module.test.ts","",""
"","0","Verify that original invoicereceipts requirement is displayed - TC_427","webkit","2026-08-14","skipped","2026-08-14","Royal Sundaram Own Damage - Documents Required - @regression","generated/car-module.test.ts","",""
"","5925","Verify that saving For Child is clickable - TC_108","chromium","2026-08-14","passed","2026-08-14","Life Dropdown & Navigation - @smoke @regression > Life Landing Page Flow","generated/dropdown-navigation.test.ts","",""
"","0","Verify that the How to Buy ThirdParty Car Insurance Online from Turtlemint section is displayed - TC_174","firefox","2026-08-14","skipped","2026-08-14","Third Party Car Insurance - @regression","generated/car-module.test.ts","",""
"","4580","Verify that the User should get this Please select type of insurance to proceed to the next step mes - TC_056","chromium","2026-08-14","passed","2026-08-14","Car Dashboard - @smoke @regression","generated/car-module.test.ts","",""
"","0","Verify that advisor distance is visible - TC_101","chromium","2026-08-14","skipped","2026-08-14","Life - Shared Flows - @regression @advisor > Advisor Listing Page Flow","generated/shared-flows.test.ts","",""
"","16700","Verify that the No Claim Bonus Protection addon is displayed - TC_264","chromium","2026-08-14","failed","2026-08-14","SBI Comprehensive - Add-ons - @regression","generated/car-module.test.ts","",""
"","0","Verify that the Read More CTA is displayed - TC_435","firefox","2026-08-14","skipped","2026-08-14","Royal Sundaram Own Damage - Renewal - @regression","generated/car-module.test.ts","",""
"","0","Verify that the user is able to get Insurer list on the right side of the page - TC_155","firefox","2026-08-14","skipped","2026-08-14","Our partners (CAR) - @regression > Insurer Landing Page Flow","generated/partners.test.ts","",""
"","18223","Verify that the National Car Insurance Exclusions section is displayed - TC_090","chromium","2026-08-14","failed","2026-08-14","National Car Insurance Exclusions - @regression","generated/car-module.test.ts","",""
"","0","Verify that the SBI Comprehensive Car Insurance page top section is displayed - TC_232","mobile-safari","2026-08-14","skipped","2026-08-14","SBI Comprehensive - Top Section - @regression","generated/car-module.test.ts","",""
"","0","Verify that the user should get this Pincode not found for invalid Pincode - TC_039","webkit","2026-08-14","skipped","2026-08-14","Bike - Shared Flows - @regression @advisor > Find Advisor Popup Flow","generated/shared-flows.test.ts","",""
"","0","Verify that the user is navigated to the Third Party Car Insurance page - TC_119","webkit","2026-08-14","skipped","2026-08-14","Third Party Car Insurance - @regression","generated/car-module.test.ts","",""
"","0","Verify that the user is able to click on the Download Now CTA - TC_023","webkit","2026-08-14","skipped","2026-08-14","Raise a Claim - @regression > Raise a Claim Flow","generated/raise-claim.test.ts","",""
"","0","Verify that the User should get this Please select type of insurance to proceed to the next step mes - TC_057","mobile-chrome","2026-08-14","skipped","2026-08-14","Car Dashboard - @smoke @regression","generated/car-module.test.ts","",""
"","0","Verify that Year of Inception should be present on top of the page - TC_165","chromium","2026-08-14","skipped","2026-08-14","Our partners (Health) - @regression > Insurer Landing Page Flow","generated/partners.test.ts","",""
"","0","Verify that clicking on Plans it redirect to life Profile page - TC_110","firefox","2026-08-14","skipped","2026-08-14","Life Landing Page - @regression @landing","generated/life-landing.test.ts","",""
"","0","Verify that the Factors that Affect ThirdParty Insurance Premium section is displayed - TC_165","mobile-safari","2026-08-14","skipped","2026-08-14","Third Party Car Insurance - @regression","generated/car-module.test.ts","",""
"","0","Verify that Bifuel Kit Cover is displayed - TC_332","webkit","2026-08-14","skipped","2026-08-14","SBI Third Party - Add-ons - @regression","generated/car-module.test.ts","",""
"","0","Verify that the National Car Insurance Renewal section is displayed - TC_093","mobile-chrome","2026-08-14","skipped","2026-08-14","National Car Insurance Renewal - @regression","generated/car-module.test.ts","",""
"","0","Verify that No of Branches should be present on top of the page - TC_123","webkit","2026-08-14","skipped","2026-08-14","Our partners (BIKE) - @regression > Insurer Landing Page Flow","generated/partners.test.ts","",""
"","15615","Verify that the Premium Calculator provides the expected informationinstructions to the user - TC_080","chromium","2026-08-14","failed","2026-08-14","National Premium Calculator - @regression","generated/car-module.test.ts","",""
"","0","Verify that the insurance policy document requirement is displayed - TC_423","firefox","2026-08-14","skipped","2026-08-14","Royal Sundaram Own Damage - Documents Required - @regression","generated/car-module.test.ts","",""
"","6080","Verify that the Health Insurance page is displayed - TC_200","chromium","2026-08-14","passed","2026-08-14","Health Dropdown & Navigation - @smoke @regression > Health Insurance","generated/dropdown-navigation.test.ts","",""
"","0","Verify that the Get Quotes Without Car Number CTA is displayed - TC_235","webkit","2026-08-14","skipped","2026-08-14","SBI Comprehensive - Top Section - @regression","generated/car-module.test.ts","",""
"","0","Verify that the Documents Required For Claims section is displayed - TC_283","mobile-chrome","2026-08-14","skipped","2026-08-14","SBI Comprehensive - Documents Required For Claims - @regression","generated/car-module.test.ts","",""
"","0","Verify that the SBI Comprehensive Insurance card details are displayed - TC_230","mobile-safari","2026-08-14","skipped","2026-08-14","Car Insurance - Top Car Insurance Plans - Comprehensive - @regression","generated/car-module.test.ts","",""
"","0","Verify that the Addons section provides the expected information - TC_086","webkit","2026-08-14","skipped","2026-08-14","National Car Insurance Add-ons - @regression","generated/car-module.test.ts","",""
"","0","Verify that the Driving License requirement is displayed - TC_285","mobile-chrome","2026-08-14","skipped","2026-08-14","SBI Comprehensive - Documents Required For Claims - @regression","generated/car-module.test.ts","",""
"","1","Verify that the user is able to click on Get Quotes Without Bike Number CTA - TC_121","mobile-chrome","2026-08-14","skipped","2026-08-14","Our partners (BIKE) - @regression > Insurer Landing Page Flow","generated/partners.test.ts","",""
"","18078","Verify that the SBI Claim Settlement Ratio section is displayed - TC_250","chromium","2026-08-14","failed","2026-08-14","SBI Comprehensive - Claim Settlement Ratio - @regression","generated/car-module.test.ts","",""
"","0","Verify that advisor policy sold count is visible - TC_075","firefox","2026-08-14","skipped","2026-08-14","Car Dashboard - @smoke @regression","generated/car-module.test.ts","",""
"","0","Verify that the user is able to enter the car registration number - TC_204","chromium","2026-08-14","skipped","2026-08-14","Car Insurance - Top Quote Section - @regression","generated/car-module.test.ts","",""
"","0","Verify that the More Insurers option is displayed - TC_366","mobile-safari","2026-08-14","skipped","2026-08-14","SBI Third Party - Other Third Party Plans - @regression","generated/car-module.test.ts","",""
"","0","Verify that the Latest Articles section is displayed - TC_115","mobile-safari","2026-08-14","skipped","2026-08-14","National Car Insurance Articles - @regression","generated/car-module.test.ts","",""
"","18757","Verify that the More Insurers option is displayed - TC_298","chromium","2026-08-14","failed","2026-08-14","SBI Comprehensive - Other Comprehensive Car Insurance Plans - @regression","generated/car-module.test.ts","",""
"","1","Verify that the user is able to click on Download now CTA on the right side of the page - TC_171","webkit","2026-08-14","skipped","2026-08-14","Our partners (Health) - @regression > Insurer Landing Page Flow","generated/partners.test.ts","",""
"","0","Verify that advisor profile picture is visible - TC_047","mobile-safari","2026-08-14","skipped","2026-08-14","Bike - Shared Flows - @regression @advisor > Advisor Listing Page Flow","generated/shared-flows.test.ts","",""
"","0","Verify that the National Claim Settlement Ratio section is displayed - TC_067","mobile-safari","2026-08-14","skipped","2026-08-14","National Car Insurance - @regression","generated/car-module.test.ts","",""
"","0","Verify that the Claims Processed statistic is displayed - TC_213","mobile-safari","2026-08-14","skipped","2026-08-14","Car Insurance - Insurance Experience - @regression","generated/car-module.test.ts","",""
"","0","Verify that home functionality is redirecting to Homepage or not - TC_096","mobile-chrome","2026-08-14","skipped","2026-08-14","Life - Shared Flows - @regression @advisor > Advisor Listing Page Flow","generated/shared-flows.test.ts","",""
"","0","Verify that the user is able to click on Find Advisor CTA - TC_054","mobile-safari","2026-08-14","skipped","2026-08-14","Car Dashboard - @smoke @regression","generated/car-module.test.ts","",""
"","0","Verify that the Read More CTA is displayed - TC_421","mobile-chrome","2026-08-14","skipped","2026-08-14","Royal Sundaram Own Damage - Claims - @regression","generated/car-module.test.ts","",""
"","0","Verify that all initially displayed car insurance companies are displayed - TC_183","chromium","2026-08-14","skipped","2026-08-14","Third Party Car Insurance - Car Insurance Companies - @regression","generated/car-module.test.ts","",""
"","0","Verify that with invalid Pincode - TC_089","webkit","2026-08-14","skipped","2026-08-14","Life - Shared Flows - @regression @advisor > Find Advisor Popup Flow","generated/shared-flows.test.ts","",""
"","0","Verify that clicking on Plans it redirect to life Profile page - TC_110","webkit","2026-08-14","skipped","2026-08-14","Life Dropdown & Navigation - @smoke @regression > Life Landing Page Flow","generated/dropdown-navigation.test.ts","",""
"","0","Verify that the How Does ThirdParty Car Insurance Work option is clickable - TC_128","webkit","2026-08-14","skipped","2026-08-14","Third Party Car Insurance - Table of Contents - @regression","generated/car-module.test.ts","",""
"","3","Verify that the user is able to click on Insurer on the Insurer section - TC_135","firefox","2026-08-14","skipped","2026-08-14","Our partners (BIKE) - @regression > Insurer Landing Page Flow","generated/partners.test.ts","",""
"","0","Verify that the Articles menu navigates to the Articles section - TC_319","webkit","2026-08-14","skipped","2026-08-14","SBI Third Party - Section Navigation - @regression","generated/car-module.test.ts","",""
"","0","Verify that the user is able to select Insurer from Our partner sectionand should and land on Insure - TC_136","mobile-chrome","2026-08-14","skipped","2026-08-14","Our partners (CAR) - @regression > Home Page Flow","generated/partners.test.ts","",""
"","0","Verify that the Articles menu navigates to the Articles section - TC_319","mobile-chrome","2026-08-14","skipped","2026-08-14","SBI Third Party - Section Navigation - @regression","generated/car-module.test.ts","",""
"","0","Verify that the Policies Sold statistic is displayed - TC_214","firefox","2026-08-14","skipped","2026-08-14","Car Insurance - Insurance Experience - @regression","generated/car-module.test.ts","",""
"","0","Verify that the selected Insurer icon is on top of the page - TC_118","chromium","2026-08-14","skipped","2026-08-14","Our partners (BIKE) - @regression > Insurer Landing Page Flow","generated/partners.test.ts","",""
"","0","Verify that the User should get this Please select type of insurance to proceed to the next step mes - TC_082","mobile-safari","2026-08-14","skipped","2026-08-14","Life - Shared Flows - @regression @advisor > Home Page Flow","generated/shared-flows.test.ts","",""
"","0","Verify that the selected Insurer icon is on top of the page - TC_118","mobile-safari","2026-08-14","skipped","2026-08-14","Our partners (BIKE) - @regression > Insurer Landing Page Flow","generated/partners.test.ts","",""
"","0","Verify that the Customer Care menu navigates to the Customer Care section - TC_382","mobile-safari","2026-08-14","skipped","2026-08-14","Royal Sundaram Own Damage - Section Navigation - @regression","generated/car-module.test.ts","",""
"","0","Verify that the breadcrumb is displayed - TC_120","webkit","2026-08-14","skipped","2026-08-14","Third Party Car Insurance - @regression","generated/car-module.test.ts","",""
"","0","Verify that the View More option is displayed in the Addons section - TC_275","webkit","2026-08-14","skipped","2026-08-14","SBI Comprehensive - Add-ons - @regression","generated/car-module.test.ts","",""
"","0","Verify that the National Car Insurance customer care information is displayed - TC_104","webkit","2026-08-14","skipped","2026-08-14","National Car Insurance Customer Care - @regression","generated/car-module.test.ts","",""
"","0","Verify that the renewalrelated CTAlink is displayed - TC_095","webkit","2026-08-14","skipped","2026-08-14","National Car Insurance Renewal - @regression","generated/car-module.test.ts","",""
"","0","Verify that the Top ThirdParty Car Insurance Plans option is clickable - TC_132","firefox","2026-08-14","skipped","2026-08-14","Third Party Car Insurance - Table of Contents - @regression","generated/car-module.test.ts","",""
"","0","Verify that the Bifuel Kit Cover addon is displayed - TC_262","mobile-safari","2026-08-14","skipped","2026-08-14","SBI Comprehensive - Add-ons - @regression","generated/car-module.test.ts","",""
"","0","Verify that the Car Insurance page header is displayed - TC_202","firefox","2026-08-14","skipped","2026-08-14","Car Insurance - Header - @regression","generated/car-module.test.ts","",""
"","6219","Verify that visit website CTA is visible on all advisor - TC_077","chromium","2026-08-14","passed","2026-08-14","Car Dashboard - @smoke @regression","generated/car-module.test.ts","",""
"","0","Verify that the How are ThirdParty Car Insurance Premium Rates Calculated option is clickable - TC_131","webkit","2026-08-14","skipped","2026-08-14","Third Party Car Insurance - Table of Contents - @regression","generated/car-module.test.ts","",""
"","0","Verify that the SBI Customer Care section is displayed - TC_355","mobile-chrome","2026-08-14","skipped","2026-08-14","SBI Third Party - Customer Care - @regression","generated/car-module.test.ts","",""
"","0","Verify that home functionality is redirecting to Homepage or not - TC_045","webkit","2026-08-14","skipped","2026-08-14","Bike - Shared Flows - @regression @advisor > Advisor Listing Page Flow","generated/shared-flows.test.ts","",""
"","0","Verify that Cashless Garages should be present on top of the page - TC_124","firefox","2026-08-14","skipped","2026-08-14","Our partners (BIKE) - @regression > Insurer Landing Page Flow","generated/partners.test.ts","",""
"","0","Verify that the Cashless Claim process is displayed - TC_416","firefox","2026-08-14","skipped","2026-08-14","Royal Sundaram Own Damage - Claims - @regression","generated/car-module.test.ts","",""
"","0","Verify that the User should get this Please select type of insurance to proceed to the next step mes - TC_083","mobile-chrome","2026-08-14","skipped","2026-08-14","Life - Shared Flows - @regression @advisor > Home Page Flow","generated/shared-flows.test.ts","",""
"","0","Verify that the car number input field is displayed - TC_043","webkit","2026-08-14","skipped","2026-08-14","National Car Insurance - @regression","generated/car-module.test.ts","",""
"","0","Verify that after entering valid pincode click on Submit should land on Advisor Listing Page - TC_092","mobile-safari","2026-08-14","skipped","2026-08-14","Life - Shared Flows - @regression @advisor > Find Advisor Popup Flow","generated/shared-flows.test.ts","",""
"","0","Verify that the insurance type links are displayed below the National Car Insurance heading - TC_050","webkit","2026-08-14","skipped","2026-08-14","National Car Insurance - @regression","generated/car-module.test.ts","",""
"","0","Verify that the KYC document requirements are displayed - TC_417","mobile-safari","2026-08-14","skipped","2026-08-14","Royal Sundaram Own Damage - Claims - @regression","generated/car-module.test.ts","",""
"","1","Verify that the Why Join TurtlemintPro section is displayed - TC_033","mobile-chrome","2026-08-14","skipped","2026-08-14","Become a POSP - @regression > Why Join TurtlemintPro","generated/become-posp.test.ts","",""
"","0","Verify that after clicking Find Advisor user should redirect to Advisor listing page - TC_114","mobile-safari","2026-08-14","skipped","2026-08-14","Life Landing Page - @regression @landing","generated/life-landing.test.ts","",""
"","0","Verify that a valid car registration number can be entered - TC_328","mobile-safari","2026-08-14","skipped","2026-08-14","SBI Third Party - Premium Calculator - @regression","generated/car-module.test.ts","",""
"","0","Verify that the FAQ section is displayed - TC_447","chromium","2026-08-14","skipped","2026-08-14","Royal Sundaram Own Damage - FAQs - @regression","generated/car-module.test.ts","",""
"","0","Verify that the user should land on Insurer page after selecting Insurer - TC_117","chromium","2026-08-14","skipped","2026-08-14","Our partners (BIKE) - @regression > Insurer Landing Page Flow","generated/partners.test.ts","",""
"","0","Verify that the user is able to select insurance type - TC_001","mobile-safari","2026-08-14","skipped","2026-08-14","Health - Shared Flows - @regression @advisor > Home Page Flow","generated/shared-flows.test.ts","",""
"","0","Verify that the user is able to expand an FAQ question - TC_112","webkit","2026-08-14","skipped","2026-08-14","National Car Insurance FAQs - @regression","generated/car-module.test.ts","",""
"","0","Verify that the Find Plans CTA is displayed - TC_122","mobile-chrome","2026-08-14","skipped","2026-08-14","Third Party Car Insurance - @regression","generated/car-module.test.ts","",""
"","0","Verify that visit website CTA is visible on all advisor - TC_102","chromium","2026-08-14","skipped","2026-08-14","Life - Shared Flows - @regression @advisor > Advisor Listing Page Flow","generated/shared-flows.test.ts","",""
"","0","Verify that the user is able to enter Pincode - TC_035","chromium","2026-08-14","skipped","2026-08-14","Bike - Shared Flows - @regression @advisor > Find Advisor Popup Flow","generated/shared-flows.test.ts","",""
"","0","Verify that the EMI Protector addon is displayed - TC_272","mobile-chrome","2026-08-14","skipped","2026-08-14","SBI Comprehensive - Add-ons - @regression","generated/car-module.test.ts","",""
"","0","Verify that the user is able to enter Pincode - TC_035","mobile-chrome","2026-08-14","skipped","2026-08-14","Bike - Shared Flows - @regression @advisor > Find Advisor Popup Flow","generated/shared-flows.test.ts","",""
"","0","Verify that the Overview menu navigates to the Overview section - TC_379","mobile-chrome","2026-08-14","skipped","2026-08-14","Royal Sundaram Own Damage - Section Navigation - @regression","generated/car-module.test.ts","",""
"","0","Verify that the Renewal navigation option is clickable - TC_060","firefox","2026-08-14","skipped","2026-08-14","National Car Insurance Navigation - @regression","generated/car-module.test.ts","",""
"","1","Verify that all sections are displayed in the Car dropdown - TC_002","webkit","2026-08-14","skipped","2026-08-14","Car Dashboard - @smoke @regression","generated/car-module.test.ts","",""
"","16123","Verify that the National Car Insurance customer care information is displayed - TC_104","chromium","2026-08-14","failed","2026-08-14","National Car Insurance Customer Care - @regression","generated/car-module.test.ts","",""
"","0","Verify that Network Hospitals should be present on top of the page - TC_164","chromium","2026-08-14","skipped","2026-08-14","Our partners (Health) - @regression > Insurer Landing Page Flow","generated/partners.test.ts","",""
"","0","Verify that clicking on Plans it redirect to life Profile page - TC_110","mobile-safari","2026-08-14","skipped","2026-08-14","Life Landing Page - @regression @landing","generated/life-landing.test.ts","",""
"","0","Verify that the How to Renew ThirdParty Car Insurance Plan option is clickable - TC_145","mobile-chrome","2026-08-14","skipped","2026-08-14","Third Party Car Insurance - Table of Contents - @regression","generated/car-module.test.ts","",""
"","0","Verify that the rightside section navigation menu is displayed - TC_378","mobile-chrome","2026-08-14","skipped","2026-08-14","Royal Sundaram Own Damage - Section Navigation - @regression","generated/car-module.test.ts","",""
"","0","Verify that submit CTA is disable for blank Pincode - TC_087","mobile-chrome","2026-08-14","skipped","2026-08-14","Life - Shared Flows - @regression @advisor > Find Advisor Popup Flow","generated/shared-flows.test.ts","",""
"","0","Verify that an insurer link redirects to the corresponding page - TC_297","webkit","2026-08-14","skipped","2026-08-14","SBI Comprehensive - Other Comprehensive Car Insurance Plans - @regression","generated/car-module.test.ts","",""
"","0","Verify that Daily Cash is displayed - TC_404","mobile-safari","2026-08-14","skipped","2026-08-14","Royal Sundaram Own Damage - Add-ons - @regression","generated/car-module.test.ts","",""
"","0","Verify that the Life Insurance option is clickable - TC_201","mobile-chrome","2026-08-14","skipped","2026-08-14","Life Dropdown & Navigation - @smoke @regression > Life Insurance - Header Navigation","generated/dropdown-navigation.test.ts","",""
"","0","Verify that the depreciation deduction table is displayed - TC_449","mobile-safari","2026-08-14","skipped","2026-08-14","Royal Sundaram Own Damage - FAQs - @regression","generated/car-module.test.ts","",""
"","0","Verify that the user is able to complete the action successfully click on More Dropdown - TC_149","mobile-chrome","2026-08-14","skipped","2026-08-14","Our partners (CAR) - @regression > Insurer Landing Page Flow","generated/partners.test.ts","",""
"","0","Verify that the user is able to get Find Advisor Popup - TC_008","webkit","2026-08-14","skipped","2026-08-14","Health - Shared Flows - @regression @advisor > Find Advisor Popup Flow","generated/shared-flows.test.ts","",""
"","2","Verify that the available Royal Sundaram article cards are displayed - TC_437","mobile-safari","2026-08-14","skipped","2026-08-14","Royal Sundaram Own Damage - Articles - @regression","generated/car-module.test.ts","",""
"","0","Verify that repair monitoring and reimbursement information is displayed - TC_347","webkit","2026-08-14","skipped","2026-08-14","SBI Third Party - Claims - @regression","generated/car-module.test.ts","",""
"","0","Verify that the Why Turtlemint Insurance for claims settlement section is displayed - TC_029","firefox","2026-08-14","skipped","2026-08-14","Raise a Claim - @regression > Claims Settlement Benefits","generated/raise-claim.test.ts","",""
"","1","Verify that Voluntary Deductible Cover is displayed - TC_401","mobile-chrome","2026-08-14","skipped","2026-08-14","Royal Sundaram Own Damage - Add-ons - @regression","generated/car-module.test.ts","",""
"","0","Verify that the User should get this Please select type of insurance to proceed to the next step mes - TC_031","chromium","2026-08-14","skipped","2026-08-14","Bike - Shared Flows - @regression @advisor > Home Page Flow","generated/shared-flows.test.ts","",""
"","0","Verify that the Premium Calculator section is displayed - TC_393","mobile-chrome","2026-08-14","skipped","2026-08-14","Royal Sundaram Own Damage - Premium Calculator - @regression","generated/car-module.test.ts","",""
"","0","Verify that the More Insurers option is clickable - TC_301","mobile-chrome","2026-08-14","skipped","2026-08-14","SBI Comprehensive - Similar Car Insurance Companies - @regression","generated/car-module.test.ts","",""
"","0","Verify that the user is able to click on Read More CTA - TC_166","mobile-chrome","2026-08-14","skipped","2026-08-14","Our partners (Health) - @regression > Insurer Landing Page Flow","generated/partners.test.ts","",""
"","0","Verify that the Overview menu navigates to the Overview section - TC_313","mobile-chrome","2026-08-14","skipped","2026-08-14","SBI Third Party - Section Navigation - @regression","generated/car-module.test.ts","",""
"","0","Verify that the user is able to click on Get Quotes CTA - TC_141","firefox","2026-08-14","skipped","2026-08-14","Our partners (CAR) - @regression > Insurer Landing Page Flow","generated/partners.test.ts","",""
"","0","Verify that saving For Child is clickable - TC_108","mobile-safari","2026-08-14","skipped","2026-08-14","Life Landing Page - @regression @landing","generated/life-landing.test.ts","",""
"","17251","Verify that the National insurer logoheader is displayed - TC_042","chromium","2026-08-14","failed","2026-08-14","National Car Insurance - @regression","generated/car-module.test.ts","",""
"","1","Verify that once user enters Pincode then Submit CTA should enable - TC_088","webkit","2026-08-14","skipped","2026-08-14","Life - Shared Flows - @regression @advisor > Find Advisor Popup Flow","generated/shared-flows.test.ts","",""
"","18926","Verify that the claim process information is displayed - TC_259","chromium","2026-08-14","failed","2026-08-14","SBI Comprehensive - Claims - @regression","generated/car-module.test.ts","",""
"","0","Verify that the Plans navigation option is clickable - TC_056","mobile-chrome","2026-08-14","skipped","2026-08-14","National Car Insurance Navigation - @regression","generated/car-module.test.ts","",""
"","0","Verify that the cashless garage CTAlink is displayed - TC_083","webkit","2026-08-14","skipped","2026-08-14","National Cashless Garages - @regression","generated/car-module.test.ts","",""
"","0","Verify that the Top ThirdParty Car Insurance Plans section is displayed - TC_160","webkit","2026-08-14","skipped","2026-08-14","Third Party Car Insurance - @regression","generated/car-module.test.ts","",""
"","0","Verify that advisor experience count is visible - TC_048","chromium","2026-08-14","skipped","2026-08-14","Bike - Shared Flows - @regression @advisor > Advisor Listing Page Flow","generated/shared-flows.test.ts","",""
"","0","Verify that the Claims section is displayed - TC_258","mobile-safari","2026-08-14","skipped","2026-08-14","SBI Comprehensive - Claims - @regression","generated/car-module.test.ts","",""
"","0","Verify that all available exclusions are displayed - TC_091","mobile-chrome","2026-08-14","skipped","2026-08-14","National Car Insurance Exclusions - @regression","generated/car-module.test.ts","",""
"","0","Verify that the user is able to click on More CTA - TC_125","firefox","2026-08-14","skipped","2026-08-14","Our partners (BIKE) - @regression > Insurer Landing Page Flow","generated/partners.test.ts","",""
"","0","Verify that the Life Insurance link is clickable - TC_152","firefox","2026-08-14","skipped","2026-08-14","Third Party Car Insurance - Get Best Insurance Quotes - @regression","generated/car-module.test.ts","",""
"","0","Verify that the Read More CTA is displayed - TC_282","mobile-chrome","2026-08-14","skipped","2026-08-14","SBI Comprehensive - Claims - @regression","generated/car-module.test.ts","",""
"","0","Verify that the Addons section is displayed - TC_331","webkit","2026-08-14","skipped","2026-08-14","SBI Third Party - Add-ons - @regression","generated/car-module.test.ts","",""
"","0","Verify that the SBI Customer Care section is displayed - TC_288","mobile-safari","2026-08-14","skipped","2026-08-14","SBI Comprehensive - Customer Care - @regression","generated/car-module.test.ts","",""
"","0","Verify that home functionality is redirecting to Homepage or not - TC_096","webkit","2026-08-14","skipped","2026-08-14","Life - Shared Flows - @regression @advisor > Advisor Listing Page Flow","generated/shared-flows.test.ts","",""
"","0","Verify that the Life dropdown is displayed - TC_017","mobile-safari","2026-08-14","skipped","2026-08-14","Life Dropdown & Navigation - @smoke @regression > Life Dropdown","generated/dropdown-navigation.test.ts","",""
"","0","Verify that the Royal Sundaram Customer Care email ID is displayed - TC_431","mobile-chrome","2026-08-14","skipped","2026-08-14","Royal Sundaram Own Damage - Customer Care - @regression","generated/car-module.test.ts","",""
"","0","Verify that the common Book an Expert Call section is displayed - TC_439","firefox","2026-08-14","skipped","2026-08-14","Royal Sundaram Own Damage - Common Components - @regression","generated/car-module.test.ts","",""
"","0","Verify that the user is able to get Insurer list on the right side of the page - TC_175","chromium","2026-08-14","skipped","2026-08-14","Our partners (Health) - @regression > Insurer Landing Page Flow","generated/partners.test.ts","",""
"","0","Verify that the Get Quote CTA is displayedavailable for the car number flow - TC_045","mobile-safari","2026-08-14","skipped","2026-08-14","National Car Insurance - @regression","generated/car-module.test.ts","",""
"","0","Verify that advisor policy sold count is visible - TC_075","mobile-safari","2026-08-14","skipped","2026-08-14","Car Dashboard - @smoke @regression","generated/car-module.test.ts","",""
"","0","Verify that home functionality is redirecting to Homepage or not - TC_071","firefox","2026-08-14","skipped","2026-08-14","Car Dashboard - @smoke @regression","generated/car-module.test.ts","",""
"","0","Verify that the Get Quotes CTA is displayed - TC_234","firefox","2026-08-14","skipped","2026-08-14","SBI Comprehensive - Top Section - @regression","generated/car-module.test.ts","",""
"","1","Verify that the user is able to click on Get a Quote CTA - TC_055","mobile-chrome","2026-08-14","skipped","2026-08-14","Car Dashboard - @smoke @regression","generated/car-module.test.ts","",""
"","0","Verify that the Inconvenience Allowance addon is displayed - TC_267","mobile-chrome","2026-08-14","skipped","2026-08-14","SBI Comprehensive - Add-ons - @regression","generated/car-module.test.ts","",""
"","0","Verify that clicking Get Quotes Without Car Number redirects correctly - TC_374","mobile-chrome","2026-08-14","skipped","2026-08-14","Royal Sundaram Own Damage - Top Section - @regression","generated/car-module.test.ts","",""
"","0","Verify that the renewal process information is displayed - TC_094","mobile-chrome","2026-08-14","skipped","2026-08-14","National Car Insurance Renewal - @regression","generated/car-module.test.ts","",""
"","0","Verify that all available features are displayed - TC_088","mobile-safari","2026-08-14","skipped","2026-08-14","National Car Insurance Features - @regression","generated/car-module.test.ts","",""
"","0","Verify that the Premium Calculator menu navigates to the Premium Calculator section - TC_380","mobile-chrome","2026-08-14","skipped","2026-08-14","Royal Sundaram Own Damage - Section Navigation - @regression","generated/car-module.test.ts","",""
"","18518","Verify that thirdparty damage details requirement is displayed - TC_353","chromium","2026-08-14","failed","2026-08-14","SBI Third Party - Documents Required - @regression","generated/car-module.test.ts","",""
"","1","Verify that the user is able to click on Get a Quote CTA - TC_081","webkit","2026-08-14","skipped","2026-08-14","Life - Shared Flows - @regression @advisor > Home Page Flow","generated/shared-flows.test.ts","",""
"","1","Verify that FIR requirement is displayed - TC_426","webkit","2026-08-14","skipped","2026-08-14","Royal Sundaram Own Damage - Documents Required - @regression","generated/car-module.test.ts","",""
"","0","Verify that the Claim Settlement Ratio option is clickable - TC_107","firefox","2026-08-14","skipped","2026-08-14","National Car Insurance - More - @regression","generated/car-module.test.ts","",""
"","0","Verify that the claimrelated CTAlink is displayed - TC_099","mobile-safari","2026-08-14","skipped","2026-08-14","National Car Insurance Claims - @regression","generated/car-module.test.ts","",""
"","0","Verify that all insurer options are displayed under Bike Insurance Companies - TC_009","mobile-safari","2026-08-14","skipped","2026-08-14","Bike Dropdown & Navigation - @smoke @regression > Bike Insurance Companies","generated/dropdown-navigation.test.ts","",""
"","0","Verify that get In Touch CTA is clickable - TC_103","mobile-chrome","2026-08-14","skipped","2026-08-14","Life - Shared Flows - @regression @advisor > Advisor Listing Page Flow","generated/shared-flows.test.ts","",""
"","0","Verify that the user is able to get Book a free Consultation CTA of right side of page - TC_150","mobile-chrome","2026-08-14","skipped","2026-08-14","Our partners (CAR) - @regression > Insurer Landing Page Flow","generated/partners.test.ts","",""
"","45","Verify that the FAQs option is clickable - TC_108","mobile-chrome","2026-08-14","skipped","2026-08-14","National Car Insurance - More - @regression","generated/car-module.test.ts","",""
"","18132","Verify that the Return on Invoice addon is displayed - TC_268","chromium","2026-08-14","failed","2026-08-14","SBI Comprehensive - Add-ons - @regression","generated/car-module.test.ts","",""
"","0","Verify that the Quotes Compared statistic is displayed - TC_211","mobile-safari","2026-08-14","skipped","2026-08-14","Car Insurance - Insurance Experience - @regression","generated/car-module.test.ts","",""
"","0","Verify that the starting premium is displayed - TC_375","mobile-safari","2026-08-14","skipped","2026-08-14","Royal Sundaram Own Damage - Top Section - @regression","generated/car-module.test.ts","",""
"","0","Verify that the user is able to click View More - TC_191","mobile-chrome","2026-08-14","skipped","2026-08-14","Third Party Car Insurance - Car Insurance Companies - @regression","generated/car-module.test.ts","",""
"","0","Verify that the Top ThirdParty Car Insurance Plans option is clickable - TC_132","chromium","2026-08-14","skipped","2026-08-14","Third Party Car Insurance - Table of Contents - @regression","generated/car-module.test.ts","",""
"","0","Verify that the View More option is displayed in FAQs - TC_453","mobile-safari","2026-08-14","skipped","2026-08-14","Royal Sundaram Own Damage - FAQs - @regression","generated/car-module.test.ts","",""
"","0","Verify that the user is able to click on the Download Now CTA - TC_023","chromium","2026-08-14","skipped","2026-08-14","Raise a Claim - @regression > Raise a Claim Flow","generated/raise-claim.test.ts","",""
"","0","Verify that all sections are displayed in the Health dropdown - TC_012","mobile-safari","2026-08-14","skipped","2026-08-14","Health Dropdown & Navigation - @smoke @regression > Health Dropdown","generated/dropdown-navigation.test.ts","",""
"","0","Verify that the available Third Party insurers are displayed - TC_364","firefox","2026-08-14","skipped","2026-08-14","SBI Third Party - Other Third Party Plans - @regression","generated/car-module.test.ts","",""
"","0","Verify that this Please enter the pincode error message should come if user not enters pincode - TC_111","webkit","2026-08-14","skipped","2026-08-14","Life Dropdown & Navigation - @smoke @regression > Life Landing Page Flow","generated/dropdown-navigation.test.ts","",""
"","0","Verify that the user is able to click on an article - TC_117","mobile-chrome","2026-08-14","skipped","2026-08-14","National Car Insurance Articles - @regression","generated/car-module.test.ts","",""
"","0","Verify that the National navigation option is clickable - TC_055","firefox","2026-08-14","skipped","2026-08-14","National Car Insurance Navigation - @regression","generated/car-module.test.ts","",""
"","0","Verify that the Personal Accident addon is displayed - TC_274","mobile-safari","2026-08-14","skipped","2026-08-14","SBI Comprehensive - Add-ons - @regression","generated/car-module.test.ts","",""
"","0","Verify that get In Touch CTA is clickable - TC_052","mobile-chrome","2026-08-14","skipped","2026-08-14","Bike - Shared Flows - @regression @advisor > Advisor Listing Page Flow","generated/shared-flows.test.ts","",""
"","0","Verify that the More Insurers option is displayed and clickable - TC_368","webkit","2026-08-14","skipped","2026-08-14","SBI Third Party - Similar Car Insurance Companies - @regression","generated/car-module.test.ts","",""
"","0","Verify that the Get Quotes CTA is displayed - TC_234","mobile-chrome","2026-08-14","skipped","2026-08-14","SBI Comprehensive - Top Section - @regression","generated/car-module.test.ts","",""
"","0","Verify that the Claims menu navigates to the Claims section - TC_242","firefox","2026-08-14","skipped","2026-08-14","SBI Comprehensive - Section Navigation - @regression","generated/car-module.test.ts","",""
"","9200","Verify that the Advisor list are relevent to selected Insurer or not - TC_072","chromium","2026-08-14","passed","2026-08-14","Car Dashboard - @smoke @regression","generated/car-module.test.ts","",""
"","0","Verify that the cashless garage count is displayed - TC_377","firefox","2026-08-14","skipped","2026-08-14","Royal Sundaram Own Damage - Top Section - @regression","generated/car-module.test.ts","",""
"","0","Verify that the car insurance renewal link is clickable - TC_195","mobile-safari","2026-08-14","skipped","2026-08-14","Third Party Car Insurance - Importance - @regression","generated/car-module.test.ts","",""
"","0","Verify that the Cashless Garages navigation option is clickable - TC_063","mobile-safari","2026-08-14","skipped","2026-08-14","National Car Insurance Navigation - @regression","generated/car-module.test.ts","",""
"","0","Verify that the user is able to click on Get Quotes Without Bike Number CTA - TC_121","firefox","2026-08-14","skipped","2026-08-14","Our partners (BIKE) - @regression > Insurer Landing Page Flow","generated/partners.test.ts","",""
"","0","Verify that the top plannavigation links are displayed - TC_304","firefox","2026-08-14","skipped","2026-08-14","SBI Third Party - Top Section - @regression","generated/car-module.test.ts","",""
"","16939","Verify that the common Manage All Your Policies In One Place section is displayed - TC_362","chromium","2026-08-14","failed","2026-08-14","SBI Third Party - Common Components - @regression","generated/car-module.test.ts","",""
"","0","Verify that the How to Raise a Claim information is displayed - TC_260","webkit","2026-08-14","skipped","2026-08-14","SBI Comprehensive - Claims - @regression","generated/car-module.test.ts","",""
"","1","Verify that the user is able to click on Insurer on the Insurer section - TC_135","mobile-safari","2026-08-14","skipped","2026-08-14","Our partners (BIKE) - @regression > Insurer Landing Page Flow","generated/partners.test.ts","",""
"","1","Verify that the user should land on Insurer page after selecting Insurer - TC_159","mobile-chrome","2026-08-14","skipped","2026-08-14","Our partners (Health) - @regression > Insurer Landing Page Flow","generated/partners.test.ts","",""
"","0","Verify that the More Insurers option is displayed - TC_298","webkit","2026-08-14","skipped","2026-08-14","SBI Comprehensive - Other Comprehensive Car Insurance Plans - @regression","generated/car-module.test.ts","",""
"","0","Verify that only the selected FAQ answer is displayed when an FAQ is expanded - TC_180","mobile-chrome","2026-08-14","skipped","2026-08-14","Third Party Car Insurance - FAQs - @regression","generated/car-module.test.ts","",""
"","0","Verify that the threestep Royal Sundaram renewal process is displayed - TC_433","webkit","2026-08-14","skipped","2026-08-14","Royal Sundaram Own Damage - Renewal - @regression","generated/car-module.test.ts","",""
"","0","Verify that the Premium Calculator menu navigates to the Premium Calculator section - TC_314","mobile-safari","2026-08-14","skipped","2026-08-14","SBI Third Party - Section Navigation - @regression","generated/car-module.test.ts","",""
"","0","Verify that the Documents Required section is displayed - TC_100","firefox","2026-08-14","skipped","2026-08-14","National Car Insurance Documents - @regression","generated/car-module.test.ts","",""
"","0","Verify that the More Insurers option is clickable - TC_301","mobile-safari","2026-08-14","skipped","2026-08-14","SBI Comprehensive - Similar Car Insurance Companies - @regression","generated/car-module.test.ts","",""
"","53909","Verify that all insurer options are displayed under Car Insurance Companies - TC_003","chromium","2026-08-14","failed","2026-08-14","Car Dashboard - @smoke @regression","generated/car-module.test.ts","",""
"","0","Verify that the selected Pincode is present on top of the page - TC_069","firefox","2026-08-14","skipped","2026-08-14","Car Dashboard - @smoke @regression","generated/car-module.test.ts","",""
"","7767","Verify that the User should get this Please select type of insurance to proceed to the next step mes - TC_057","chromium","2026-08-14","passed","2026-08-14","Car Dashboard - @smoke @regression","generated/car-module.test.ts","",""
"","0","Verify that the Quotes Compared statistic is displayed - TC_211","webkit","2026-08-14","skipped","2026-08-14","Car Insurance - Insurance Experience - @regression","generated/car-module.test.ts","",""
"","0","Verify that the Why Choose Turtlemint option is clickable - TC_148","webkit","2026-08-14","skipped","2026-08-14","Third Party Car Insurance - Table of Contents - @regression","generated/car-module.test.ts","",""
"","0","Verify that the additional insurer options are clickable - TC_193","webkit","2026-08-14","skipped","2026-08-14","Third Party Car Insurance - Car Insurance Companies - @regression","generated/car-module.test.ts","",""
"","0","Verify that the National Cashless Garages section is displayed - TC_081","firefox","2026-08-14","skipped","2026-08-14","National Cashless Garages - @regression","generated/car-module.test.ts","",""
"","0","Verify that the user is able to click on Get Quotes Without Car Number CTA - TC_142","mobile-chrome","2026-08-14","skipped","2026-08-14","Our partners (CAR) - @regression > Insurer Landing Page Flow","generated/partners.test.ts","",""
"","1","Verify that the insurance policy document requirement is displayed - TC_423","mobile-safari","2026-08-14","skipped","2026-08-14","Royal Sundaram Own Damage - Documents Required - @regression","generated/car-module.test.ts","",""
"","0","Verify that visit website CTA is visible on all advisor - TC_102","mobile-safari","2026-08-14","skipped","2026-08-14","Life - Shared Flows - @regression @advisor > Advisor Listing Page Flow","generated/shared-flows.test.ts","",""
"","2","Verify that home functionality is redirecting to Homepage or not - TC_071","mobile-safari","2026-08-14","skipped","2026-08-14","Car Dashboard - @smoke @regression","generated/car-module.test.ts","",""
"","0","Verify that the Check Premium CTA is displayed - TC_396","webkit","2026-08-14","skipped","2026-08-14","Royal Sundaram Own Damage - Premium Calculator - @regression","generated/car-module.test.ts","",""
"","0","Verify that the ThirdParty vs Comprehensive Car Insurance Plans option is clickable - TC_140","firefox","2026-08-14","skipped","2026-08-14","Third Party Car Insurance - Table of Contents - @regression","generated/car-module.test.ts","",""
"","0","Verify that Consumable Cover is displayed - TC_340","mobile-safari","2026-08-14","skipped","2026-08-14","SBI Third Party - Add-ons - @regression","generated/car-module.test.ts","",""
"","0","Verify that the user is able to get Insurer list on the right side of the page - TC_134","firefox","2026-08-14","skipped","2026-08-14","Our partners (BIKE) - @regression > Insurer Landing Page Flow","generated/partners.test.ts","",""
"","0","Verify that the Addons section provides the expected information - TC_086","firefox","2026-08-14","skipped","2026-08-14","National Car Insurance Add-ons - @regression","generated/car-module.test.ts","",""
"","0","Verify that the View All Articles CTA is displayed - TC_118","mobile-safari","2026-08-14","skipped","2026-08-14","National Car Insurance Articles - @regression","generated/car-module.test.ts","",""
"","0","Verify that the Read More CTA is displayed - TC_354","mobile-chrome","2026-08-14","skipped","2026-08-14","SBI Third Party - Documents Required - @regression","generated/car-module.test.ts","",""
"","0","Verify that get In Touch CTA is clickable - TC_103","mobile-safari","2026-08-14","skipped","2026-08-14","Life - Shared Flows - @regression @advisor > Advisor Listing Page Flow","generated/shared-flows.test.ts","",""
"","2","Verify that the user is able to complete the action successfully click on More Dropdown - TC_169","mobile-chrome","2026-08-14","skipped","2026-08-14","Our partners (Health) - @regression > Insurer Landing Page Flow","generated/partners.test.ts","",""
"","0","Verify that the user should land on Insurer page after selecting Insurer - TC_159","webkit","2026-08-14","skipped","2026-08-14","Our partners (Health) - @regression > Insurer Landing Page Flow","generated/partners.test.ts","",""
"","0","Verify that the How to Get the Cheapest ThirdParty Car Insurance option is clickable - TC_147","mobile-safari","2026-08-14","skipped","2026-08-14","Third Party Car Insurance - Table of Contents - @regression","generated/car-module.test.ts","",""
"","0","Verify that the depreciation deduction table is displayed - TC_449","mobile-chrome","2026-08-14","skipped","2026-08-14","Royal Sundaram Own Damage - FAQs - @regression","generated/car-module.test.ts","",""
"","0","Verify that the LongTerm ThirdParty Cover for Five Years for Car Owners option is clickable - TC_138","firefox","2026-08-14","skipped","2026-08-14","Third Party Car Insurance - Table of Contents - @regression","generated/car-module.test.ts","",""
"","0","Verify that the Overview menu navigates to the Overview section - TC_379","firefox","2026-08-14","skipped","2026-08-14","Royal Sundaram Own Damage - Section Navigation - @regression","generated/car-module.test.ts","",""
"","0","Verify that the surveyor and claim assessment information is displayed - TC_280","mobile-chrome","2026-08-14","skipped","2026-08-14","SBI Comprehensive - Claims - @regression","generated/car-module.test.ts","",""
"","0","Verify that the Car Insurance page header is displayed - TC_202","chromium","2026-08-14","skipped","2026-08-14","Car Insurance - Header - @regression","generated/car-module.test.ts","",""
"","0","Verify that the cashless garage information is displayed - TC_082","mobile-safari","2026-08-14","skipped","2026-08-14","National Cashless Garages - @regression","generated/car-module.test.ts","",""
"","0","Verify that the Get Quotes Without Car Number CTA is displayed - TC_330","firefox","2026-08-14","skipped","2026-08-14","SBI Third Party - Premium Calculator - @regression","generated/car-module.test.ts","",""
"","0","Verify that the How it works section is displayed - TC_028","firefox","2026-08-14","skipped","2026-08-14","Raise a Claim - @regression > How it works","generated/raise-claim.test.ts","",""
"","0","Verify that the Buy Now CTA is displayed for the Third Party plan - TC_074","firefox","2026-08-14","skipped","2026-08-14","National Car Insurance Plans - @regression","generated/car-module.test.ts","",""
"","20821","Verify that the Articles menu navigates to the Articles section - TC_319","chromium","2026-08-14","failed","2026-08-14","SBI Third Party - Section Navigation - @regression","generated/car-module.test.ts","",""
"","0","Verify that the insurer plan card information is displayed - TC_216","webkit","2026-08-14","skipped","2026-08-14","Car Insurance - Top Car Insurance Plans - @regression","generated/car-module.test.ts","",""
"","0","Verify that the user is able to get Insurer list on the right side of the page - TC_134","mobile-chrome","2026-08-14","skipped","2026-08-14","Our partners (BIKE) - @regression > Insurer Landing Page Flow","generated/partners.test.ts","",""
"","0","Verify that the Customer Care menu navigates to the Customer Care section - TC_382","firefox","2026-08-14","skipped","2026-08-14","Royal Sundaram Own Damage - Section Navigation - @regression","generated/car-module.test.ts","",""
"","0","Verify that the ThirdParty Insurance Premium Rates section is displayed - TC_164","webkit","2026-08-14","skipped","2026-08-14","Third Party Car Insurance - @regression","generated/car-module.test.ts","",""
"","0","Verify that the How to Get the Cheapest ThirdParty Car Insurance option is clickable - TC_147","webkit","2026-08-14","skipped","2026-08-14","Third Party Car Insurance - Table of Contents - @regression","generated/car-module.test.ts","",""
"","17270","Verify that the National Cashless Garages section is displayed - TC_081","chromium","2026-08-14","failed","2026-08-14","National Cashless Garages - @regression","generated/car-module.test.ts","",""
"","0","Verify that the Year of Inception information card is displayed - TC_047","mobile-safari","2026-08-14","skipped","2026-08-14","National Car Insurance - @regression","generated/car-module.test.ts","",""
"","0","Verify that the Drawbacks of ThirdParty Car Insurance option is clickable - TC_141","firefox","2026-08-14","skipped","2026-08-14","Third Party Car Insurance - Table of Contents - @regression","generated/car-module.test.ts","",""
"","0","Verify that the Advisor list are relevent to selected Insurer or not - TC_046","chromium","2026-08-14","skipped","2026-08-14","Bike - Shared Flows - @regression @advisor > Advisor Listing Page Flow","generated/shared-flows.test.ts","",""
"","0","Verify that Loss of Baggage is displayed - TC_403","mobile-chrome","2026-08-14","skipped","2026-08-14","Royal Sundaram Own Damage - Add-ons - @regression","generated/car-module.test.ts","",""
"","0","Verify that the Points to Note When Raising a ThirdParty Car Insurance Claim section is displayed - TC_172","webkit","2026-08-14","skipped","2026-08-14","Third Party Car Insurance - @regression","generated/car-module.test.ts","",""
"","0","Verify that Cashless Garages should be present on top of the page - TC_124","mobile-chrome","2026-08-14","skipped","2026-08-14","Our partners (BIKE) - @regression > Insurer Landing Page Flow","generated/partners.test.ts","",""
"","0","Verify that the When is ThirdParty Insurance Better than Comprehensive option is clickable - TC_142","mobile-safari","2026-08-14","skipped","2026-08-14","Third Party Car Insurance - Table of Contents - @regression","generated/car-module.test.ts","",""
"","0","Verify that the user is able to get Find Advisor Popup - TC_008","mobile-safari","2026-08-14","skipped","2026-08-14","Health - Shared Flows - @regression @advisor > Find Advisor Popup Flow","generated/shared-flows.test.ts","",""
"","0","Verify that all sections are displayed in the Bike dropdown - TC_008","firefox","2026-08-14","skipped","2026-08-14","Bike Dropdown & Navigation - @smoke @regression > Bike Dropdown","generated/dropdown-navigation.test.ts","",""
"","0","Verify that the user is able to select Insurer type and click on Find Advisor should land on Find Ad - TC_033","mobile-safari","2026-08-14","skipped","2026-08-14","Bike - Shared Flows - @regression @advisor > Home Page Flow","generated/shared-flows.test.ts","",""
"","2","Verify that the introductory content is displayed - TC_123","firefox","2026-08-14","skipped","2026-08-14","Third Party Car Insurance - @regression","generated/car-module.test.ts","",""
"","0","Verify that the View More option is displayed in FAQs - TC_453","webkit","2026-08-14","skipped","2026-08-14","Royal Sundaram Own Damage - FAQs - @regression","generated/car-module.test.ts","",""
"","1","Verify that the User should get this Please select type of insurance to proceed to the next step mes - TC_057","webkit","2026-08-14","skipped","2026-08-14","Car Dashboard - @smoke @regression","generated/car-module.test.ts","",""
"","5427","Verify that this Please enter the pincode error message should come if user not enters pincode - TC_111","chromium","2026-08-14","passed","2026-08-14","Life Dropdown & Navigation - @smoke @regression > Life Landing Page Flow","generated/dropdown-navigation.test.ts","",""
"","0","Verify that the claim intimation information is displayed - TC_413","mobile-chrome","2026-08-14","skipped","2026-08-14","Royal Sundaram Own Damage - Claims - @regression","generated/car-module.test.ts","",""
"","0","Verify that the Exclusions of ThirdParty Car Insurance option is clickable - TC_135","chromium","2026-08-14","skipped","2026-08-14","Third Party Car Insurance - Table of Contents - @regression","generated/car-module.test.ts","",""
"","0","Verify that the user is able to click on Get Quotes Without Car Number CTA - TC_142","mobile-safari","2026-08-14","skipped","2026-08-14","Our partners (CAR) - @regression > Insurer Landing Page Flow","generated/partners.test.ts","",""
"","0","Verify that the user is able to click on Get Quotes CTA - TC_141","mobile-chrome","2026-08-14","skipped","2026-08-14","Our partners (CAR) - @regression > Insurer Landing Page Flow","generated/partners.test.ts","",""
"","0","Verify that the Life Insurance link is clickable - TC_152","mobile-safari","2026-08-14","skipped","2026-08-14","Third Party Car Insurance - Get Best Insurance Quotes - @regression","generated/car-module.test.ts","",""
"","0","Verify that advisor experience count is visible - TC_099","chromium","2026-08-14","skipped","2026-08-14","Life - Shared Flows - @regression @advisor > Advisor Listing Page Flow","generated/shared-flows.test.ts","",""
"","0","Verify that the ThirdParty Policy for Commercial Vehicles section is displayed - TC_161","chromium","2026-08-14","skipped","2026-08-14","Third Party Car Insurance - @regression","generated/car-module.test.ts","",""
"","1","Verify that the Inclusions of ThirdParty Car Insurance section is displayed - TC_162","chromium","2026-08-14","skipped","2026-08-14","Third Party Car Insurance - @regression","generated/car-module.test.ts","",""
"","5","Verify that the More Insurers option is displayed - TC_444","firefox","2026-08-14","skipped","2026-08-14","Royal Sundaram Own Damage - Other Own Damage Plans - @regression","generated/car-module.test.ts","",""
"","17035","Verify that the More dropdown is displayed - TC_106","chromium","2026-08-14","failed","2026-08-14","National Car Insurance - More - @regression","generated/car-module.test.ts","",""
"","0","Verify that the industry average claim settlement ratio is displayed - TC_325","firefox","2026-08-14","skipped","2026-08-14","SBI Third Party - Claim Settlement Ratio - @regression","generated/car-module.test.ts","",""
"","0","Verify that the Why Choose Turtlemint option is clickable - TC_148","firefox","2026-08-14","skipped","2026-08-14","Third Party Car Insurance - Table of Contents - @regression","generated/car-module.test.ts","",""
"","0","Verify that the user is able to click on articles on the bottom of the page - TC_152","mobile-chrome","2026-08-14","skipped","2026-08-14","Our partners (CAR) - @regression > Insurer Landing Page Flow","generated/partners.test.ts","",""
"","0","Verify that Comprehensive plan cards display the required information - TC_226","chromium","2026-08-14","skipped","2026-08-14","Car Insurance - Top Car Insurance Plans - Comprehensive - @regression","generated/car-module.test.ts","",""
"","0","Verify that pension retirement is clickable - TC_109","webkit","2026-08-14","skipped","2026-08-14","Life Dropdown & Navigation - @smoke @regression > Life Landing Page Flow","generated/dropdown-navigation.test.ts","",""
"","1","Verify that repair monitoring and reimbursement information is displayed - TC_347","mobile-chrome","2026-08-14","skipped","2026-08-14","SBI Third Party - Claims - @regression","generated/car-module.test.ts","",""
"","0","Verify that No of Branches should be present on top of the page - TC_144","webkit","2026-08-14","skipped","2026-08-14","Our partners (CAR) - @regression > Insurer Landing Page Flow","generated/partners.test.ts","",""
"","0","Verify that the user is able to get Book a free Consultation CTA of right side of page - TC_170","chromium","2026-08-14","skipped","2026-08-14","Our partners (Health) - @regression > Insurer Landing Page Flow","generated/partners.test.ts","",""
"","0","Verify that the user is able to click on Find Advisor CTA - TC_113","firefox","2026-08-14","skipped","2026-08-14","Life Landing Page - @regression @landing","generated/life-landing.test.ts","",""
"","0","Verify that the user is able to click on Get Quotes CTA - TC_141","chromium","2026-08-14","skipped","2026-08-14","Our partners (CAR) - @regression > Insurer Landing Page Flow","generated/partners.test.ts","",""
"","0","Verify that the user is able to enter bike number - TC_119","mobile-chrome","2026-08-14","skipped","2026-08-14","Our partners (BIKE) - @regression > Insurer Landing Page Flow","generated/partners.test.ts","",""
"","0","Verify that the signed claim form requirement is displayed - TC_424","webkit","2026-08-14","skipped","2026-08-14","Royal Sundaram Own Damage - Documents Required - @regression","generated/car-module.test.ts","",""
"","0","Verify that the Own Damage plans are displayed - TC_225","chromium","2026-08-14","skipped","2026-08-14","Car Insurance - Top Car Insurance Plans - Own Damage - @regression","generated/car-module.test.ts","",""
"","0","Verify that the Get Quotes Without Car Number CTA is displayed - TC_397","mobile-chrome","2026-08-14","skipped","2026-08-14","Royal Sundaram Own Damage - Premium Calculator - @regression","generated/car-module.test.ts","",""
"","1","Verify that the Trust Our Unmatched Experience In Insurance section is displayed - TC_210","mobile-chrome","2026-08-14","skipped","2026-08-14","Car Insurance - Insurance Experience - @regression","generated/car-module.test.ts","",""
"","0","Verify that the Royal Sundaram Customer Care section is displayed - TC_429","chromium","2026-08-14","skipped","2026-08-14","Royal Sundaram Own Damage - Customer Care - @regression","generated/car-module.test.ts","",""
"","0","Verify that the Royal Sundaram Customer Care email ID is displayed - TC_431","chromium","2026-08-14","skipped","2026-08-14","Royal Sundaram Own Damage - Customer Care - @regression","generated/car-module.test.ts","",""
"","0","Verify that the ThirdParty Policy for Commercial Vehicles section is displayed - TC_161","mobile-safari","2026-08-14","skipped","2026-08-14","Third Party Car Insurance - @regression","generated/car-module.test.ts","",""
"","0","Verify that the user is able to click on Articles - TC_132","mobile-chrome","2026-08-14","skipped","2026-08-14","Our partners (BIKE) - @regression > Insurer Landing Page Flow","generated/partners.test.ts","",""
"","0","Verify that the renewalrelated CTAlink is displayed - TC_095","mobile-safari","2026-08-14","skipped","2026-08-14","National Car Insurance Renewal - @regression","generated/car-module.test.ts","",""
"","0","Verify that the Latest Articles On SBI section is displayed - TC_291","firefox","2026-08-14","skipped","2026-08-14","SBI Comprehensive - Latest Articles - @regression","generated/car-module.test.ts","",""
"","0","Verify that the SBI logo and SBI Third Party Car Insurance heading are displayed - TC_303","mobile-chrome","2026-08-14","skipped","2026-08-14","SBI Third Party - Top Section - @regression","generated/car-module.test.ts","",""
"","0","Verify that the FAQ answer content is displayed correctly - TC_181","firefox","2026-08-14","skipped","2026-08-14","Third Party Car Insurance - FAQs - @regression","generated/car-module.test.ts","",""
"","0","Verify that the User should redirect to Bike profile page on clicking Get a Quote CTA - TC_032","chromium","2026-08-14","skipped","2026-08-14","Bike - Shared Flows - @regression @advisor > Home Page Flow","generated/shared-flows.test.ts","",""
"","0","Verify that the How To Raise A Claim Under SBI Comprehensive Car Insurance section is displayed - TC_276","webkit","2026-08-14","skipped","2026-08-14","SBI Comprehensive - Claims - @regression","generated/car-module.test.ts","",""
"","0","Verify that after clicking Find Advisor user should redirect to Advisor listing page - TC_114","firefox","2026-08-14","skipped","2026-08-14","Life Dropdown & Navigation - @smoke @regression > Life Landing Page Flow","generated/dropdown-navigation.test.ts","",""
"","0","Verify that the user is able to select insurance type - TC_053","webkit","2026-08-14","skipped","2026-08-14","Car Dashboard - @smoke @regression","generated/car-module.test.ts","",""
"","0","Verify that the Get Quotes Without Car Number option is displayed - TC_206","mobile-safari","2026-08-14","skipped","2026-08-14","Car Insurance - Top Quote Section - @regression","generated/car-module.test.ts","",""
"","0","Verify that the user is able to click on Find Advisor CTA - TC_028","webkit","2026-08-14","skipped","2026-08-14","Bike - Shared Flows - @regression @advisor > Home Page Flow","generated/shared-flows.test.ts","",""
"","0","Verify that the user should get this Pincode not found for invalid Pincode - TC_090","webkit","2026-08-14","skipped","2026-08-14","Life - Shared Flows - @regression @advisor > Find Advisor Popup Flow","generated/shared-flows.test.ts","",""
"","0","Verify that the selected Insurer is present on top of the page - TC_042","webkit","2026-08-14","skipped","2026-08-14","Bike - Shared Flows - @regression @advisor > Advisor Listing Page Flow","generated/shared-flows.test.ts","",""
"","0","Verify that the user is able to click on the SIGN UP CTA - TC_037","mobile-safari","2026-08-14","skipped","2026-08-14","Become a POSP - @regression > POSP Navigation","generated/become-posp.test.ts","",""
"","0","Verify that after clicking Find Advisor user should redirect to Advisor listing page - TC_114","mobile-chrome","2026-08-14","skipped","2026-08-14","Life Dropdown & Navigation - @smoke @regression > Life Landing Page Flow","generated/dropdown-navigation.test.ts","",""
"","0","Verify that the user is able to enter Pincode - TC_061","firefox","2026-08-14","skipped","2026-08-14","Car Dashboard - @smoke @regression","generated/car-module.test.ts","",""
"","0","Verify that the Health dropdown is displayed - TC_011","firefox","2026-08-14","skipped","2026-08-14","Health Dropdown & Navigation - @smoke @regression > Health Dropdown","generated/dropdown-navigation.test.ts","",""
"","0","Verify that the Read More CTA is displayed - TC_389","webkit","2026-08-14","skipped","2026-08-14","Royal Sundaram Own Damage - Overview - @regression","generated/car-module.test.ts","",""
"","0","Verify that the Importance of ThirdParty Car Insurance Policy section is displayed - TC_155","webkit","2026-08-14","skipped","2026-08-14","Third Party Car Insurance - @regression","generated/car-module.test.ts","",""
"","0","Verify that the user is able to enter a car number in the Premium Calculator - TC_077","mobile-chrome","2026-08-14","skipped","2026-08-14","National Premium Calculator - @regression","generated/car-module.test.ts","",""
"","19592","Verify that the SBI logo and SBI Third Party Car Insurance heading are displayed - TC_303","chromium","2026-08-14","failed","2026-08-14","SBI Third Party - Top Section - @regression","generated/car-module.test.ts","",""
"","0","Verify that the FAQ section is displayed - TC_447","webkit","2026-08-14","skipped","2026-08-14","Royal Sundaram Own Damage - FAQs - @regression","generated/car-module.test.ts","",""
"","20242","Verify that the Addons menu navigates to the Addons section - TC_318","chromium","2026-08-14","failed","2026-08-14","SBI Third Party - Section Navigation - @regression","generated/car-module.test.ts","",""
"","0","Verify that the Read More CTA is displayed - TC_249","webkit","2026-08-14","skipped","2026-08-14","SBI Comprehensive - Overview - @regression","generated/car-module.test.ts","",""
"","0","Verify that the top plannavigation links are displayed - TC_304","mobile-safari","2026-08-14","skipped","2026-08-14","SBI Third Party - Top Section - @regression","generated/car-module.test.ts","",""
"","0","Verify that the Consumable Cover addon is displayed - TC_270","webkit","2026-08-14","skipped","2026-08-14","SBI Comprehensive - Add-ons - @regression","generated/car-module.test.ts","",""
"","17336","Verify that the Year of Inception information card is displayed - TC_047","chromium","2026-08-14","failed","2026-08-14","National Car Insurance - @regression","generated/car-module.test.ts","",""
"","0","Verify that the Claim Settlement Ratio menu navigates to the Claim Settlement Ratio section - TC_317","mobile-chrome","2026-08-14","skipped","2026-08-14","SBI Third Party - Section Navigation - @regression","generated/car-module.test.ts","",""
"","18810","Verify that the claim process information is displayed - TC_097","chromium","2026-08-14","failed","2026-08-14","National Car Insurance Claims - @regression","generated/car-module.test.ts","",""
"","0","Verify that the selected Insurer icon is on top of the page - TC_160","mobile-chrome","2026-08-14","skipped","2026-08-14","Our partners (Health) - @regression > Insurer Landing Page Flow","generated/partners.test.ts","",""
"","0","Verify that the user should not allow to enter alphabets - TC_040","chromium","2026-08-14","skipped","2026-08-14","Bike - Shared Flows - @regression @advisor > Find Advisor Popup Flow","generated/shared-flows.test.ts","",""
"","1","Verify that the breadcrumb is displayed - TC_120","firefox","2026-08-14","skipped","2026-08-14","Third Party Car Insurance - @regression","generated/car-module.test.ts","",""
"","0","Verify that the Check Premium CTA is displayed - TC_217","chromium","2026-08-14","skipped","2026-08-14","Car Insurance - Top Car Insurance Plans - @regression","generated/car-module.test.ts","",""
"","0","Verify that the More Insurers option is displayed and clickable - TC_446","webkit","2026-08-14","skipped","2026-08-14","Royal Sundaram Own Damage - Similar Car Insurance Companies - @regression","generated/car-module.test.ts","",""
"","0","Verify that the View More option is displayed in the FAQs section - TC_114","firefox","2026-08-14","skipped","2026-08-14","National Car Insurance FAQs - @regression","generated/car-module.test.ts","",""
"","0","Verify that the claim intimation information is displayed - TC_413","webkit","2026-08-14","skipped","2026-08-14","Royal Sundaram Own Damage - Claims - @regression","generated/car-module.test.ts","",""
"","0","Verify that the rightside section navigation menu is displayed - TC_312","firefox","2026-08-14","skipped","2026-08-14","SBI Third Party - Section Navigation - @regression","generated/car-module.test.ts","",""
"","0","Verify that the LongTerm ThirdParty Cover for Five Years for Car Owners section is displayed - TC_166","webkit","2026-08-14","skipped","2026-08-14","Third Party Car Insurance - @regression","generated/car-module.test.ts","",""
"","0","Verify that SBIs claim settlement ratio is displayed - TC_324","firefox","2026-08-14","skipped","2026-08-14","SBI Third Party - Claim Settlement Ratio - @regression","generated/car-module.test.ts","",""
"","0","Verify that Year of Inception should be present on top of the page - TC_122","webkit","2026-08-14","skipped","2026-08-14","Our partners (BIKE) - @regression > Insurer Landing Page Flow","generated/partners.test.ts","",""
"","0","Verify that the user is able to click on Get Quotes CTA - TC_141","mobile-safari","2026-08-14","skipped","2026-08-14","Our partners (CAR) - @regression > Insurer Landing Page Flow","generated/partners.test.ts","",""
"","0","Verify that the SBI Customer Care section is displayed - TC_355","firefox","2026-08-14","skipped","2026-08-14","SBI Third Party - Customer Care - @regression","generated/car-module.test.ts","",""
"","1","Verify that the FAQs option is clickable - TC_108","mobile-safari","2026-08-14","skipped","2026-08-14","National Car Insurance - More - @regression","generated/car-module.test.ts","",""
"","0","Verify that once user enters Pincode then Submit CTA should enable - TC_088","mobile-safari","2026-08-14","skipped","2026-08-14","Life - Shared Flows - @regression @advisor > Find Advisor Popup Flow","generated/shared-flows.test.ts","",""
"","0","Verify that the Read More CTA is displayed - TC_428","mobile-safari","2026-08-14","skipped","2026-08-14","Royal Sundaram Own Damage - Documents Required - @regression","generated/car-module.test.ts","",""
"","0","Verify that the Get Quotes Without Car Number CTA is displayed - TC_235","firefox","2026-08-14","skipped","2026-08-14","SBI Comprehensive - Top Section - @regression","generated/car-module.test.ts","",""
"","0","Verify that the information provided for each feature is displayed correctly - TC_089","firefox","2026-08-14","skipped","2026-08-14","National Car Insurance Features - @regression","generated/car-module.test.ts","",""
"","0","Verify that the user is able to select Insurer type and click on Find Advisor should land on Find Ad - TC_084","webkit","2026-08-14","skipped","2026-08-14","Life - Shared Flows - @regression @advisor > Home Page Flow","generated/shared-flows.test.ts","",""
"","0","Verify that the Ways to check vehicle insurance status link is clickable - TC_197","firefox","2026-08-14","skipped","2026-08-14","Third Party Car Insurance - Features - @regression","generated/car-module.test.ts","",""
"","1","Verify that the Exclusions of ThirdParty Car Insurance option is clickable - TC_135","mobile-chrome","2026-08-14","skipped","2026-08-14","Third Party Car Insurance - Table of Contents - @regression","generated/car-module.test.ts","",""
"","18359","Verify that the Additional Roadside Assistance addon is displayed - TC_271","chromium","2026-08-14","failed","2026-08-14","SBI Comprehensive - Add-ons - @regression","generated/car-module.test.ts","",""
"","0","Verify that an insurer namelogo is clickable - TC_219","mobile-chrome","2026-08-14","skipped","2026-08-14","Car Insurance - Top Car Insurance Plans - @regression","generated/car-module.test.ts","",""
"","0","Verify that the user is able to select any Insurer from our Partner sections - TC_137","mobile-chrome","2026-08-14","skipped","2026-08-14","Our partners (CAR) - @regression > Insurer Landing Page Flow","generated/partners.test.ts","",""
"","0","Verify that the How are ThirdParty Car Insurance Premium Rates Calculated section is displayed - TC_159","mobile-chrome","2026-08-14","skipped","2026-08-14","Third Party Car Insurance - @regression","generated/car-module.test.ts","",""
"","1","Verify that Cashless Garages should be present on top of the page - TC_124","chromium","2026-08-14","skipped","2026-08-14","Our partners (BIKE) - @regression > Insurer Landing Page Flow","generated/partners.test.ts","",""
"","0","Verify that the user is able to get Find Advisor Popup - TC_034","mobile-safari","2026-08-14","skipped","2026-08-14","Bike - Shared Flows - @regression @advisor > Find Advisor Popup Flow","generated/shared-flows.test.ts","",""
"","0","Verify that the Bike Insurance link is clickable - TC_154","webkit","2026-08-14","skipped","2026-08-14","Third Party Car Insurance - Get Best Insurance Quotes - @regression","generated/car-module.test.ts","",""
"","0","Verify that the Third Party plan is displayed - TC_070","mobile-chrome","2026-08-14","skipped","2026-08-14","National Car Insurance Plans - @regression","generated/car-module.test.ts","",""
"","1","Verify that advisor experience count is visible - TC_048","mobile-safari","2026-08-14","skipped","2026-08-14","Bike - Shared Flows - @regression @advisor > Advisor Listing Page Flow","generated/shared-flows.test.ts","",""
"","0","Verify that the additional car insurance companies are displayed after clicking View More - TC_192","webkit","2026-08-14","skipped","2026-08-14","Third Party Car Insurance - Car Insurance Companies - @regression","generated/car-module.test.ts","",""
"","0","Verify that the car number input field is displayed in the Premium Calculator section - TC_076","firefox","2026-08-14","skipped","2026-08-14","National Premium Calculator - @regression","generated/car-module.test.ts","",""
"","0","Verify that the cashless garage count is displayed - TC_311","webkit","2026-08-14","skipped","2026-08-14","SBI Third Party - Top Section - @regression","generated/car-module.test.ts","",""
"","0","Verify that the Addons Under ThirdParty Car Insurance section is displayed - TC_167","chromium","2026-08-14","skipped","2026-08-14","Third Party Car Insurance - @regression","generated/car-module.test.ts","",""
"","0","Verify that the insurance business features are displayed - TC_034","mobile-chrome","2026-08-14","skipped","2026-08-14","Become a POSP - @regression > Insurance Business Features","generated/become-posp.test.ts","",""
"","16919","Verify that the available addons are displayed - TC_085","chromium","2026-08-14","failed","2026-08-14","National Car Insurance Add-ons - @regression","generated/car-module.test.ts","",""
"","0","Verify that the available claimrelated information is displayed - TC_098","mobile-safari","2026-08-14","skipped","2026-08-14","National Car Insurance Claims - @regression","generated/car-module.test.ts","",""
"","0","Verify that the Read More CTA is displayed - TC_282","webkit","2026-08-14","skipped","2026-08-14","SBI Comprehensive - Claims - @regression","generated/car-module.test.ts","",""
"","0","Verify that Return on Invoice is displayed - TC_338","firefox","2026-08-14","skipped","2026-08-14","SBI Third Party - Add-ons - @regression","generated/car-module.test.ts","",""
"","0","Verify that the selected Insurer is present on top of the page - TC_093","firefox","2026-08-14","skipped","2026-08-14","Life - Shared Flows - @regression @advisor > Advisor Listing Page Flow","generated/shared-flows.test.ts","",""
"","0","Verify that the How To Raise A Claim Under SBI Comprehensive Car Insurance section is displayed - TC_276","firefox","2026-08-14","skipped","2026-08-14","SBI Comprehensive - Claims - @regression","generated/car-module.test.ts","",""
"","7","Verify that the Why Join TurtlemintPro section is displayed - TC_033","webkit","2026-08-14","skipped","2026-08-14","Become a POSP - @regression > Why Join TurtlemintPro","generated/become-posp.test.ts","",""
"","0","Verify that the Customer Care navigation option is clickable - TC_062","mobile-chrome","2026-08-14","skipped","2026-08-14","National Car Insurance Navigation - @regression","generated/car-module.test.ts","",""
"","0","Verify that the Get Quotes Without Car Number CTA is displayed - TC_079","mobile-safari","2026-08-14","skipped","2026-08-14","National Premium Calculator - @regression","generated/car-module.test.ts","",""
"","0","Verify that the user is able to click on Find Advisor CTA - TC_080","chromium","2026-08-14","skipped","2026-08-14","Life - Shared Flows - @regression @advisor > Home Page Flow","generated/shared-flows.test.ts","",""
"","1","Verify that with invalid Pincode - TC_089","mobile-safari","2026-08-14","skipped","2026-08-14","Life - Shared Flows - @regression @advisor > Find Advisor Popup Flow","generated/shared-flows.test.ts","",""
"","0","Verify that the FAQ section is displayed - TC_177","mobile-chrome","2026-08-14","skipped","2026-08-14","Third Party Car Insurance - @regression","generated/car-module.test.ts","",""
"","0","Verify that the Articles menu navigates to the Articles section - TC_246","firefox","2026-08-14","skipped","2026-08-14","SBI Comprehensive - Section Navigation - @regression","generated/car-module.test.ts","",""
"","0","Verify that the How Does ThirdParty Car Insurance Work section is displayed - TC_156","webkit","2026-08-14","skipped","2026-08-14","Third Party Car Insurance - @regression","generated/car-module.test.ts","",""
"","0","Verify that the Documents Required section is displayed - TC_100","webkit","2026-08-14","skipped","2026-08-14","National Car Insurance Documents - @regression","generated/car-module.test.ts","",""
"","0","Verify that the customer is able to interact with the customer support contact number - TC_026","firefox","2026-08-14","skipped","2026-08-14","Raise a Claim - @regression > Contact Support","generated/raise-claim.test.ts","",""
"","0","Verify that the Customer Care menu navigates to the Customer Care section - TC_316","mobile-safari","2026-08-14","skipped","2026-08-14","SBI Third Party - Section Navigation - @regression","generated/car-module.test.ts","",""
"","0","Verify that an Own Damage insurer link redirects correctly - TC_443","mobile-chrome","2026-08-14","skipped","2026-08-14","Royal Sundaram Own Damage - Other Own Damage Plans - @regression","generated/car-module.test.ts","",""
"","0","Verify that the Claim Settlement Ratio menu navigates to the Claim Settlement Ratio section - TC_317","firefox","2026-08-14","skipped","2026-08-14","SBI Third Party - Section Navigation - @regression","generated/car-module.test.ts","",""
"","3","Verify that the More Insurers option is clickable - TC_301","firefox","2026-08-14","skipped","2026-08-14","SBI Comprehensive - Similar Car Insurance Companies - @regression","generated/car-module.test.ts","",""
"","0","Verify that the insurer plan card information is displayed - TC_216","mobile-safari","2026-08-14","skipped","2026-08-14","Car Insurance - Top Car Insurance Plans - @regression","generated/car-module.test.ts","",""
"","16382","Verify that the Claims navigation option is clickable - TC_061","chromium","2026-08-14","failed","2026-08-14","National Car Insurance Navigation - @regression","generated/car-module.test.ts","",""
"","19255","Verify that the FAQ answer is displayed correctly - TC_113","chromium","2026-08-14","failed","2026-08-14","National Car Insurance FAQs - @regression","generated/car-module.test.ts","",""
"","0","Verify that an insurer link redirects to the corresponding Third Party page - TC_365","webkit","2026-08-14","skipped","2026-08-14","SBI Third Party - Other Third Party Plans - @regression","generated/car-module.test.ts","",""
"","1","Verify that the customer contact number is displayed on the Raise a Claim page - TC_024","mobile-chrome","2026-08-14","skipped","2026-08-14","Raise a Claim - @regression > Contact Support","generated/raise-claim.test.ts","",""
"","0","Verify that the user is able to click on Download now CTA on the right side of the page - TC_171","mobile-safari","2026-08-14","skipped","2026-08-14","Our partners (Health) - @regression > Insurer Landing Page Flow","generated/partners.test.ts","",""
"","0","Verify that the available claimrelated information is displayed - TC_098","webkit","2026-08-14","skipped","2026-08-14","National Car Insurance Claims - @regression","generated/car-module.test.ts","",""
"","0","Verify that the user is able to get Book an Expert call Section of right side of page - TC_129","firefox","2026-08-14","skipped","2026-08-14","Our partners (BIKE) - @regression > Insurer Landing Page Flow","generated/partners.test.ts","",""
"","0","Verify that the Read More CTA is displayed - TC_389","mobile-safari","2026-08-14","skipped","2026-08-14","Royal Sundaram Own Damage - Overview - @regression","generated/car-module.test.ts","",""
"","0","Verify that the Key Replacement addon is displayed - TC_265","mobile-safari","2026-08-14","skipped","2026-08-14","SBI Comprehensive - Add-ons - @regression","generated/car-module.test.ts","",""
"","0","Verify that all insurer options are displayed under Life Insurance Companies - TC_019","mobile-chrome","2026-08-14","skipped","2026-08-14","Life Dropdown & Navigation - @smoke @regression > Life Insurance Companies","generated/dropdown-navigation.test.ts","",""
"","0","Verify that the industry average claim settlement ratio is displayed - TC_325","mobile-chrome","2026-08-14","skipped","2026-08-14","SBI Third Party - Claim Settlement Ratio - @regression","generated/car-module.test.ts","",""
"","0","Verify that the Read More CTA is displayed - TC_389","firefox","2026-08-14","skipped","2026-08-14","Royal Sundaram Own Damage - Overview - @regression","generated/car-module.test.ts","",""
"","0","Verify that the starting premium is displayed - TC_375","webkit","2026-08-14","skipped","2026-08-14","Royal Sundaram Own Damage - Top Section - @regression","generated/car-module.test.ts","",""
"","0","Verify that the user is able to click on Read More CTA - TC_146","mobile-safari","2026-08-14","skipped","2026-08-14","Our partners (CAR) - @regression > Insurer Landing Page Flow","generated/partners.test.ts","",""
"","0","Verify that the user is able to click on Find Advisor CTA - TC_080","firefox","2026-08-14","skipped","2026-08-14","Life - Shared Flows - @regression @advisor > Home Page Flow","generated/shared-flows.test.ts","",""
"","0","Verify that Zero Depreciation is displayed - TC_333","webkit","2026-08-14","skipped","2026-08-14","SBI Third Party - Add-ons - @regression","generated/car-module.test.ts","",""
"","0","Verify that the car registration number field is displayed - TC_254","mobile-chrome","2026-08-14","skipped","2026-08-14","SBI Comprehensive - Premium Calculator - @regression","generated/car-module.test.ts","",""
"","0","Verify that the available addons are displayed - TC_085","firefox","2026-08-14","skipped","2026-08-14","National Car Insurance Add-ons - @regression","generated/car-module.test.ts","",""
"","0","Verify that Windshield Glass Cover is displayed - TC_400","mobile-chrome","2026-08-14","skipped","2026-08-14","Royal Sundaram Own Damage - Add-ons - @regression","generated/car-module.test.ts","",""
"","0","Verify that the user is able to click on View all article CTA - TC_133","webkit","2026-08-14","skipped","2026-08-14","Our partners (BIKE) - @regression > Insurer Landing Page Flow","generated/partners.test.ts","",""
"","0","Verify that the Premium Calculator menu navigates to the Premium Calculator section - TC_241","webkit","2026-08-14","skipped","2026-08-14","SBI Comprehensive - Section Navigation - @regression","generated/car-module.test.ts","",""
"","0","Verify that the user is able to click on articles on the bottom of the page - TC_152","firefox","2026-08-14","skipped","2026-08-14","Our partners (CAR) - @regression > Insurer Landing Page Flow","generated/partners.test.ts","",""
"","0","Verify that advisor profile picture is visible - TC_098","mobile-safari","2026-08-14","skipped","2026-08-14","Life - Shared Flows - @regression @advisor > Advisor Listing Page Flow","generated/shared-flows.test.ts","",""
"","0","Verify that the Book an Expert Call section is displayed - TC_294","mobile-chrome","2026-08-14","skipped","2026-08-14","SBI Comprehensive - Common Components - @regression","generated/car-module.test.ts","",""
"","0","Verify that the Check Premium CTA redirects to Profile Journey - TC_218","mobile-chrome","2026-08-14","skipped","2026-08-14","Car Insurance - Top Car Insurance Plans - @regression","generated/car-module.test.ts","",""
"","0","Verify that the breadcrumb is displayed on the National Car Insurance page - TC_041","firefox","2026-08-14","skipped","2026-08-14","National Car Insurance - @regression","generated/car-module.test.ts","",""
"","1","Verify that Year of Inception should be present on top of the page - TC_122","firefox","2026-08-14","skipped","2026-08-14","Our partners (BIKE) - @regression > Insurer Landing Page Flow","generated/partners.test.ts","",""
"","0","Verify that the Advisor list are relevent to selected Insurer or not - TC_072","mobile-chrome","2026-08-14","skipped","2026-08-14","Car Dashboard - @smoke @regression","generated/car-module.test.ts","",""
"","0","Verify that the user is able to expand an FAQ question - TC_112","mobile-safari","2026-08-14","skipped","2026-08-14","National Car Insurance FAQs - @regression","generated/car-module.test.ts","",""
"","0","Verify that the user is able to select any Insurer from our Partner sections - TC_116","mobile-safari","2026-08-14","skipped","2026-08-14","Our partners (BIKE) - @regression > Insurer Landing Page Flow","generated/partners.test.ts","",""
"","0","Verify that Engine Guard is displayed - TC_339","mobile-chrome","2026-08-14","skipped","2026-08-14","SBI Third Party - Add-ons - @regression","generated/car-module.test.ts","",""
"","0","Verify that the Benefits of FourWheeler ThirdParty Insurance section is displayed - TC_158","mobile-chrome","2026-08-14","skipped","2026-08-14","Third Party Car Insurance - @regression","generated/car-module.test.ts","",""
"","0","Verify that the FAQ answer content is displayed correctly - TC_181","mobile-safari","2026-08-14","skipped","2026-08-14","Third Party Car Insurance - FAQs - @regression","generated/car-module.test.ts","",""
"","0","Verify that advisor distance is visible - TC_050","chromium","2026-08-14","skipped","2026-08-14","Bike - Shared Flows - @regression @advisor > Advisor Listing Page Flow","generated/shared-flows.test.ts","",""
"","0","Verify that the user is able to click on an FAQ question - TC_178","mobile-chrome","2026-08-14","skipped","2026-08-14","Third Party Car Insurance - FAQs - @regression","generated/car-module.test.ts","",""
"","0","Verify that the user is able to get Find Advisor Popup - TC_034","mobile-chrome","2026-08-14","skipped","2026-08-14","Bike - Shared Flows - @regression @advisor > Find Advisor Popup Flow","generated/shared-flows.test.ts","",""
"","0","Verify that the Read More CTA is displayed for the Third Party plan - TC_072","firefox","2026-08-14","skipped","2026-08-14","National Car Insurance Plans - @regression","generated/car-module.test.ts","",""
"","0","Verify that plans are visible on page - TC_105","mobile-chrome","2026-08-14","skipped","2026-08-14","Life Landing Page - @regression @landing","generated/life-landing.test.ts","",""
"","0","Verify that the user is able to get Find Advisor Popup - TC_060","mobile-safari","2026-08-14","skipped","2026-08-14","Car Dashboard - @smoke @regression","generated/car-module.test.ts","",""
"","0","Verify that the cashless garage count is displayed - TC_238","mobile-chrome","2026-08-14","skipped","2026-08-14","SBI Comprehensive - Top Section - @regression","generated/car-module.test.ts","",""
"","0","Verify that advisor policy sold count is visible - TC_100","mobile-chrome","2026-08-14","skipped","2026-08-14","Life - Shared Flows - @regression @advisor > Advisor Listing Page Flow","generated/shared-flows.test.ts","",""
"","0","Verify that this Please enter the pincode error message should come if user not enters pincode - TC_111","webkit","2026-08-14","skipped","2026-08-14","Life Landing Page - @regression @landing","generated/life-landing.test.ts","",""
"","18204","Verify that all available exclusions are displayed - TC_091","chromium","2026-08-14","failed","2026-08-14","National Car Insurance Exclusions - @regression","generated/car-module.test.ts","",""
"","0","Verify that the user is able to click on Find Advisor CTA - TC_113","chromium","2026-08-14","skipped","2026-08-14","Life Landing Page - @regression @landing","generated/life-landing.test.ts","",""
"","0","Verify that the user is able to select Insurer from Our partner sectionand should and land on Insure - TC_115","chromium","2026-08-14","skipped","2026-08-14","Our partners (BIKE) - @regression > Home Page Flow","generated/partners.test.ts","",""
"","0","Verify that an insurer link is clickable - TC_014","mobile-chrome","2026-08-14","skipped","2026-08-14","Health Dropdown & Navigation - @smoke @regression > Health Insurance Companies","generated/dropdown-navigation.test.ts","",""
"","0","Verify that all sections are displayed in the Health dropdown - TC_012","mobile-chrome","2026-08-14","skipped","2026-08-14","Health Dropdown & Navigation - @smoke @regression > Health Dropdown","generated/dropdown-navigation.test.ts","",""
"","0","Verify that the How to Buy ThirdParty Car Insurance Online from Turtlemint option is clickable - TC_146","webkit","2026-08-14","skipped","2026-08-14","Third Party Car Insurance - Table of Contents - @regression","generated/car-module.test.ts","",""
"","1","Verify that the Key Replacement addon is displayed - TC_265","webkit","2026-08-14","skipped","2026-08-14","SBI Comprehensive - Add-ons - @regression","generated/car-module.test.ts","",""
"","0","Verify that the How Does ThirdParty Car Insurance Work option is clickable - TC_128","mobile-chrome","2026-08-14","skipped","2026-08-14","Third Party Car Insurance - Table of Contents - @regression","generated/car-module.test.ts","",""
"","16373","Verify that the National Car Insurance Addons section is displayed - TC_084","chromium","2026-08-14","failed","2026-08-14","National Car Insurance Add-ons - @regression","generated/car-module.test.ts","",""
"","0","Verify that the SBI Customer Care section is displayed - TC_355","mobile-safari","2026-08-14","skipped","2026-08-14","SBI Third Party - Customer Care - @regression","generated/car-module.test.ts","",""
"","0","Verify that the user is able to select Insurer type and click on Find Advisor should land on Find Ad - TC_084","mobile-chrome","2026-08-14","skipped","2026-08-14","Life - Shared Flows - @regression @advisor > Home Page Flow","generated/shared-flows.test.ts","",""
"","0","Verify that Consumable Cover is displayed - TC_340","mobile-chrome","2026-08-14","skipped","2026-08-14","SBI Third Party - Add-ons - @regression","generated/car-module.test.ts","",""
"","0","Verify that the National Cashless Garages section is displayed - TC_081","mobile-safari","2026-08-14","skipped","2026-08-14","National Cashless Garages - @regression","generated/car-module.test.ts","",""
"","1","Verify that on clicking Plans tab user should redirect to that particular section on page - TC_168","chromium","2026-08-14","skipped","2026-08-14","Our partners (Health) - @regression > Insurer Landing Page Flow","generated/partners.test.ts","",""
"","0","Verify that the user is able to click on the Download Now CTA - TC_023","mobile-chrome","2026-08-14","skipped","2026-08-14","Raise a Claim - @regression > Raise a Claim Flow","generated/raise-claim.test.ts","",""
"","0","Verify that the top plannavigation links are displayed - TC_370","firefox","2026-08-14","skipped","2026-08-14","Royal Sundaram Own Damage - Top Section - @regression","generated/car-module.test.ts","",""
"","0","Verify that the Get Quote CTA is displayed - TC_205","webkit","2026-08-14","skipped","2026-08-14","Car Insurance - Top Quote Section - @regression","generated/car-module.test.ts","",""
"","0","Verify that the user is able to click on Articles - TC_153","mobile-safari","2026-08-14","skipped","2026-08-14","Our partners (CAR) - @regression > Insurer Landing Page Flow","generated/partners.test.ts","",""
"","0","Verify that the ThirdParty Liability information is displayed - TC_321","mobile-chrome","2026-08-14","skipped","2026-08-14","SBI Third Party - Overview - @regression","generated/car-module.test.ts","",""
"","18900","Verify that the starting premium is displayed - TC_309","chromium","2026-08-14","failed","2026-08-14","SBI Third Party - Top Section - @regression","generated/car-module.test.ts","",""
"","19545","Verify that the Addons menu navigates to the Addons section - TC_245","chromium","2026-08-14","failed","2026-08-14","SBI Comprehensive - Section Navigation - @regression","generated/car-module.test.ts","",""
"","0","Verify that Additional Roadside Assistance EMI Protector Tyre and Rim Guard and Personal Accident ar - TC_341","webkit","2026-08-14","skipped","2026-08-14","SBI Third Party - Add-ons - @regression","generated/car-module.test.ts","",""
"","1","Verify that the Advisor list are relevent to selected Insurer or not - TC_072","mobile-safari","2026-08-14","skipped","2026-08-14","Car Dashboard - @smoke @regression","generated/car-module.test.ts","",""
"","7948","Verify that the insurance business features are displayed - TC_034","chromium","2026-08-14","passed","2026-08-14","Become a POSP - @regression > Insurance Business Features","generated/become-posp.test.ts","",""
"","0","Verify that submit CTA is disable for blank Pincode - TC_087","chromium","2026-08-14","skipped","2026-08-14","Life - Shared Flows - @regression @advisor > Find Advisor Popup Flow","generated/shared-flows.test.ts","",""
"","0","Verify that Voluntary Deductible Cover is displayed - TC_401","webkit","2026-08-14","skipped","2026-08-14","Royal Sundaram Own Damage - Add-ons - @regression","generated/car-module.test.ts","",""
"","0","Verify that the Premium Calculator section is displayed - TC_393","webkit","2026-08-14","skipped","2026-08-14","Royal Sundaram Own Damage - Premium Calculator - @regression","generated/car-module.test.ts","",""
"","1","Verify that the Benefits of FourWheeler ThirdParty Insurance option is clickable - TC_130","mobile-chrome","2026-08-14","skipped","2026-08-14","Third Party Car Insurance - Table of Contents - @regression","generated/car-module.test.ts","",""
"","0","Verify that get In Touch CTA is clickable - TC_052","mobile-safari","2026-08-14","skipped","2026-08-14","Bike - Shared Flows - @regression @advisor > Advisor Listing Page Flow","generated/shared-flows.test.ts","",""
"","0","Verify that the Importance of ThirdParty Car Insurance Policy option is clickable - TC_127","webkit","2026-08-14","skipped","2026-08-14","Third Party Car Insurance - Table of Contents - @regression","generated/car-module.test.ts","",""
"","1","Verify that the Tyre and Rim Guard addon is displayed - TC_273","webkit","2026-08-14","skipped","2026-08-14","SBI Comprehensive - Add-ons - @regression","generated/car-module.test.ts","",""
"","1","Verify that the Claims section is displayed - TC_258","firefox","2026-08-14","skipped","2026-08-14","SBI Comprehensive - Claims - @regression","generated/car-module.test.ts","",""
"","0","Verify that the Comprehensive coverage information is displayed - TC_248","webkit","2026-08-14","skipped","2026-08-14","SBI Comprehensive - Overview - @regression","generated/car-module.test.ts","",""
"","0","Verify that the Articles option is clickable - TC_110","mobile-safari","2026-08-14","skipped","2026-08-14","National Car Insurance - More - @regression","generated/car-module.test.ts","",""
"","0","Verify that Daily Cash is displayed - TC_404","mobile-chrome","2026-08-14","skipped","2026-08-14","Royal Sundaram Own Damage - Add-ons - @regression","generated/car-module.test.ts","",""
"","0","Verify that the EMI Protector addon is displayed - TC_272","mobile-safari","2026-08-14","skipped","2026-08-14","SBI Comprehensive - Add-ons - @regression","generated/car-module.test.ts","",""
"","0","Verify that all available insurers are displayed under Comprehensive plans - TC_229","firefox","2026-08-14","skipped","2026-08-14","Car Insurance - Top Car Insurance Plans - Comprehensive - @regression","generated/car-module.test.ts","",""
"","1","Verify that the FAQ section is displayed - TC_177","chromium","2026-08-14","skipped","2026-08-14","Third Party Car Insurance - @regression","generated/car-module.test.ts","",""
"","0","Verify that the starting premium is displayed - TC_309","firefox","2026-08-14","skipped","2026-08-14","SBI Third Party - Top Section - @regression","generated/car-module.test.ts","",""
"","0","Verify that the Get Quotes Without Car Number CTA is displayed - TC_235","mobile-chrome","2026-08-14","skipped","2026-08-14","SBI Comprehensive - Top Section - @regression","generated/car-module.test.ts","",""
"","0","Verify that the Bike dropdown is displayed - TC_007","webkit","2026-08-14","skipped","2026-08-14","Bike Dropdown & Navigation - @smoke @regression > Bike Dropdown","generated/dropdown-navigation.test.ts","",""
"","0","Verify that the User should get this Please select type of insurance to proceed to the next step mes - TC_083","webkit","2026-08-14","skipped","2026-08-14","Life - Shared Flows - @regression @advisor > Home Page Flow","generated/shared-flows.test.ts","",""
"","0","Verify that the user is able to select Insurer from Our partner sectionand should and land on Insure - TC_115","firefox","2026-08-14","skipped","2026-08-14","Our partners (BIKE) - @regression > Home Page Flow","generated/partners.test.ts","",""
"","0","Verify that the When is ThirdParty Insurance Better than Comprehensive section is displayed - TC_170","webkit","2026-08-14","skipped","2026-08-14","Third Party Car Insurance - @regression","generated/car-module.test.ts","",""
"","0","Verify that the Get Quotes Without Car Number CTA is displayed - TC_235","mobile-safari","2026-08-14","skipped","2026-08-14","SBI Comprehensive - Top Section - @regression","generated/car-module.test.ts","",""
"","0","Verify that the user is able to collapse an expanded FAQ - TC_179","firefox","2026-08-14","skipped","2026-08-14","Third Party Car Insurance - FAQs - @regression","generated/car-module.test.ts","",""
"","0","Verify that all available exclusions are displayed - TC_091","firefox","2026-08-14","skipped","2026-08-14","National Car Insurance Exclusions - @regression","generated/car-module.test.ts","",""
"","0","Verify that the How it works section is displayed - TC_028","chromium","2026-08-14","skipped","2026-08-14","Raise a Claim - @regression > How it works","generated/raise-claim.test.ts","",""
"","0","Verify that the user is able to select insurance type - TC_027","webkit","2026-08-14","skipped","2026-08-14","Bike - Shared Flows - @regression @advisor > Home Page Flow","generated/shared-flows.test.ts","",""
"","0","Verify that the SBI Customer Care email ID is displayed - TC_357","mobile-chrome","2026-08-14","skipped","2026-08-14","SBI Third Party - Customer Care - @regression","generated/car-module.test.ts","",""
"","0","Verify that Personal Accident Cover is displayed - TC_410","mobile-safari","2026-08-14","skipped","2026-08-14","Royal Sundaram Own Damage - Add-ons - @regression","generated/car-module.test.ts","",""
"","0","Verify that visit website CTA is visible on all advisor - TC_051","mobile-chrome","2026-08-14","skipped","2026-08-14","Bike - Shared Flows - @regression @advisor > Advisor Listing Page Flow","generated/shared-flows.test.ts","",""
"","0","Verify that the available comprehensive car insurance insurers are displayed - TC_296","webkit","2026-08-14","skipped","2026-08-14","SBI Comprehensive - Other Comprehensive Car Insurance Plans - @regression","generated/car-module.test.ts","",""
"","0","Verify that once user enters Pincode then Submit CTA should enable - TC_063","webkit","2026-08-14","skipped","2026-08-14","Car Dashboard - @smoke @regression","generated/car-module.test.ts","",""
"","0","Verify that the user is able to click on Find Advisor CTA - TC_080","mobile-safari","2026-08-14","skipped","2026-08-14","Life - Shared Flows - @regression @advisor > Home Page Flow","generated/shared-flows.test.ts","",""
"","0","Verify that the ThirdParty Insurance Premium Rates option is clickable - TC_136","mobile-safari","2026-08-14","skipped","2026-08-14","Third Party Car Insurance - Table of Contents - @regression","generated/car-module.test.ts","",""
"","0","Verify that the User should get this Please select type of insurance to proceed to the next step mes - TC_082","firefox","2026-08-14","skipped","2026-08-14","Life - Shared Flows - @regression @advisor > Home Page Flow","generated/shared-flows.test.ts","",""
"","0","Verify that the user is able to click on Articles - TC_153","webkit","2026-08-14","skipped","2026-08-14","Our partners (CAR) - @regression > Insurer Landing Page Flow","generated/partners.test.ts","",""
"","0","Verify that the Car Insurance Companies Similar To Royal Sundaram section is displayed - TC_445","mobile-safari","2026-08-14","skipped","2026-08-14","Royal Sundaram Own Damage - Similar Car Insurance Companies - @regression","generated/car-module.test.ts","",""
"","0","Verify that the selected Insurer icon is on top of the page - TC_160","mobile-safari","2026-08-14","skipped","2026-08-14","Our partners (Health) - @regression > Insurer Landing Page Flow","generated/partners.test.ts","",""
"","1","Verify that the View More CTA is displayed - TC_190","chromium","2026-08-14","skipped","2026-08-14","Third Party Car Insurance - Car Insurance Companies - @regression","generated/car-module.test.ts","",""
"","0","Verify that the rightside section navigation menu is displayed - TC_312","webkit","2026-08-14","skipped","2026-08-14","SBI Third Party - Section Navigation - @regression","generated/car-module.test.ts","",""
"","0","Verify that visit website CTA is visible on all advisor - TC_077","firefox","2026-08-14","skipped","2026-08-14","Car Dashboard - @smoke @regression","generated/car-module.test.ts","",""
"","0","Verify that the user is able to select Insurer from Our partner sectionand should and land on Insure - TC_177","webkit","2026-08-14","skipped","2026-08-14","Our partners (Life) - @regression > Insurer Landing Page Flow","generated/partners.test.ts","",""
"","0","Verify that the How to Get the Cheapest ThirdParty Car Insurance section is displayed - TC_175","mobile-chrome","2026-08-14","skipped","2026-08-14","Third Party Car Insurance - @regression","generated/car-module.test.ts","",""
"","0","Verify that the available Royal Sundaram article cards are displayed - TC_437","firefox","2026-08-14","skipped","2026-08-14","Royal Sundaram Own Damage - Articles - @regression","generated/car-module.test.ts","",""
"","0","Verify that on clicking Plans tab user should redirect to that particular section on page - TC_168","webkit","2026-08-14","skipped","2026-08-14","Our partners (Health) - @regression > Insurer Landing Page Flow","generated/partners.test.ts","",""
"","0","Verify that No of Branches should be present on top of the page - TC_163","webkit","2026-08-14","skipped","2026-08-14","Our partners (Health) - @regression > Insurer Landing Page Flow","generated/partners.test.ts","",""
"","0","Verify that the User should get this Please select type of insurance to proceed to the next step mes - TC_057","firefox","2026-08-14","skipped","2026-08-14","Car Dashboard - @smoke @regression","generated/car-module.test.ts","",""
"","0","Verify that the branch count is displayed - TC_376","webkit","2026-08-14","skipped","2026-08-14","Royal Sundaram Own Damage - Top Section - @regression","generated/car-module.test.ts","",""
"","0","Verify that the user should land on Insurer page after selecting Insurer - TC_159","firefox","2026-08-14","skipped","2026-08-14","Our partners (Health) - @regression > Insurer Landing Page Flow","generated/partners.test.ts","",""
"","0","Verify that the user is able to click on articles on the bottom of the page - TC_172","mobile-safari","2026-08-14","skipped","2026-08-14","Our partners (Health) - @regression > Insurer Landing Page Flow","generated/partners.test.ts","",""
"","0","Verify that the ICICI Lombard car insurance option is clickable - TC_188","mobile-chrome","2026-08-14","skipped","2026-08-14","Third Party Car Insurance - Car Insurance Companies - @regression","generated/car-module.test.ts","",""
"","0","Verify that the user can select different Insurer from dropdown - TC_044","mobile-safari","2026-08-14","skipped","2026-08-14","Bike - Shared Flows - @regression @advisor > Advisor Listing Page Flow","generated/shared-flows.test.ts","",""
"","0","Verify that the Benefits of FourWheeler ThirdParty Insurance option is clickable - TC_130","firefox","2026-08-14","skipped","2026-08-14","Third Party Car Insurance - Table of Contents - @regression","generated/car-module.test.ts","",""
"","0","Verify that the More Insurers option is displayed - TC_300","webkit","2026-08-14","skipped","2026-08-14","SBI Comprehensive - Similar Car Insurance Companies - @regression","generated/car-module.test.ts","",""
"","0","Verify that the user is able to click on More CTA - TC_125","mobile-chrome","2026-08-14","skipped","2026-08-14","Our partners (BIKE) - @regression > Insurer Landing Page Flow","generated/partners.test.ts","",""
"","0","Verify that the Generali Central car insurance option is clickable - TC_186","webkit","2026-08-14","skipped","2026-08-14","Third Party Car Insurance - Car Insurance Companies - @regression","generated/car-module.test.ts","",""
"","0","Verify that Key Replacement is displayed - TC_406","chromium","2026-08-14","skipped","2026-08-14","Royal Sundaram Own Damage - Add-ons - @regression","generated/car-module.test.ts","",""
"","0","Verify that the user can select different Insurer from dropdown - TC_095","firefox","2026-08-14","skipped","2026-08-14","Life - Shared Flows - @regression @advisor > Advisor Listing Page Flow","generated/shared-flows.test.ts","",""
"","0","Verify that the National Car Insurance Addons section is displayed - TC_084","mobile-chrome","2026-08-14","skipped","2026-08-14","National Car Insurance Add-ons - @regression","generated/car-module.test.ts","",""
"","0","Verify that the user is able to enter bike number - TC_119","webkit","2026-08-14","skipped","2026-08-14","Our partners (BIKE) - @regression > Insurer Landing Page Flow","generated/partners.test.ts","",""
"","0","Verify that Depreciation Waiver Cover is displayed - TC_399","firefox","2026-08-14","skipped","2026-08-14","Royal Sundaram Own Damage - Add-ons - @regression","generated/car-module.test.ts","",""
"","0","Verify that the FAQs option is clickable - TC_149","mobile-chrome","2026-08-14","skipped","2026-08-14","Third Party Car Insurance - Table of Contents - @regression","generated/car-module.test.ts","",""
"","0","Verify that the SBI Customer Care email ID is displayed - TC_290","webkit","2026-08-14","skipped","2026-08-14","SBI Comprehensive - Customer Care - @regression","generated/car-module.test.ts","",""
"","0","Verify that the No Claim Bonus Protection addon is displayed - TC_264","mobile-chrome","2026-08-14","skipped","2026-08-14","SBI Comprehensive - Add-ons - @regression","generated/car-module.test.ts","",""
"","0","Verify that an insurer namelogo is clickable - TC_219","webkit","2026-08-14","skipped","2026-08-14","Car Insurance - Top Car Insurance Plans - @regression","generated/car-module.test.ts","",""
"","19196","Verify that the Get Quotes CTA is displayed - TC_234","chromium","2026-08-14","failed","2026-08-14","SBI Comprehensive - Top Section - @regression","generated/car-module.test.ts","",""
"","0","Verify that the user is able to select Insurer from Our partner sectionand should and land on Insure - TC_177","chromium","2026-08-14","skipped","2026-08-14","Our partners (Life) - @regression > Insurer Landing Page Flow","generated/partners.test.ts","",""
"","0","Verify that the How to Get the Cheapest ThirdParty Car Insurance option is clickable - TC_147","mobile-chrome","2026-08-14","skipped","2026-08-14","Third Party Car Insurance - Table of Contents - @regression","generated/car-module.test.ts","",""
"","0","Verify that a cashless garage insurer link is clickable - TC_006","webkit","2026-08-14","skipped","2026-08-14","Car Dashboard - @smoke @regression","generated/car-module.test.ts","",""
"","0","Verify that Cashless Claim and Reimbursement Claim options are displayed - TC_415","chromium","2026-08-14","skipped","2026-08-14","Royal Sundaram Own Damage - Claims - @regression","generated/car-module.test.ts","",""
"","0","Verify that after entering valid pincode click on Submit should land on Advisor Listing Page - TC_067","webkit","2026-08-14","skipped","2026-08-14","Car Dashboard - @smoke @regression","generated/car-module.test.ts","",""
"","16542","Verify that the starting premium is displayed - TC_375","chromium","2026-08-14","failed","2026-08-14","Royal Sundaram Own Damage - Top Section - @regression","generated/car-module.test.ts","",""
"","0","Verify that the user is able to enter Pincode - TC_061","mobile-safari","2026-08-14","skipped","2026-08-14","Car Dashboard - @smoke @regression","generated/car-module.test.ts","",""
"","0","Verify that the Car Insurance Companies section is displayed - TC_182","chromium","2026-08-14","skipped","2026-08-14","Third Party Car Insurance - Car Insurance Companies - @regression","generated/car-module.test.ts","",""
"","0","Verify that the user is able to get Find Advisor Popup - TC_034","chromium","2026-08-14","skipped","2026-08-14","Bike - Shared Flows - @regression @advisor > Find Advisor Popup Flow","generated/shared-flows.test.ts","",""
"","0","Verify that the user is able to click on Download now CTA on the right side of the page - TC_151","mobile-safari","2026-08-14","skipped","2026-08-14","Our partners (CAR) - @regression > Insurer Landing Page Flow","generated/partners.test.ts","",""
"","0","Verify that after entering valid pincode click on Submit should land on Advisor Listing Page - TC_092","chromium","2026-08-14","skipped","2026-08-14","Life - Shared Flows - @regression @advisor > Find Advisor Popup Flow","generated/shared-flows.test.ts","",""
"","0","Verify that all insurer options are displayed under Car Insurance Companies - TC_003","firefox","2026-08-14","skipped","2026-08-14","Car Dashboard - @smoke @regression","generated/car-module.test.ts","",""
"","38431","Verify that an insurer link is clickable - TC_004","chromium","2026-08-14","failed","2026-08-14","Car Dashboard - @smoke @regression","generated/car-module.test.ts","",""
"","0","Verify that the eligible vehicle types FAQ is displayed - TC_451","mobile-safari","2026-08-14","skipped","2026-08-14","Royal Sundaram Own Damage - FAQs - @regression","generated/car-module.test.ts","",""
"","0","Verify that the CNGLPG kit FAQ is displayed - TC_452","chromium","2026-08-14","skipped","2026-08-14","Royal Sundaram Own Damage - FAQs - @regression","generated/car-module.test.ts","",""
"","0","Verify that all sections are displayed in the Car dropdown - TC_002","firefox","2026-08-14","skipped","2026-08-14","Car Dashboard - @smoke @regression","generated/car-module.test.ts","",""
"","1","Verify that the starting premium is displayed - TC_309","mobile-chrome","2026-08-14","skipped","2026-08-14","SBI Third Party - Top Section - @regression","generated/car-module.test.ts","",""
"","0","Verify that advisor experience count is visible - TC_048","mobile-chrome","2026-08-14","skipped","2026-08-14","Bike - Shared Flows - @regression @advisor > Advisor Listing Page Flow","generated/shared-flows.test.ts","",""
"","2","Verify that the Return on Invoice addon is displayed - TC_268","mobile-safari","2026-08-14","skipped","2026-08-14","SBI Comprehensive - Add-ons - @regression","generated/car-module.test.ts","",""
"","1","Verify that the FAQ answer content is displayed correctly - TC_181","chromium","2026-08-14","skipped","2026-08-14","Third Party Car Insurance - FAQs - @regression","generated/car-module.test.ts","",""
"","1","Verify that the industry average claim settlement ratio is displayed - TC_325","webkit","2026-08-14","skipped","2026-08-14","SBI Third Party - Claim Settlement Ratio - @regression","generated/car-module.test.ts","",""
"","0","Verify that after entering valid pincode click on Submit should land on Advisor Listing Page - TC_067","firefox","2026-08-14","skipped","2026-08-14","Car Dashboard - @smoke @regression","generated/car-module.test.ts","",""
"","0","Verify that on clicking Plans tab user should redirect to that particular section on page - TC_148","firefox","2026-08-14","skipped","2026-08-14","Our partners (CAR) - @regression > Insurer Landing Page Flow","generated/partners.test.ts","",""
"","25113","Verify that all sections are displayed in the Life dropdown - TC_018","chromium","2026-08-14","failed","2026-08-14","Life Dropdown & Navigation - @smoke @regression > Life Dropdown","generated/dropdown-navigation.test.ts","",""
"","0","Verify that after entering valid pincode click on Submit should land on Advisor Listing Page - TC_041","firefox","2026-08-14","skipped","2026-08-14","Bike - Shared Flows - @regression @advisor > Find Advisor Popup Flow","generated/shared-flows.test.ts","",""
"","0","Verify that the Addons section is displayed - TC_398","mobile-safari","2026-08-14","skipped","2026-08-14","Royal Sundaram Own Damage - Add-ons - @regression","generated/car-module.test.ts","",""
"","1","Verify that the Latest Articles section is displayed - TC_115","firefox","2026-08-14","skipped","2026-08-14","National Car Insurance Articles - @regression","generated/car-module.test.ts","",""
"","0","Verify that the Driving License requirement is displayed - TC_351","webkit","2026-08-14","skipped","2026-08-14","SBI Third Party - Documents Required - @regression","generated/car-module.test.ts","",""
"","0","Verify that the user is able to click on the Raise a Claim CTA - TC_021","mobile-chrome","2026-08-14","skipped","2026-08-14","Raise a Claim - @regression > Raise a Claim Flow","generated/raise-claim.test.ts","",""
"","0","Verify that the user is able to click on Find Advisor CTA - TC_054","firefox","2026-08-14","skipped","2026-08-14","Car Dashboard - @smoke @regression","generated/car-module.test.ts","",""
"","0","Verify that the FIR requirement is displayed - TC_286","firefox","2026-08-14","skipped","2026-08-14","SBI Comprehensive - Documents Required For Claims - @regression","generated/car-module.test.ts","",""
"","0","Verify that the user is able to click on Download now CTA on the right side of the page - TC_130","mobile-chrome","2026-08-14","skipped","2026-08-14","Our partners (BIKE) - @regression > Insurer Landing Page Flow","generated/partners.test.ts","",""
"","0","Verify that the cashless garage count is displayed - TC_377","mobile-safari","2026-08-14","skipped","2026-08-14","Royal Sundaram Own Damage - Top Section - @regression","generated/car-module.test.ts","",""
"","0","Verify that the user is able to enter Pincode - TC_086","mobile-chrome","2026-08-14","skipped","2026-08-14","Life - Shared Flows - @regression @advisor > Find Advisor Popup Flow","generated/shared-flows.test.ts","",""
"","0","Verify that Year of Inception should be present on top of the page - TC_122","mobile-safari","2026-08-14","skipped","2026-08-14","Our partners (BIKE) - @regression > Insurer Landing Page Flow","generated/partners.test.ts","",""
"","0","Verify that the How it works section is displayed - TC_028","webkit","2026-08-14","skipped","2026-08-14","Raise a Claim - @regression > How it works","generated/raise-claim.test.ts","",""
"","0","Verify that the Premium Calculator menu navigates to the Premium Calculator section - TC_314","webkit","2026-08-14","skipped","2026-08-14","SBI Third Party - Section Navigation - @regression","generated/car-module.test.ts","",""
"","0","Verify that Year of Inception should be present on top of the page - TC_143","webkit","2026-08-14","skipped","2026-08-14","Our partners (CAR) - @regression > Insurer Landing Page Flow","generated/partners.test.ts","",""
"","1","Verify that clicking on Plans it redirect to life Profile page - TC_110","firefox","2026-08-14","skipped","2026-08-14","Life Dropdown & Navigation - @smoke @regression > Life Landing Page Flow","generated/dropdown-navigation.test.ts","",""
"","13769","Verify that all sections are displayed in the Car dropdown - TC_002","chromium","2026-08-14","passed","2026-08-14","Car Dashboard - @smoke @regression","generated/car-module.test.ts","",""
"","0","Verify that the Advisor list are relevent to selected Insurer or not - TC_097","chromium","2026-08-14","skipped","2026-08-14","Life - Shared Flows - @regression @advisor > Advisor Listing Page Flow","generated/shared-flows.test.ts","",""
"","0","Verify that the user is able to click on View all article CTA - TC_154","mobile-chrome","2026-08-14","skipped","2026-08-14","Our partners (CAR) - @regression > Insurer Landing Page Flow","generated/partners.test.ts","",""
"","1","Verify that after entering valid pincode click on Submit should land on Advisor Listing Page - TC_067","mobile-safari","2026-08-14","skipped","2026-08-14","Car Dashboard - @smoke @regression","generated/car-module.test.ts","",""
"","0","Verify that the Bifuel Kit Cover addon is displayed - TC_262","mobile-chrome","2026-08-14","skipped","2026-08-14","SBI Comprehensive - Add-ons - @regression","generated/car-module.test.ts","",""
"","0","Verify that the user is able to select Insurer from Our partner sectionand should and land on Insure - TC_157","webkit","2026-08-14","skipped","2026-08-14","Our partners (Health) - @regression > Home Page Flow","generated/partners.test.ts","",""
"","0","Verify that the surveyor claim assessment information is displayed - TC_346","firefox","2026-08-14","skipped","2026-08-14","SBI Third Party - Claims - @regression","generated/car-module.test.ts","",""
"","0","Verify that the How Does ThirdParty Car Insurance Work option is clickable - TC_128","firefox","2026-08-14","skipped","2026-08-14","Third Party Car Insurance - Table of Contents - @regression","generated/car-module.test.ts","",""
"","1","Verify that the three insurance options are displayed - TC_207","mobile-chrome","2026-08-14","skipped","2026-08-14","Car Insurance - Top Quote Section - @regression","generated/car-module.test.ts","",""
"","0","Verify that the Year of Inception information card is displayed - TC_047","firefox","2026-08-14","skipped","2026-08-14","National Car Insurance - @regression","generated/car-module.test.ts","",""
"","0","Verify that the Get Best Insurance Quotes For section is displayed - TC_150","chromium","2026-08-14","skipped","2026-08-14","Third Party Car Insurance - Get Best Insurance Quotes - @regression","generated/car-module.test.ts","",""
"","0","Verify that the threestep Royal Sundaram renewal process is displayed - TC_433","mobile-chrome","2026-08-14","skipped","2026-08-14","Royal Sundaram Own Damage - Renewal - @regression","generated/car-module.test.ts","",""
"","0","Verify that advisor policy sold count is visible - TC_049","chromium","2026-08-14","skipped","2026-08-14","Bike - Shared Flows - @regression @advisor > Advisor Listing Page Flow","generated/shared-flows.test.ts","",""
"","0","Verify that Year of Inception should be present on top of the page - TC_165","webkit","2026-08-14","skipped","2026-08-14","Our partners (Health) - @regression > Insurer Landing Page Flow","generated/partners.test.ts","",""
"","0","Verify that the insurerspecific Car Insurance page is displayed after clicking the insurer namelogo - TC_220","chromium","2026-08-14","skipped","2026-08-14","Car Insurance - Top Car Insurance Plans - @regression","generated/car-module.test.ts","",""
"","0","Verify that the Articles menu navigates to the Articles section - TC_385","chromium","2026-08-14","skipped","2026-08-14","Royal Sundaram Own Damage - Section Navigation - @regression","generated/car-module.test.ts","",""
"","0","Verify that the How are ThirdParty Car Insurance Premium Rates Calculated option is clickable - TC_131","mobile-chrome","2026-08-14","skipped","2026-08-14","Third Party Car Insurance - Table of Contents - @regression","generated/car-module.test.ts","",""
"","0","Verify that the article cards are displayed - TC_116","mobile-safari","2026-08-14","skipped","2026-08-14","National Car Insurance Articles - @regression","generated/car-module.test.ts","",""
"","0","Verify that the Customer Care menu navigates to the Customer Care section - TC_243","mobile-chrome","2026-08-14","skipped","2026-08-14","SBI Comprehensive - Section Navigation - @regression","generated/car-module.test.ts","",""
"","18145","Verify that the information provided for the required documents is displayed correctly - TC_102","chromium","2026-08-14","failed","2026-08-14","National Car Insurance Documents - @regression","generated/car-module.test.ts","",""
"","0","Verify that the selected Insurer icon is on top of the page - TC_139","chromium","2026-08-14","skipped","2026-08-14","Our partners (CAR) - @regression > Insurer Landing Page Flow","generated/partners.test.ts","",""
"","0","Verify that the user is able to click on Get a Quote CTA - TC_029","chromium","2026-08-14","skipped","2026-08-14","Bike - Shared Flows - @regression @advisor > Home Page Flow","generated/shared-flows.test.ts","",""
"","0","Verify that the common Manage All Your Policies In One Place section is displayed - TC_440","chromium","2026-08-14","skipped","2026-08-14","Royal Sundaram Own Damage - Common Components - @regression","generated/car-module.test.ts","",""
"","16752","Verify that the cashless garage count is displayed - TC_377","chromium","2026-08-14","failed","2026-08-14","Royal Sundaram Own Damage - Top Section - @regression","generated/car-module.test.ts","",""
"","0","Verify that the user should get this Pincode not found for invalid Pincode - TC_065","mobile-safari","2026-08-14","skipped","2026-08-14","Car Dashboard - @smoke @regression","generated/car-module.test.ts","",""
"","0","Verify that the car number input field is displayed in the Premium Calculator section - TC_076","mobile-chrome","2026-08-14","skipped","2026-08-14","National Premium Calculator - @regression","generated/car-module.test.ts","",""
"","1","Verify that the user is able to click on the LOGIN CTA - TC_038","webkit","2026-08-14","skipped","2026-08-14","Become a POSP - @regression > POSP Navigation","generated/become-posp.test.ts","",""
"","0","Verify that the CNGLPG kit FAQ is displayed - TC_452","mobile-chrome","2026-08-14","skipped","2026-08-14","Royal Sundaram Own Damage - FAQs - @regression","generated/car-module.test.ts","",""
"","1","Verify that Comprehensive plan cards display the required information - TC_226","mobile-chrome","2026-08-14","skipped","2026-08-14","Car Insurance - Top Car Insurance Plans - Comprehensive - @regression","generated/car-module.test.ts","",""
"","0","Verify that the View More option is displayed - TC_411","mobile-chrome","2026-08-14","skipped","2026-08-14","Royal Sundaram Own Damage - Add-ons - @regression","generated/car-module.test.ts","",""
"","16559","Verify that the National Claim Settlement Ratio section is displayed - TC_067","chromium","2026-08-14","failed","2026-08-14","National Car Insurance - @regression","generated/car-module.test.ts","",""
"","0","Verify that the Driving License requirement is displayed - TC_351","firefox","2026-08-14","skipped","2026-08-14","SBI Third Party - Documents Required - @regression","generated/car-module.test.ts","",""
"","0","Verify that the User should get this Please select type of insurance to proceed to the next step mes - TC_056","firefox","2026-08-14","skipped","2026-08-14","Car Dashboard - @smoke @regression","generated/car-module.test.ts","",""
"","0","Verify that home functionality is redirecting to Homepage or not - TC_071","webkit","2026-08-14","skipped","2026-08-14","Car Dashboard - @smoke @regression","generated/car-module.test.ts","",""
"","0","Verify that the Exclusions navigation option is clickable - TC_059","firefox","2026-08-14","skipped","2026-08-14","National Car Insurance Navigation - @regression","generated/car-module.test.ts","",""
"","0","Verify that the industry average claim settlement ratio is displayed - TC_392","webkit","2026-08-14","skipped","2026-08-14","Royal Sundaram Own Damage - Claim Settlement Ratio - @regression","generated/car-module.test.ts","",""
"","6729","Verify that the user can select different Insurer from dropdown - TC_070","chromium","2026-08-14","passed","2026-08-14","Car Dashboard - @smoke @regression","generated/car-module.test.ts","",""
"","0","Verify that Own Damage coverage information is displayed - TC_387","mobile-safari","2026-08-14","skipped","2026-08-14","Royal Sundaram Own Damage - Overview - @regression","generated/car-module.test.ts","",""
"","0","Verify that the user is able to click on Articles - TC_132","webkit","2026-08-14","skipped","2026-08-14","Our partners (BIKE) - @regression > Insurer Landing Page Flow","generated/partners.test.ts","",""
"","0","Verify that the Addons section is displayed - TC_398","firefox","2026-08-14","skipped","2026-08-14","Royal Sundaram Own Damage - Add-ons - @regression","generated/car-module.test.ts","",""
"","18286","Verify that the information provided for each feature is displayed correctly - TC_089","chromium","2026-08-14","failed","2026-08-14","National Car Insurance Features - @regression","generated/car-module.test.ts","",""
"","0","Verify that Key Replacement is displayed - TC_406","mobile-chrome","2026-08-14","skipped","2026-08-14","Royal Sundaram Own Damage - Add-ons - @regression","generated/car-module.test.ts","",""
"","1","Verify that the selected Pincode is present on top of the page - TC_094","webkit","2026-08-14","skipped","2026-08-14","Life - Shared Flows - @regression @advisor > Advisor Listing Page Flow","generated/shared-flows.test.ts","",""
"","0","Verify that an insurer link redirects to the corresponding page - TC_297","mobile-chrome","2026-08-14","skipped","2026-08-14","SBI Comprehensive - Other Comprehensive Car Insurance Plans - @regression","generated/car-module.test.ts","",""
"","0","Verify that the Get Quotes Without Car Number CTA is displayed - TC_257","firefox","2026-08-14","skipped","2026-08-14","SBI Comprehensive - Premium Calculator - @regression","generated/car-module.test.ts","",""
"","0","Verify that the How to Get the Cheapest ThirdParty Car Insurance option is clickable - TC_147","firefox","2026-08-14","skipped","2026-08-14","Third Party Car Insurance - Table of Contents - @regression","generated/car-module.test.ts","",""
"","0","Verify that investment Tax planning is clickable - TC_107","mobile-chrome","2026-08-14","skipped","2026-08-14","Life Dropdown & Navigation - @smoke @regression > Life Landing Page Flow","generated/dropdown-navigation.test.ts","",""
"","0","Verify that after entering valid pincode click on Submit should land on Advisor Listing Page - TC_092","webkit","2026-08-14","skipped","2026-08-14","Life - Shared Flows - @regression @advisor > Find Advisor Popup Flow","generated/shared-flows.test.ts","",""
"","0","Verify that Engine Guard is displayed - TC_339","firefox","2026-08-14","skipped","2026-08-14","SBI Third Party - Add-ons - @regression","generated/car-module.test.ts","",""
"","0","Verify that all garage insurer options are displayed under Cashless Garage - TC_005","firefox","2026-08-14","skipped","2026-08-14","Car Dashboard - @smoke @regression","generated/car-module.test.ts","",""
"","0","Verify that the user is able to click on an FAQ question - TC_178","firefox","2026-08-14","skipped","2026-08-14","Third Party Car Insurance - FAQs - @regression","generated/car-module.test.ts","",""
"","0","Verify that original invoicereceipts requirement is displayed - TC_427","mobile-safari","2026-08-14","skipped","2026-08-14","Royal Sundaram Own Damage - Documents Required - @regression","generated/car-module.test.ts","",""
"","0","Verify that the Read More CTA is displayed - TC_421","mobile-safari","2026-08-14","skipped","2026-08-14","Royal Sundaram Own Damage - Claims - @regression","generated/car-module.test.ts","",""
"","0","Verify that the Read More CTA is displayed for the Third Party plan - TC_072","mobile-chrome","2026-08-14","skipped","2026-08-14","National Car Insurance Plans - @regression","generated/car-module.test.ts","",""
"","0","Verify that the selected Insurer is present on top of the page - TC_042","mobile-chrome","2026-08-14","skipped","2026-08-14","Bike - Shared Flows - @regression @advisor > Advisor Listing Page Flow","generated/shared-flows.test.ts","",""
"","0","Verify that the eligible vehicle types FAQ is displayed - TC_451","webkit","2026-08-14","skipped","2026-08-14","Royal Sundaram Own Damage - FAQs - @regression","generated/car-module.test.ts","",""
"","0","Verify that the SBI Customer Care number is displayed - TC_356","firefox","2026-08-14","skipped","2026-08-14","SBI Third Party - Customer Care - @regression","generated/car-module.test.ts","",""
"","0","Verify that the SBI Customer Care email ID is displayed - TC_357","firefox","2026-08-14","skipped","2026-08-14","SBI Third Party - Customer Care - @regression","generated/car-module.test.ts","",""
"","19410","Verify that the Customer Care menu navigates to the Customer Care section - TC_316","chromium","2026-08-14","failed","2026-08-14","SBI Third Party - Section Navigation - @regression","generated/car-module.test.ts","",""
"","16460","Verify that the National navigation option is clickable - TC_055","chromium","2026-08-14","failed","2026-08-14","National Car Insurance Navigation - @regression","generated/car-module.test.ts","",""
"","0","Verify that the Read More CTA is displayed - TC_209","webkit","2026-08-14","skipped","2026-08-14","Car Insurance - Introduction - @regression","generated/car-module.test.ts","",""
"","0","Verify that the user is able to click on an article - TC_117","mobile-safari","2026-08-14","skipped","2026-08-14","National Car Insurance Articles - @regression","generated/car-module.test.ts","",""
"","0","Verify that the Personal Belonging Cover addon is displayed - TC_266","firefox","2026-08-14","skipped","2026-08-14","SBI Comprehensive - Add-ons - @regression","generated/car-module.test.ts","",""
"","0","Verify that the Factors that Affect ThirdParty Insurance Premium section is displayed - TC_165","firefox","2026-08-14","skipped","2026-08-14","Third Party Car Insurance - @regression","generated/car-module.test.ts","",""
"","4367","Verify that submit CTA is disable for blank Pincode - TC_062","chromium","2026-08-14","passed","2026-08-14","Car Dashboard - @smoke @regression","generated/car-module.test.ts","",""
"","0","Verify that Personal Accident Cover is displayed - TC_410","webkit","2026-08-14","skipped","2026-08-14","Royal Sundaram Own Damage - Add-ons - @regression","generated/car-module.test.ts","",""
"","0","Verify that the Engine Guard addon is displayed - TC_269","mobile-safari","2026-08-14","skipped","2026-08-14","SBI Comprehensive - Add-ons - @regression","generated/car-module.test.ts","",""
"","0","Verify that the National Car Insurance Renewal section is displayed - TC_093","webkit","2026-08-14","skipped","2026-08-14","National Car Insurance Renewal - @regression","generated/car-module.test.ts","",""
"","1","Verify that the user is able to select Insurer from Our partner sectionand should and land on Insure - TC_157","mobile-chrome","2026-08-14","skipped","2026-08-14","Our partners (Health) - @regression > Home Page Flow","generated/partners.test.ts","",""
"","0","Verify that the user is able to click on Find Advisor CTA - TC_028","firefox","2026-08-14","skipped","2026-08-14","Bike - Shared Flows - @regression @advisor > Home Page Flow","generated/shared-flows.test.ts","",""
"","17727","Verify that the claim intimation and claim reference number information is displayed - TC_278","chromium","2026-08-14","failed","2026-08-14","SBI Comprehensive - Claims - @regression","generated/car-module.test.ts","",""
"","0","Verify that the Premium Calculator menu navigates to the Premium Calculator section - TC_314","mobile-chrome","2026-08-14","skipped","2026-08-14","SBI Third Party - Section Navigation - @regression","generated/car-module.test.ts","",""
"","0","Verify that the user is redirected to the Turtlemint Pro platform after clicking Become a POSP - TC_036","mobile-safari","2026-08-14","skipped","2026-08-14","Become a POSP - @regression > POSP Navigation","generated/become-posp.test.ts","",""
"","1","Verify that the selected Pincode is present on top of the page - TC_043","mobile-safari","2026-08-14","skipped","2026-08-14","Bike - Shared Flows - @regression @advisor > Advisor Listing Page Flow","generated/shared-flows.test.ts","",""
"","19200","Verify that the More Insurers option is displayed - TC_300","chromium","2026-08-14","failed","2026-08-14","SBI Comprehensive - Similar Car Insurance Companies - @regression","generated/car-module.test.ts","",""
"","0","Verify that the National Cashless Garages section is displayed - TC_081","webkit","2026-08-14","skipped","2026-08-14","National Cashless Garages - @regression","generated/car-module.test.ts","",""
"","16811","Verify that the branch count is displayed - TC_376","chromium","2026-08-14","failed","2026-08-14","Royal Sundaram Own Damage - Top Section - @regression","generated/car-module.test.ts","",""
"","0","Verify that Additional Roadside Assistance EMI Protector Tyre and Rim Guard and Personal Accident ar - TC_341","mobile-safari","2026-08-14","skipped","2026-08-14","SBI Third Party - Add-ons - @regression","generated/car-module.test.ts","",""
"","0","Verify that the user should land on Insurer page after selecting Insurer - TC_117","mobile-chrome","2026-08-14","skipped","2026-08-14","Our partners (BIKE) - @regression > Insurer Landing Page Flow","generated/partners.test.ts","",""
"","0","Verify that the Royal Sundaram Own Damage Car Insurance Overview section is displayed - TC_386","webkit","2026-08-14","skipped","2026-08-14","Royal Sundaram Own Damage - Overview - @regression","generated/car-module.test.ts","",""
"","0","Verify that the Customer Care section is displayed - TC_103","webkit","2026-08-14","skipped","2026-08-14","National Car Insurance Customer Care - @regression","generated/car-module.test.ts","",""
"","0","Verify that the Addons section is displayed - TC_331","mobile-chrome","2026-08-14","skipped","2026-08-14","SBI Third Party - Add-ons - @regression","generated/car-module.test.ts","",""
"","0","Verify that the user is able to click on the SIGN UP CTA - TC_037","mobile-chrome","2026-08-14","skipped","2026-08-14","Become a POSP - @regression > POSP Navigation","generated/become-posp.test.ts","",""
"","1","Verify that the selected Insurer icon is on top of the page - TC_118","firefox","2026-08-14","skipped","2026-08-14","Our partners (BIKE) - @regression > Insurer Landing Page Flow","generated/partners.test.ts","",""
"","0","Verify that the user is able to click on an FAQ question - TC_178","mobile-safari","2026-08-14","skipped","2026-08-14","Third Party Car Insurance - FAQs - @regression","generated/car-module.test.ts","",""
"","0","Verify that the FAQ section is displayed - TC_447","mobile-safari","2026-08-14","skipped","2026-08-14","Royal Sundaram Own Damage - FAQs - @regression","generated/car-module.test.ts","",""
"","0","Verify that the Health dropdown is displayed - TC_011","mobile-chrome","2026-08-14","skipped","2026-08-14","Health Dropdown & Navigation - @smoke @regression > Health Dropdown","generated/dropdown-navigation.test.ts","",""
"","0","Verify that all insurer options are displayed under Life Insurance Companies - TC_019","mobile-safari","2026-08-14","skipped","2026-08-14","Life Dropdown & Navigation - @smoke @regression > Life Insurance Companies","generated/dropdown-navigation.test.ts","",""
"","0","Verify that an SBI article is clickable - TC_293","mobile-safari","2026-08-14","skipped","2026-08-14","SBI Comprehensive - Latest Articles - @regression","generated/car-module.test.ts","",""
"","0","Verify that the user is able to get Find Advisor Popup - TC_008","chromium","2026-08-14","skipped","2026-08-14","Health - Shared Flows - @regression @advisor > Find Advisor Popup Flow","generated/shared-flows.test.ts","",""
"","15691","Verify that the information provided for each exclusion is displayed correctly - TC_092","chromium","2026-08-14","failed","2026-08-14","National Car Insurance Exclusions - @regression","generated/car-module.test.ts","",""
"","0","Verify that the Points to Note When Raising a ThirdParty Car Insurance Claim option is clickable - TC_144","webkit","2026-08-14","skipped","2026-08-14","Third Party Car Insurance - Table of Contents - @regression","generated/car-module.test.ts","",""
"","1","Verify that the user is able to select Insurer from Our partner sectionand should and land on Insure - TC_136","chromium","2026-08-14","skipped","2026-08-14","Our partners (CAR) - @regression > Home Page Flow","generated/partners.test.ts","",""
"","1","Verify that all sections are displayed in the Life dropdown - TC_018","mobile-chrome","2026-08-14","skipped","2026-08-14","Life Dropdown & Navigation - @smoke @regression > Life Dropdown","generated/dropdown-navigation.test.ts","",""
"","0","Verify that RC and valid Driving License requirements are displayed - TC_425","mobile-safari","2026-08-14","skipped","2026-08-14","Royal Sundaram Own Damage - Documents Required - @regression","generated/car-module.test.ts","",""
"","0","Verify that the starting premium is displayed - TC_309","mobile-safari","2026-08-14","skipped","2026-08-14","SBI Third Party - Top Section - @regression","generated/car-module.test.ts","",""
"","0","Verify that the Glimpse through our guide on how to renew expired car insurance link is clickable - TC_198","chromium","2026-08-14","skipped","2026-08-14","Third Party Car Insurance - Comprehensive Comparison - @regression","generated/car-module.test.ts","",""
"","0","Verify that the Life dropdown is displayed - TC_017","webkit","2026-08-14","skipped","2026-08-14","Life Dropdown & Navigation - @smoke @regression > Life Dropdown","generated/dropdown-navigation.test.ts","",""
"","0","Verify that the National Claim Settlement Ratio section is displayed - TC_067","webkit","2026-08-14","skipped","2026-08-14","National Car Insurance - @regression","generated/car-module.test.ts","",""
"","0","Verify that the user is able to select Insurer from Our partner sectionand should and land on Insure - TC_136","mobile-safari","2026-08-14","skipped","2026-08-14","Our partners (CAR) - @regression > Home Page Flow","generated/partners.test.ts","",""
"","18765","Verify that the Personal Belonging Cover addon is displayed - TC_266","chromium","2026-08-14","failed","2026-08-14","SBI Comprehensive - Add-ons - @regression","generated/car-module.test.ts","",""
"","0","Verify that all topics are displayed in the Table of Contents - TC_125","mobile-safari","2026-08-14","skipped","2026-08-14","Third Party Car Insurance - @regression","generated/car-module.test.ts","",""
"","0","Verify that the SBI Third Party Car Insurance top section is displayed - TC_302","webkit","2026-08-14","skipped","2026-08-14","SBI Third Party - Top Section - @regression","generated/car-module.test.ts","",""
"","0","Verify that the Top ThirdParty Car Insurance Plans option is clickable - TC_132","webkit","2026-08-14","skipped","2026-08-14","Third Party Car Insurance - Table of Contents - @regression","generated/car-module.test.ts","",""
"","0","Verify that home functionality is redirecting to Homepage or not - TC_071","mobile-chrome","2026-08-14","skipped","2026-08-14","Car Dashboard - @smoke @regression","generated/car-module.test.ts","",""
"","0","Verify that the Trust Our Unmatched Experience In Insurance section is displayed - TC_210","firefox","2026-08-14","skipped","2026-08-14","Car Insurance - Insurance Experience - @regression","generated/car-module.test.ts","",""
"","0","Verify that the user should get this Pincode not found for invalid Pincode - TC_039","firefox","2026-08-14","skipped","2026-08-14","Bike - Shared Flows - @regression @advisor > Find Advisor Popup Flow","generated/shared-flows.test.ts","",""
"","0","Verify that the When is ThirdParty Insurance Better than Comprehensive section is displayed - TC_170","mobile-safari","2026-08-14","skipped","2026-08-14","Third Party Car Insurance - @regression","generated/car-module.test.ts","",""
"","0","Verify that the Customer Care menu navigates to the Customer Care section - TC_316","mobile-chrome","2026-08-14","skipped","2026-08-14","SBI Third Party - Section Navigation - @regression","generated/car-module.test.ts","",""
"","0","Verify that the Read More CTA is displayed - TC_322","firefox","2026-08-14","skipped","2026-08-14","SBI Third Party - Overview - @regression","generated/car-module.test.ts","",""
"","0","Verify that Year of Inception should be present on top of the page - TC_143","mobile-chrome","2026-08-14","skipped","2026-08-14","Our partners (CAR) - @regression > Insurer Landing Page Flow","generated/partners.test.ts","",""
"","0","Verify that the View More option is displayed in the Addons section - TC_275","firefox","2026-08-14","skipped","2026-08-14","SBI Comprehensive - Add-ons - @regression","generated/car-module.test.ts","",""
"","0","Verify that the user is able to click on Articles - TC_173","chromium","2026-08-14","skipped","2026-08-14","Our partners (Health) - @regression > Insurer Landing Page Flow","generated/partners.test.ts","",""
"","9","Verify that the Get Quote Without Car Number CTA is displayed - TC_046","mobile-chrome","2026-08-14","skipped","2026-08-14","National Car Insurance - @regression","generated/car-module.test.ts","",""
"","0","Verify that the user is able to click on More CTA - TC_125","chromium","2026-08-14","skipped","2026-08-14","Our partners (BIKE) - @regression > Insurer Landing Page Flow","generated/partners.test.ts","",""
"","0","Verify that the cashless garage count is displayed - TC_377","webkit","2026-08-14","skipped","2026-08-14","Royal Sundaram Own Damage - Top Section - @regression","generated/car-module.test.ts","",""
"","0","Verify that the middleside section navigation menu is displayed - TC_239","webkit","2026-08-14","skipped","2026-08-14","SBI Comprehensive - Top Section - @regression","generated/car-module.test.ts","",""
"","0","Verify that Loss of Baggage is displayed - TC_403","chromium","2026-08-14","skipped","2026-08-14","Royal Sundaram Own Damage - Add-ons - @regression","generated/car-module.test.ts","",""
"","0","Verify that the Life dropdown is displayed - TC_017","firefox","2026-08-14","skipped","2026-08-14","Life Dropdown & Navigation - @smoke @regression > Life Dropdown","generated/dropdown-navigation.test.ts","",""
"","0","Verify that the common Book an Expert Call section is displayed - TC_439","chromium","2026-08-14","skipped","2026-08-14","Royal Sundaram Own Damage - Common Components - @regression","generated/car-module.test.ts","",""
"","19651","Verify that the Claim Settlement Ratio section is displayed - TC_323","chromium","2026-08-14","failed","2026-08-14","SBI Third Party - Claim Settlement Ratio - @regression","generated/car-module.test.ts","",""
"","0","Verify that the Why Turtlemint Insurance for claims settlement section is displayed - TC_029","mobile-chrome","2026-08-14","skipped","2026-08-14","Raise a Claim - @regression > Claims Settlement Benefits","generated/raise-claim.test.ts","",""
"","0","Verify that advisor distance is visible - TC_050","webkit","2026-08-14","skipped","2026-08-14","Bike - Shared Flows - @regression @advisor > Advisor Listing Page Flow","generated/shared-flows.test.ts","",""
"","0","Verify that the Own Damage Claims section is displayed - TC_412","firefox","2026-08-14","skipped","2026-08-14","Royal Sundaram Own Damage - Claims - @regression","generated/car-module.test.ts","",""
"","17327","Verify that the Addons Available Under SBI Car Insurance Plans section is displayed - TC_261","chromium","2026-08-14","failed","2026-08-14","SBI Comprehensive - Add-ons - @regression","generated/car-module.test.ts","",""
"","0","Verify that the Points to Note When Raising a ThirdParty Car Insurance Claim option is clickable - TC_144","chromium","2026-08-14","skipped","2026-08-14","Third Party Car Insurance - Table of Contents - @regression","generated/car-module.test.ts","",""
"","0","Verify that once user scroll the page to bottom then the page tabs should be on TOP - TC_167","firefox","2026-08-14","skipped","2026-08-14","Our partners (Health) - @regression > Insurer Landing Page Flow","generated/partners.test.ts","",""
"","0","Verify that the user is able to enter Pincode - TC_086","mobile-safari","2026-08-14","skipped","2026-08-14","Life - Shared Flows - @regression @advisor > Find Advisor Popup Flow","generated/shared-flows.test.ts","",""
"","0","Verify that a Royal Sundaram article is clickable - TC_438","mobile-chrome","2026-08-14","skipped","2026-08-14","Royal Sundaram Own Damage - Articles - @regression","generated/car-module.test.ts","",""
"","0","Verify that plans are visible on page - TC_105","webkit","2026-08-14","skipped","2026-08-14","Life Dropdown & Navigation - @smoke @regression > Life Landing Page Flow","generated/dropdown-navigation.test.ts","",""
"","0","Verify that the Advisor list are relevent to selected Insurer or not - TC_046","mobile-chrome","2026-08-14","skipped","2026-08-14","Bike - Shared Flows - @regression @advisor > Advisor Listing Page Flow","generated/shared-flows.test.ts","",""
"","0","Verify that the car registration number field is displayed - TC_203","chromium","2026-08-14","skipped","2026-08-14","Car Insurance - Top Quote Section - @regression","generated/car-module.test.ts","",""
"","0","Verify that the How to Make ThirdParty Car Insurance Claims section is displayed - TC_171","mobile-safari","2026-08-14","skipped","2026-08-14","Third Party Car Insurance - @regression","generated/car-module.test.ts","",""
"","0","Verify that Windshield Glass Cover is displayed - TC_400","firefox","2026-08-14","skipped","2026-08-14","Royal Sundaram Own Damage - Add-ons - @regression","generated/car-module.test.ts","",""
"","0","Verify that all insurer options are displayed under Health Insurance Companies - TC_013","mobile-chrome","2026-08-14","skipped","2026-08-14","Health Dropdown & Navigation - @smoke @regression > Health Insurance Companies","generated/dropdown-navigation.test.ts","",""
"","0","Verify that the How to Buy ThirdParty Car Insurance Online from Turtlemint section is displayed - TC_174","chromium","2026-08-14","skipped","2026-08-14","Third Party Car Insurance - @regression","generated/car-module.test.ts","",""
"","0","Verify that the user is able to click on Find Advisor CTA - TC_028","chromium","2026-08-14","skipped","2026-08-14","Bike - Shared Flows - @regression @advisor > Home Page Flow","generated/shared-flows.test.ts","",""
"","0","Verify that the National Car Insurance customer care information is displayed - TC_104","mobile-safari","2026-08-14","skipped","2026-08-14","National Car Insurance Customer Care - @regression","generated/car-module.test.ts","",""
"","0","Verify that home functionality is redirecting to Homepage or not - TC_045","chromium","2026-08-14","skipped","2026-08-14","Bike - Shared Flows - @regression @advisor > Advisor Listing Page Flow","generated/shared-flows.test.ts","",""
"","18537","Verify that the View More option is displayed in the Addons section - TC_275","chromium","2026-08-14","failed","2026-08-14","SBI Comprehensive - Add-ons - @regression","generated/car-module.test.ts","",""
"","0","Verify that the Features of ThirdParty Car Insurance option is clickable - TC_129","mobile-safari","2026-08-14","skipped","2026-08-14","Third Party Car Insurance - Table of Contents - @regression","generated/car-module.test.ts","",""
"","16614","Verify that the National Car Insurance Claims section is displayed - TC_096","chromium","2026-08-14","failed","2026-08-14","National Car Insurance Claims - @regression","generated/car-module.test.ts","",""
"","0","Verify that the Articles menu navigates to the Articles section - TC_385","mobile-safari","2026-08-14","skipped","2026-08-14","Royal Sundaram Own Damage - Section Navigation - @regression","generated/car-module.test.ts","",""
"","0","Verify that the common Book an Expert Call section is displayed - TC_439","webkit","2026-08-14","skipped","2026-08-14","Royal Sundaram Own Damage - Common Components - @regression","generated/car-module.test.ts","",""
"","0","Verify that the More Insurers option is displayed and clickable - TC_446","mobile-chrome","2026-08-14","skipped","2026-08-14","Royal Sundaram Own Damage - Similar Car Insurance Companies - @regression","generated/car-module.test.ts","",""
"","1","Verify that the ThirdParty Insurance Premium Rates option is clickable - TC_136","webkit","2026-08-14","skipped","2026-08-14","Third Party Car Insurance - Table of Contents - @regression","generated/car-module.test.ts","",""
"","0","Verify that the Car Insurance Companies Similar To SBI section is displayed - TC_299","firefox","2026-08-14","skipped","2026-08-14","SBI Comprehensive - Similar Car Insurance Companies - @regression","generated/car-module.test.ts","",""
"","0","Verify that Consumable Cover is displayed - TC_340","webkit","2026-08-14","skipped","2026-08-14","SBI Third Party - Add-ons - @regression","generated/car-module.test.ts","",""
"","0","Verify that the Claim Settlement Ratio section is displayed - TC_390","chromium","2026-08-14","skipped","2026-08-14","Royal Sundaram Own Damage - Claim Settlement Ratio - @regression","generated/car-module.test.ts","",""
"","0","Verify that the user is able to select insurance type - TC_079","chromium","2026-08-14","skipped","2026-08-14","Life - Shared Flows - @regression @advisor > Home Page Flow","generated/shared-flows.test.ts","",""
"","1","Verify that a Royal Sundaram article is clickable - TC_438","webkit","2026-08-14","skipped","2026-08-14","Royal Sundaram Own Damage - Articles - @regression","generated/car-module.test.ts","",""
"","0","Verify that the Additional Roadside Assistance addon is displayed - TC_271","firefox","2026-08-14","skipped","2026-08-14","SBI Comprehensive - Add-ons - @regression","generated/car-module.test.ts","",""
"","1","Verify that an Own Damage insurer link redirects correctly - TC_443","mobile-safari","2026-08-14","skipped","2026-08-14","Royal Sundaram Own Damage - Other Own Damage Plans - @regression","generated/car-module.test.ts","",""
"","0","Verify that the HDFC ERGO car insurance option is clickable - TC_187","mobile-safari","2026-08-14","skipped","2026-08-14","Third Party Car Insurance - Car Insurance Companies - @regression","generated/car-module.test.ts","",""
"","0","Verify that the Claim Settlement Ratio menu navigates to the Claim Settlement Ratio section - TC_317","mobile-safari","2026-08-14","skipped","2026-08-14","SBI Third Party - Section Navigation - @regression","generated/car-module.test.ts","",""
"","0","Verify that the Documents Required section is displayed - TC_100","mobile-safari","2026-08-14","skipped","2026-08-14","National Car Insurance Documents - @regression","generated/car-module.test.ts","",""
"","0","Verify that the selected Insurer icon is on top of the page - TC_139","firefox","2026-08-14","skipped","2026-08-14","Our partners (CAR) - @regression > Insurer Landing Page Flow","generated/partners.test.ts","",""
"","0","Verify that all options under the More dropdown are displayed - TC_065","firefox","2026-08-14","skipped","2026-08-14","National Car Insurance Navigation - @regression","generated/car-module.test.ts","",""
"","0","Verify that RC and valid Driving License requirements are displayed - TC_425","firefox","2026-08-14","skipped","2026-08-14","Royal Sundaram Own Damage - Documents Required - @regression","generated/car-module.test.ts","",""
"","0","Verify that the Driving License requirement is displayed - TC_351","mobile-chrome","2026-08-14","skipped","2026-08-14","SBI Third Party - Documents Required - @regression","generated/car-module.test.ts","",""
"","0","Verify that the Renewal navigation option is clickable - TC_060","mobile-chrome","2026-08-14","skipped","2026-08-14","National Car Insurance Navigation - @regression","generated/car-module.test.ts","",""
"","0","Verify that the User should get this Please select type of insurance to proceed to the next step mes - TC_031","webkit","2026-08-14","skipped","2026-08-14","Bike - Shared Flows - @regression @advisor > Home Page Flow","generated/shared-flows.test.ts","",""
"","0","Verify that a valid car registration number can be entered - TC_395","chromium","2026-08-14","skipped","2026-08-14","Royal Sundaram Own Damage - Premium Calculator - @regression","generated/car-module.test.ts","",""
"","1","Verify that the page heading is displayed - TC_121","firefox","2026-08-14","skipped","2026-08-14","Third Party Car Insurance - @regression","generated/car-module.test.ts","",""
"","0","Verify that the Claims Processed statistic is displayed - TC_213","chromium","2026-08-14","skipped","2026-08-14","Car Insurance - Insurance Experience - @regression","generated/car-module.test.ts","",""
"","0","Verify that only the selected FAQ answer is displayed when an FAQ is expanded - TC_180","firefox","2026-08-14","skipped","2026-08-14","Third Party Car Insurance - FAQs - @regression","generated/car-module.test.ts","",""
"","0","Verify that the Claims Processed statistic is displayed - TC_213","firefox","2026-08-14","skipped","2026-08-14","Car Insurance - Insurance Experience - @regression","generated/car-module.test.ts","",""
"","18263","Verify that clicking Get Quotes opens Profile Journey - TC_306","chromium","2026-08-14","failed","2026-08-14","SBI Third Party - Top Section - @regression","generated/car-module.test.ts","",""
"","0","Verify that the user is able to enter Pincode - TC_086","firefox","2026-08-14","skipped","2026-08-14","Life - Shared Flows - @regression @advisor > Find Advisor Popup Flow","generated/shared-flows.test.ts","",""
"","16308","Verify that the user is able to enter a car number in the Premium Calculator - TC_077","chromium","2026-08-14","failed","2026-08-14","National Premium Calculator - @regression","generated/car-module.test.ts","",""
"","0","Verify that the Return on Invoice addon is displayed - TC_268","webkit","2026-08-14","skipped","2026-08-14","SBI Comprehensive - Add-ons - @regression","generated/car-module.test.ts","",""
"","7784","Verify that partner testimonials are displayed - TC_035","chromium","2026-08-14","passed","2026-08-14","Become a POSP - @regression > Partner Testimonials","generated/become-posp.test.ts","",""
"","18528","Verify that the cashless garage count is displayed - TC_238","chromium","2026-08-14","failed","2026-08-14","SBI Comprehensive - Top Section - @regression","generated/car-module.test.ts","",""
"","19523","Verify that the Get Quotes CTA is displayed - TC_371","chromium","2026-08-14","failed","2026-08-14","Royal Sundaram Own Damage - Top Section - @regression","generated/car-module.test.ts","",""
"","1","Verify that the Comprehensive plans are displayed - TC_223","mobile-chrome","2026-08-14","skipped","2026-08-14","Car Insurance - Top Car Insurance Plans - Comprehensive - @regression","generated/car-module.test.ts","",""
"","0","Verify that on clicking Plans tab user should redirect to that particular section on page - TC_148","webkit","2026-08-14","skipped","2026-08-14","Our partners (CAR) - @regression > Insurer Landing Page Flow","generated/partners.test.ts","",""
"","0","Verify that the FIR requirement is displayed - TC_352","webkit","2026-08-14","skipped","2026-08-14","SBI Third Party - Documents Required - @regression","generated/car-module.test.ts","",""
"","3","Verify that the FAQs section is displayed - TC_111","mobile-chrome","2026-08-14","skipped","2026-08-14","National Car Insurance FAQs - @regression","generated/car-module.test.ts","",""
"","0","Verify that the Advisor list are relevent to selected Insurer or not - TC_097","mobile-chrome","2026-08-14","skipped","2026-08-14","Life - Shared Flows - @regression @advisor > Advisor Listing Page Flow","generated/shared-flows.test.ts","",""
"","1","Verify that the User should redirect to Life landing page on clicking Get a Quote CTA - TC_104","chromium","2026-08-14","skipped","2026-08-14","Life - Shared Flows - @regression @advisor > Home Page Flow","generated/shared-flows.test.ts","",""
"","0","Verify that the user is able to select Insurer from Our partner sectionand should and land on Insure - TC_136","firefox","2026-08-14","skipped","2026-08-14","Our partners (CAR) - @regression > Home Page Flow","generated/partners.test.ts","",""
"","0","Verify that an insurer link is clickable - TC_010","mobile-chrome","2026-08-14","skipped","2026-08-14","Bike Dropdown & Navigation - @smoke @regression > Bike Insurance Companies","generated/dropdown-navigation.test.ts","",""
"","20085","Verify that the FAQs section is displayed - TC_111","chromium","2026-08-14","failed","2026-08-14","National Car Insurance FAQs - @regression","generated/car-module.test.ts","",""
"","0","Verify that the How to Make ThirdParty Car Insurance Claims option is clickable - TC_143","mobile-safari","2026-08-14","skipped","2026-08-14","Third Party Car Insurance - Table of Contents - @regression","generated/car-module.test.ts","",""
"","0","Verify that the Ways to check vehicle insurance status link is clickable - TC_197","mobile-safari","2026-08-14","skipped","2026-08-14","Third Party Car Insurance - Features - @regression","generated/car-module.test.ts","",""
"","1","Verify that the Registration Certificate requirement is displayed - TC_284","mobile-safari","2026-08-14","skipped","2026-08-14","SBI Comprehensive - Documents Required For Claims - @regression","generated/car-module.test.ts","",""
"","0","Verify that the selected Insurer icon is on top of the page - TC_160","firefox","2026-08-14","skipped","2026-08-14","Our partners (Health) - @regression > Insurer Landing Page Flow","generated/partners.test.ts","",""
"","0","Verify that the Addons section is displayed - TC_398","chromium","2026-08-14","skipped","2026-08-14","Royal Sundaram Own Damage - Add-ons - @regression","generated/car-module.test.ts","",""
"","0","Verify that the user is able to complete the action successfully click on Read More Dropdown - TC_128","chromium","2026-08-14","skipped","2026-08-14","Our partners (BIKE) - @regression > Insurer Landing Page Flow","generated/partners.test.ts","",""
"","0","Verify that the Health Insurance link is clickable - TC_151","mobile-chrome","2026-08-14","skipped","2026-08-14","Third Party Car Insurance - Get Best Insurance Quotes - @regression","generated/car-module.test.ts","",""
"","0","Verify that the View More CTA is displayed - TC_190","webkit","2026-08-14","skipped","2026-08-14","Third Party Car Insurance - Car Insurance Companies - @regression","generated/car-module.test.ts","",""
"","1013","Top nav exposes all four product lines","Default Suite","2026-08-14","passed","2026-08-14","com.turtlemint.tests.HomePageTests","TestNGTest-aef7d058-1cd0-46e2-b000-19d254d7c2be","com.turtlemint.tests.HomePageTests","verifyTopLevelNavHasAllProductLines"
"","0","Verify that the user is able to enter car number - TC_140","chromium","2026-08-14","skipped","2026-08-14","Our partners (CAR) - @regression > Insurer Landing Page Flow","generated/partners.test.ts","",""
"","0","Verify that the know about thirdparty car insurance link is clickable - TC_196","chromium","2026-08-14","skipped","2026-08-14","Third Party Car Insurance - Introduction - @regression","generated/car-module.test.ts","",""
"","0","Verify that advisor policy sold count is visible - TC_075","webkit","2026-08-14","skipped","2026-08-14","Car Dashboard - @smoke @regression","generated/car-module.test.ts","",""
"","0","Verify that the User should get this Please select type of insurance to proceed to the next step mes - TC_031","firefox","2026-08-14","skipped","2026-08-14","Bike - Shared Flows - @regression @advisor > Home Page Flow","generated/shared-flows.test.ts","",""
"","0","Verify that the Read More CTA is displayed - TC_249","mobile-chrome","2026-08-14","skipped","2026-08-14","SBI Comprehensive - Overview - @regression","generated/car-module.test.ts","",""
"","20710","Verify that the SBI Third Party Car Insurance Overview section is displayed - TC_320","chromium","2026-08-14","failed","2026-08-14","SBI Third Party - Overview - @regression","generated/car-module.test.ts","",""
"","0","Verify that the selected Insurer icon is on top of the page - TC_118","mobile-chrome","2026-08-14","skipped","2026-08-14","Our partners (BIKE) - @regression > Insurer Landing Page Flow","generated/partners.test.ts","",""
"","0","Verify that the Ways to check vehicle insurance status link is clickable - TC_197","webkit","2026-08-14","skipped","2026-08-14","Third Party Car Insurance - Features - @regression","generated/car-module.test.ts","",""
"","0","Verify that pension retirement is clickable - TC_109","webkit","2026-08-14","skipped","2026-08-14","Life Landing Page - @regression @landing","generated/life-landing.test.ts","",""
"","0","Verify that the user is able to select Insurer type and click on Find Advisor should land on Find Ad - TC_084","chromium","2026-08-14","skipped","2026-08-14","Life - Shared Flows - @regression @advisor > Home Page Flow","generated/shared-flows.test.ts","",""
"","1","Verify that clicking Get Quotes Without Car Number redirects correctly - TC_308","webkit","2026-08-14","skipped","2026-08-14","SBI Third Party - Top Section - @regression","generated/car-module.test.ts","",""
"","0","Verify that term Life Plans is clickable - TC_106","chromium","2026-08-14","skipped","2026-08-14","Life Landing Page - @regression @landing","generated/life-landing.test.ts","",""
"","0","Verify that the Royal Sundaram Own Damage Car Insurance Overview section is displayed - TC_386","firefox","2026-08-14","skipped","2026-08-14","Royal Sundaram Own Damage - Overview - @regression","generated/car-module.test.ts","",""
"","0","Verify that the Read More CTA is displayed - TC_428","chromium","2026-08-14","skipped","2026-08-14","Royal Sundaram Own Damage - Documents Required - @regression","generated/car-module.test.ts","",""
"","0","Verify that the How Does ThirdParty Car Insurance Work option is clickable - TC_128","mobile-safari","2026-08-14","skipped","2026-08-14","Third Party Car Insurance - Table of Contents - @regression","generated/car-module.test.ts","",""
"","0","Verify that the user is able to get Book a free Consultation CTA of right side of page - TC_170","webkit","2026-08-14","skipped","2026-08-14","Our partners (Health) - @regression > Insurer Landing Page Flow","generated/partners.test.ts","",""
"","0","Verify that the FIR requirement is displayed - TC_286","mobile-chrome","2026-08-14","skipped","2026-08-14","SBI Comprehensive - Documents Required For Claims - @regression","generated/car-module.test.ts","",""
"","0","Verify that the SBI Premium Calculator section is displayed - TC_253","webkit","2026-08-14","skipped","2026-08-14","SBI Comprehensive - Premium Calculator - @regression","generated/car-module.test.ts","",""
"","0","Verify that Cashless Garages should be present on top of the page - TC_145","firefox","2026-08-14","skipped","2026-08-14","Our partners (CAR) - @regression > Insurer Landing Page Flow","generated/partners.test.ts","",""
"","0","Verify that the information provided for each exclusion is displayed correctly - TC_092","webkit","2026-08-14","skipped","2026-08-14","National Car Insurance Exclusions - @regression","generated/car-module.test.ts","",""
"","0","Verify that all insurer options are displayed under Bike Insurance Companies - TC_009","firefox","2026-08-14","skipped","2026-08-14","Bike Dropdown & Navigation - @smoke @regression > Bike Insurance Companies","generated/dropdown-navigation.test.ts","",""
"","1","Verify that the eligible vehicle types FAQ is displayed - TC_451","chromium","2026-08-14","skipped","2026-08-14","Royal Sundaram Own Damage - FAQs - @regression","generated/car-module.test.ts","",""
"","0","Verify that the user is able to click on the Own Damage Car Insurance link - TC_053","webkit","2026-08-14","skipped","2026-08-14","National Car Insurance - @regression","generated/car-module.test.ts","",""
"","0","Verify that visit website CTA is visible on all advisor - TC_077","webkit","2026-08-14","skipped","2026-08-14","Car Dashboard - @smoke @regression","generated/car-module.test.ts","",""
"","0","Verify that all sections are displayed in the Life dropdown - TC_018","mobile-safari","2026-08-14","skipped","2026-08-14","Life Dropdown & Navigation - @smoke @regression > Life Dropdown","generated/dropdown-navigation.test.ts","",""
"","0","Verify that the SBI claim settlement ratio is displayed - TC_251","mobile-chrome","2026-08-14","skipped","2026-08-14","SBI Comprehensive - Claim Settlement Ratio - @regression","generated/car-module.test.ts","",""
"","0","Verify that advisor experience count is visible - TC_099","firefox","2026-08-14","skipped","2026-08-14","Life - Shared Flows - @regression @advisor > Advisor Listing Page Flow","generated/shared-flows.test.ts","",""
"","0","Verify that the user is able to click on Insurer on the Insurer section - TC_156","chromium","2026-08-14","skipped","2026-08-14","Our partners (CAR) - @regression > Insurer Landing Page Flow","generated/partners.test.ts","",""
"","0","Verify that the customer care contact details are displayed - TC_105","mobile-safari","2026-08-14","skipped","2026-08-14","National Car Insurance Customer Care - @regression","generated/car-module.test.ts","",""
"","0","Verify that the breadcrumb is displayed - TC_120","mobile-safari","2026-08-14","skipped","2026-08-14","Third Party Car Insurance - @regression","generated/car-module.test.ts","",""
"","0","Verify that the Registration Certificate requirement is displayed - TC_350","mobile-chrome","2026-08-14","skipped","2026-08-14","SBI Third Party - Documents Required - @regression","generated/car-module.test.ts","",""
"","0","Verify that the claim process steps are displayed - TC_277","webkit","2026-08-14","skipped","2026-08-14","SBI Comprehensive - Claims - @regression","generated/car-module.test.ts","",""
"","0","Verify that the user is able to click on Get Quotes Without Car Number CTA - TC_142","webkit","2026-08-14","skipped","2026-08-14","Our partners (CAR) - @regression > Insurer Landing Page Flow","generated/partners.test.ts","",""
"","1","Verify that advisor distance is visible - TC_050","mobile-chrome","2026-08-14","skipped","2026-08-14","Bike - Shared Flows - @regression @advisor > Advisor Listing Page Flow","generated/shared-flows.test.ts","",""
"","0","Verify that the user is able to enter Pincode - TC_086","webkit","2026-08-14","skipped","2026-08-14","Life - Shared Flows - @regression @advisor > Find Advisor Popup Flow","generated/shared-flows.test.ts","",""
"","0","Verify that the selected Pincode is present on top of the page - TC_043","mobile-chrome","2026-08-14","skipped","2026-08-14","Bike - Shared Flows - @regression @advisor > Advisor Listing Page Flow","generated/shared-flows.test.ts","",""
"","17017","Verify that the No of Branches information card is displayed - TC_048","chromium","2026-08-14","failed","2026-08-14","National Car Insurance - @regression","generated/car-module.test.ts","",""
"","0","Verify that the available SBI article cards are displayed - TC_359","webkit","2026-08-14","skipped","2026-08-14","SBI Third Party - Articles - @regression","generated/car-module.test.ts","",""
"","0","Verify that the user is able to click on articles on the bottom of the page - TC_131","mobile-chrome","2026-08-14","skipped","2026-08-14","Our partners (BIKE) - @regression > Insurer Landing Page Flow","generated/partners.test.ts","",""
"","0","Verify that the Exclusions of ThirdParty Car Insurance section is displayed - TC_163","mobile-safari","2026-08-14","skipped","2026-08-14","Third Party Car Insurance - @regression","generated/car-module.test.ts","",""
"","0","Verify that the How To Raise A Claim Under SBI Comprehensive Car Insurance section is displayed - TC_276","mobile-safari","2026-08-14","skipped","2026-08-14","SBI Comprehensive - Claims - @regression","generated/car-module.test.ts","",""
"","0","Verify that the User should get this Please select type of insurance to proceed to the next step mes - TC_056","mobile-safari","2026-08-14","skipped","2026-08-14","Car Dashboard - @smoke @regression","generated/car-module.test.ts","",""
"","0","Verify that the user is able to click on View all article CTA - TC_133","mobile-safari","2026-08-14","skipped","2026-08-14","Our partners (BIKE) - @regression > Insurer Landing Page Flow","generated/partners.test.ts","",""
"","0","Verify that the User should get this Please select type of insurance to proceed to the next step mes - TC_030","mobile-chrome","2026-08-14","skipped","2026-08-14","Bike - Shared Flows - @regression @advisor > Home Page Flow","generated/shared-flows.test.ts","",""
"","0","Verify that the customer care contact details are displayed - TC_105","webkit","2026-08-14","skipped","2026-08-14","National Car Insurance Customer Care - @regression","generated/car-module.test.ts","",""
"","0","Verify that the View More option is displayed - TC_411","mobile-safari","2026-08-14","skipped","2026-08-14","Royal Sundaram Own Damage - Add-ons - @regression","generated/car-module.test.ts","",""
"","1","Verify that the user is able to select any Insurer from our Partner sections - TC_158","mobile-chrome","2026-08-14","skipped","2026-08-14","Our partners (Health) - @regression > Insurer Landing Page Flow","generated/partners.test.ts","",""
"","16400","Verify that the More Insurers option is clickable - TC_301","chromium","2026-08-14","failed","2026-08-14","SBI Comprehensive - Similar Car Insurance Companies - @regression","generated/car-module.test.ts","",""
"","0","Verify that the available car insurance plan categories are displayed - TC_222","mobile-safari","2026-08-14","skipped","2026-08-14","Car Insurance - Top Car Insurance Plans - @regression","generated/car-module.test.ts","",""
"","0","Verify that the user is able to click on Find Advisor CTA - TC_113","webkit","2026-08-14","skipped","2026-08-14","Life Dropdown & Navigation - @smoke @regression > Life Landing Page Flow","generated/dropdown-navigation.test.ts","",""
"","0","Verify that the ICICI Lombard car insurance option is clickable - TC_188","chromium","2026-08-14","skipped","2026-08-14","Third Party Car Insurance - Car Insurance Companies - @regression","generated/car-module.test.ts","",""
"","20044","Verify that the Claims menu navigates to the Claims section - TC_315","chromium","2026-08-14","failed","2026-08-14","SBI Third Party - Section Navigation - @regression","generated/car-module.test.ts","",""
"","0","Verify that the What is ThirdParty Insurance for Car option is clickable - TC_126","mobile-safari","2026-08-14","skipped","2026-08-14","Third Party Car Insurance - Table of Contents - @regression","generated/car-module.test.ts","",""
"","0","Verify that the View All Articles CTA is displayed - TC_118","firefox","2026-08-14","skipped","2026-08-14","National Car Insurance Articles - @regression","generated/car-module.test.ts","",""
"","0","Verify that the user is able to select insurance type - TC_027","firefox","2026-08-14","skipped","2026-08-14","Bike - Shared Flows - @regression @advisor > Home Page Flow","generated/shared-flows.test.ts","",""
"","0","Verify that the Check Premium CTA redirects to Profile Journey - TC_218","mobile-safari","2026-08-14","skipped","2026-08-14","Car Insurance - Top Car Insurance Plans - @regression","generated/car-module.test.ts","",""
"","0","Verify that the user is able to click on the Download Now CTA - TC_023","mobile-safari","2026-08-14","skipped","2026-08-14","Raise a Claim - @regression > Raise a Claim Flow","generated/raise-claim.test.ts","",""
"","0","Verify that an SBI article is clickable - TC_293","mobile-chrome","2026-08-14","skipped","2026-08-14","SBI Comprehensive - Latest Articles - @regression","generated/car-module.test.ts","",""
"","0","Verify that the Claim Settlement Ratio section is displayed - TC_323","webkit","2026-08-14","skipped","2026-08-14","SBI Third Party - Claim Settlement Ratio - @regression","generated/car-module.test.ts","",""
"","1","Verify that a valid car registration number can be entered - TC_395","webkit","2026-08-14","skipped","2026-08-14","Royal Sundaram Own Damage - Premium Calculator - @regression","generated/car-module.test.ts","",""
"","0","Verify that Loss of Baggage is displayed - TC_403","firefox","2026-08-14","skipped","2026-08-14","Royal Sundaram Own Damage - Add-ons - @regression","generated/car-module.test.ts","",""
"","0","Verify that all options under the More dropdown are displayed - TC_065","webkit","2026-08-14","skipped","2026-08-14","National Car Insurance Navigation - @regression","generated/car-module.test.ts","",""
"","0","Verify that the Claim Settlement Ratio section is displayed - TC_390","firefox","2026-08-14","skipped","2026-08-14","Royal Sundaram Own Damage - Claim Settlement Ratio - @regression","generated/car-module.test.ts","",""
"","0","Verify that Cashless Garages should be present on top of the page - TC_145","chromium","2026-08-14","skipped","2026-08-14","Our partners (CAR) - @regression > Insurer Landing Page Flow","generated/partners.test.ts","",""
"","0","Verify that the Bifuel Kit Cover addon is displayed - TC_262","webkit","2026-08-14","skipped","2026-08-14","SBI Comprehensive - Add-ons - @regression","generated/car-module.test.ts","",""
"","0","Verify that the Own Damage plans are displayed - TC_225","firefox","2026-08-14","skipped","2026-08-14","Car Insurance - Top Car Insurance Plans - Own Damage - @regression","generated/car-module.test.ts","",""
"","0","Verify that an insurer link is clickable - TC_004","mobile-chrome","2026-08-14","skipped","2026-08-14","Car Dashboard - @smoke @regression","generated/car-module.test.ts","",""
"","0","Verify that the Book an Expert Call section is displayed - TC_294","firefox","2026-08-14","skipped","2026-08-14","SBI Comprehensive - Common Components - @regression","generated/car-module.test.ts","",""
"","0","Verify that the selected Insurer icon is on top of the page - TC_139","mobile-chrome","2026-08-14","skipped","2026-08-14","Our partners (CAR) - @regression > Insurer Landing Page Flow","generated/partners.test.ts","",""
"","0","Verify that once user enters Pincode then Submit CTA should enable - TC_037","chromium","2026-08-14","skipped","2026-08-14","Bike - Shared Flows - @regression @advisor > Find Advisor Popup Flow","generated/shared-flows.test.ts","",""
"","0","Verify that Year of Inception should be present on top of the page - TC_143","mobile-safari","2026-08-14","skipped","2026-08-14","Our partners (CAR) - @regression > Insurer Landing Page Flow","generated/partners.test.ts","",""
"","0","Verify that the Other Own Damage Car Insurance Plans section is displayed - TC_441","webkit","2026-08-14","skipped","2026-08-14","Royal Sundaram Own Damage - Other Own Damage Plans - @regression","generated/car-module.test.ts","",""
"","0","Verify that the How to Buy ThirdParty Car Insurance Online from Turtlemint section is displayed - TC_174","webkit","2026-08-14","skipped","2026-08-14","Third Party Car Insurance - @regression","generated/car-module.test.ts","",""
"","0","Verify that the industry average claim settlement ratio is displayed - TC_392","chromium","2026-08-14","skipped","2026-08-14","Royal Sundaram Own Damage - Claim Settlement Ratio - @regression","generated/car-module.test.ts","",""
"","0","Verify that the claimrelated CTAlink is displayed - TC_099","webkit","2026-08-14","skipped","2026-08-14","National Car Insurance Claims - @regression","generated/car-module.test.ts","",""
"","0","Verify that the claim intimation and claim reference number information is displayed - TC_278","mobile-chrome","2026-08-14","skipped","2026-08-14","SBI Comprehensive - Claims - @regression","generated/car-module.test.ts","",""
"","0","Verify that the Read More CTA is displayed - TC_354","webkit","2026-08-14","skipped","2026-08-14","SBI Third Party - Documents Required - @regression","generated/car-module.test.ts","",""
"","0","Verify that the cashless garage count is displayed - TC_311","mobile-chrome","2026-08-14","skipped","2026-08-14","SBI Third Party - Top Section - @regression","generated/car-module.test.ts","",""
"","0","Verify that only the selected FAQ answer is displayed when an FAQ is expanded - TC_180","webkit","2026-08-14","skipped","2026-08-14","Third Party Car Insurance - FAQs - @regression","generated/car-module.test.ts","",""
"","0","Verify that the Inconvenience Allowance addon is displayed - TC_267","webkit","2026-08-14","skipped","2026-08-14","SBI Comprehensive - Add-ons - @regression","generated/car-module.test.ts","",""
"","1","Verify that the Customer Care menu navigates to the Customer Care section - TC_243","mobile-safari","2026-08-14","skipped","2026-08-14","SBI Comprehensive - Section Navigation - @regression","generated/car-module.test.ts","",""
"","0","Verify that the Addons section provides the expected information - TC_086","mobile-chrome","2026-08-14","skipped","2026-08-14","National Car Insurance Add-ons - @regression","generated/car-module.test.ts","",""
"","0","Verify that the user is able to get Find Advisor Popup - TC_085","mobile-chrome","2026-08-14","skipped","2026-08-14","Life - Shared Flows - @regression @advisor > Find Advisor Popup Flow","generated/shared-flows.test.ts","",""
"","0","Verify that the cashless garage count is displayed - TC_377","mobile-chrome","2026-08-14","skipped","2026-08-14","Royal Sundaram Own Damage - Top Section - @regression","generated/car-module.test.ts","",""
"","1","Verify that the National navigation menu is displayed - TC_054","mobile-chrome","2026-08-14","skipped","2026-08-14","National Car Insurance Navigation - @regression","generated/car-module.test.ts","",""
"","9221","Verify that the user is able to click on the Become A POSP CTA - TC_031","chromium","2026-08-14","passed","2026-08-14","Become a POSP - @regression > POSP Navigation","generated/become-posp.test.ts","",""
"","0","Verify that the Articles menu navigates to the Articles section - TC_385","mobile-chrome","2026-08-14","skipped","2026-08-14","Royal Sundaram Own Damage - Section Navigation - @regression","generated/car-module.test.ts","",""
"","0","Verify that Year of Inception should be present on top of the page - TC_143","firefox","2026-08-14","skipped","2026-08-14","Our partners (CAR) - @regression > Insurer Landing Page Flow","generated/partners.test.ts","",""
"","0","Verify that the Car Insurance link is clickable - TC_153","firefox","2026-08-14","skipped","2026-08-14","Third Party Car Insurance - Get Best Insurance Quotes - @regression","generated/car-module.test.ts","",""
"","0","Verify that the customer is able to interact with the customer support contact number - TC_026","mobile-chrome","2026-08-14","skipped","2026-08-14","Raise a Claim - @regression > Contact Support","generated/raise-claim.test.ts","",""
"","0","Verify that the user is able to click on Get a Quote CTA - TC_081","mobile-safari","2026-08-14","skipped","2026-08-14","Life - Shared Flows - @regression @advisor > Home Page Flow","generated/shared-flows.test.ts","",""
"","0","Verify that the page heading is displayed - TC_121","webkit","2026-08-14","skipped","2026-08-14","Third Party Car Insurance - @regression","generated/car-module.test.ts","",""
"","8030","Verify that advisor policy sold count is visible - TC_075","chromium","2026-08-14","passed","2026-08-14","Car Dashboard - @smoke @regression","generated/car-module.test.ts","",""
"","0","Verify that submit CTA is disable for blank Pincode - TC_036","firefox","2026-08-14","skipped","2026-08-14","Bike - Shared Flows - @regression @advisor > Find Advisor Popup Flow","generated/shared-flows.test.ts","",""
"","0","Verify that get In Touch CTA is clickable - TC_078","webkit","2026-08-14","skipped","2026-08-14","Car Dashboard - @smoke @regression","generated/car-module.test.ts","",""
"","0","Verify that the Top Car Insurance Plans section is displayed - TC_215","mobile-chrome","2026-08-14","skipped","2026-08-14","Car Insurance - Top Car Insurance Plans - @regression","generated/car-module.test.ts","",""
"","0","Verify that the common Book an Expert Call section is displayed - TC_361","mobile-chrome","2026-08-14","skipped","2026-08-14","SBI Third Party - Common Components - @regression","generated/car-module.test.ts","",""
"","0","Verify that the Generali Central car insurance option is clickable - TC_186","mobile-chrome","2026-08-14","skipped","2026-08-14","Third Party Car Insurance - Car Insurance Companies - @regression","generated/car-module.test.ts","",""
"","0","Verify that companyowned vehicle document requirements are displayed - TC_418","mobile-chrome","2026-08-14","skipped","2026-08-14","Royal Sundaram Own Damage - Claims - @regression","generated/car-module.test.ts","",""
"","2","Verify that the Royal Sundaram Customer Care number is displayed - TC_430","firefox","2026-08-14","skipped","2026-08-14","Royal Sundaram Own Damage - Customer Care - @regression","generated/car-module.test.ts","",""
"","0","Verify that the What Is Car Insurance section is displayed - TC_208","mobile-safari","2026-08-14","skipped","2026-08-14","Car Insurance - Introduction - @regression","generated/car-module.test.ts","",""
"","0","Verify that the SBI insurer namelogo is clickable - TC_231","webkit","2026-08-14","skipped","2026-08-14","Car Insurance - Top Car Insurance Plans - Comprehensive - @regression","generated/car-module.test.ts","",""
"","0","Verify that the See All Plans CTA is displayed - TC_221","mobile-chrome","2026-08-14","skipped","2026-08-14","Car Insurance - Top Car Insurance Plans - @regression","generated/car-module.test.ts","",""
"","0","Verify that the SBI Comprehensive Insurance card details are displayed - TC_230","chromium","2026-08-14","skipped","2026-08-14","Car Insurance - Top Car Insurance Plans - Comprehensive - @regression","generated/car-module.test.ts","",""
"","0","Verify that the Third Party Car Insurance option is displayed - TC_233","firefox","2026-08-14","skipped","2026-08-14","SBI Comprehensive - Top Section - @regression","generated/car-module.test.ts","",""
"","0","Verify that the Importance of ThirdParty Car Insurance Policy section is displayed - TC_155","firefox","2026-08-14","skipped","2026-08-14","Third Party Car Insurance - @regression","generated/car-module.test.ts","",""
"","0","Verify that the Latest Articles section is displayed - TC_115","mobile-chrome","2026-08-14","skipped","2026-08-14","National Car Insurance Articles - @regression","generated/car-module.test.ts","",""
"","1","Verify that the Claims menu navigates to the Claims section - TC_315","mobile-safari","2026-08-14","skipped","2026-08-14","SBI Third Party - Section Navigation - @regression","generated/car-module.test.ts","",""
"","0","Verify that the Top Car Insurance Plans section is displayed - TC_215","chromium","2026-08-14","skipped","2026-08-14","Car Insurance - Top Car Insurance Plans - @regression","generated/car-module.test.ts","",""
"","19220","Verify that clicking Get Quotes Without Car Number redirects correctly - TC_308","chromium","2026-08-14","failed","2026-08-14","SBI Third Party - Top Section - @regression","generated/car-module.test.ts","",""
"","0","Verify that the selected Pincode is present on top of the page - TC_043","webkit","2026-08-14","skipped","2026-08-14","Bike - Shared Flows - @regression @advisor > Advisor Listing Page Flow","generated/shared-flows.test.ts","",""
"","0","Verify that the Cholamandalam car insurance option is clickable - TC_185","webkit","2026-08-14","skipped","2026-08-14","Third Party Car Insurance - Car Insurance Companies - @regression","generated/car-module.test.ts","",""
"","2","Verify that the ThirdParty vs Comprehensive Car Insurance Plans option is clickable - TC_140","mobile-chrome","2026-08-14","skipped","2026-08-14","Third Party Car Insurance - Table of Contents - @regression","generated/car-module.test.ts","",""
"","0","Verify that Key Replacement is displayed - TC_335","mobile-safari","2026-08-14","skipped","2026-08-14","SBI Third Party - Add-ons - @regression","generated/car-module.test.ts","",""
"","0","Verify that Lifetime Road Tax Clause is displayed - TC_408","firefox","2026-08-14","skipped","2026-08-14","Royal Sundaram Own Damage - Add-ons - @regression","generated/car-module.test.ts","",""
"","0","Verify that thirdparty damage details requirement is displayed - TC_353","firefox","2026-08-14","skipped","2026-08-14","SBI Third Party - Documents Required - @regression","generated/car-module.test.ts","",""
"","0","Verify that the user is able to get Find Advisor Popup - TC_034","webkit","2026-08-14","skipped","2026-08-14","Bike - Shared Flows - @regression @advisor > Find Advisor Popup Flow","generated/shared-flows.test.ts","",""
"","0","Verify that the SBI Premium Calculator section is displayed - TC_253","firefox","2026-08-14","skipped","2026-08-14","SBI Comprehensive - Premium Calculator - @regression","generated/car-module.test.ts","",""
"","0","Verify that the car registration number field is displayed - TC_254","firefox","2026-08-14","skipped","2026-08-14","SBI Comprehensive - Premium Calculator - @regression","generated/car-module.test.ts","",""
"","0","Verify that the FAQs option is clickable - TC_149","webkit","2026-08-14","skipped","2026-08-14","Third Party Car Insurance - Table of Contents - @regression","generated/car-module.test.ts","",""
"","19831","Verify that the SBI Third Party Car Insurance top section is displayed - TC_302","chromium","2026-08-14","failed","2026-08-14","SBI Third Party - Top Section - @regression","generated/car-module.test.ts","",""
"","8000","Verify that the Why Join TurtlemintPro section is displayed - TC_033","chromium","2026-08-14","passed","2026-08-14","Become a POSP - @regression > Why Join TurtlemintPro","generated/become-posp.test.ts","",""
"","0","Verify that the common Manage All Your Policies In One Place section is displayed - TC_362","mobile-safari","2026-08-14","skipped","2026-08-14","SBI Third Party - Common Components - @regression","generated/car-module.test.ts","",""
"","0","Verify that the claim intimation and claim reference number information is displayed - TC_344","webkit","2026-08-14","skipped","2026-08-14","SBI Third Party - Claims - @regression","generated/car-module.test.ts","",""
"","0","Verify that the Cashless Claim process is displayed - TC_416","mobile-chrome","2026-08-14","skipped","2026-08-14","Royal Sundaram Own Damage - Claims - @regression","generated/car-module.test.ts","",""
"","0","Verify that the user is able to click on the Third Party Car Insurance link - TC_051","mobile-safari","2026-08-14","skipped","2026-08-14","National Car Insurance - @regression","generated/car-module.test.ts","",""
"","0","Verify that on clicking Plans tab user should redirect to that particular section on page - TC_168","mobile-chrome","2026-08-14","skipped","2026-08-14","Our partners (Health) - @regression > Insurer Landing Page Flow","generated/partners.test.ts","",""
"","0","Verify that the Find Plans CTA is displayed - TC_122","mobile-safari","2026-08-14","skipped","2026-08-14","Third Party Car Insurance - @regression","generated/car-module.test.ts","",""
"","19125","Verify that the Get Quotes Without Car Number CTA is displayed - TC_235","chromium","2026-08-14","failed","2026-08-14","SBI Comprehensive - Top Section - @regression","generated/car-module.test.ts","",""
"","0","Verify that the three insurance options are displayed - TC_207","firefox","2026-08-14","skipped","2026-08-14","Car Insurance - Top Quote Section - @regression","generated/car-module.test.ts","",""
"","0","Verify that the ThirdParty Insurance Premium Rates section is displayed - TC_164","mobile-chrome","2026-08-14","skipped","2026-08-14","Third Party Car Insurance - @regression","generated/car-module.test.ts","",""
"","0","Verify that the Claims section is displayed - TC_258","mobile-chrome","2026-08-14","skipped","2026-08-14","SBI Comprehensive - Claims - @regression","generated/car-module.test.ts","",""
"","0","Verify that a valid car registration number can be entered - TC_395","firefox","2026-08-14","skipped","2026-08-14","Royal Sundaram Own Damage - Premium Calculator - @regression","generated/car-module.test.ts","",""
"","0","Verify that the Claim Settlement Ratio option is clickable - TC_107","mobile-safari","2026-08-14","skipped","2026-08-14","National Car Insurance - More - @regression","generated/car-module.test.ts","",""
"","0","Verify that the starting premium is displayed - TC_375","mobile-chrome","2026-08-14","skipped","2026-08-14","Royal Sundaram Own Damage - Top Section - @regression","generated/car-module.test.ts","",""
"","0","Verify that saving For Child is clickable - TC_108","mobile-chrome","2026-08-14","skipped","2026-08-14","Life Landing Page - @regression @landing","generated/life-landing.test.ts","",""
"","0","Verify that the policy cancellation FAQ is displayed - TC_450","mobile-safari","2026-08-14","skipped","2026-08-14","Royal Sundaram Own Damage - FAQs - @regression","generated/car-module.test.ts","",""
"","0","Verify that the SBI Comprehensive Car Insurance Overview section is displayed - TC_247","mobile-chrome","2026-08-14","skipped","2026-08-14","SBI Comprehensive - Overview - @regression","generated/car-module.test.ts","",""
"","1","Verify that the Car Insurance Companies Similar To Royal Sundaram section is displayed - TC_445","firefox","2026-08-14","skipped","2026-08-14","Royal Sundaram Own Damage - Similar Car Insurance Companies - @regression","generated/car-module.test.ts","",""
"","18869","Verify that the starting premium is displayed - TC_236","chromium","2026-08-14","failed","2026-08-14","SBI Comprehensive - Top Section - @regression","generated/car-module.test.ts","",""
"","0","Verify that the National Premium Calculator section is displayed - TC_075","mobile-chrome","2026-08-14","skipped","2026-08-14","National Premium Calculator - @regression","generated/car-module.test.ts","",""
"","0","Verify that an SBI article is clickable - TC_360","webkit","2026-08-14","skipped","2026-08-14","SBI Third Party - Articles - @regression","generated/car-module.test.ts","",""
"","0","Verify that investment Tax planning is clickable - TC_107","firefox","2026-08-14","skipped","2026-08-14","Life Landing Page - @regression @landing","generated/life-landing.test.ts","",""
"","0","Verify that the ThirdParty Insurance Premium Rates option is clickable - TC_136","mobile-chrome","2026-08-14","skipped","2026-08-14","Third Party Car Insurance - Table of Contents - @regression","generated/car-module.test.ts","",""
"","0","Verify that the Own Damage Claims section is displayed - TC_412","webkit","2026-08-14","skipped","2026-08-14","Royal Sundaram Own Damage - Claims - @regression","generated/car-module.test.ts","",""
"","0","Verify that the Glimpse through our guide on how to renew expired car insurance link is clickable - TC_198","mobile-chrome","2026-08-14","skipped","2026-08-14","Third Party Car Insurance - Comprehensive Comparison - @regression","generated/car-module.test.ts","",""
"","0","Verify that the user is able to click on the Third Party Car Insurance link - TC_051","webkit","2026-08-14","skipped","2026-08-14","National Car Insurance - @regression","generated/car-module.test.ts","",""
"","0","Verify that all sections are displayed in the Bike dropdown - TC_008","mobile-chrome","2026-08-14","skipped","2026-08-14","Bike Dropdown & Navigation - @smoke @regression > Bike Dropdown","generated/dropdown-navigation.test.ts","",""
"","0","Verify that the introductory content is displayed - TC_123","mobile-safari","2026-08-14","skipped","2026-08-14","Third Party Car Insurance - @regression","generated/car-module.test.ts","",""
"","6893","Verify that the selected Pincode is present on top of the page - TC_069","chromium","2026-08-14","passed","2026-08-14","Car Dashboard - @smoke @regression","generated/car-module.test.ts","",""
"","0","Verify that the user is able to click on Find Advisor CTA - TC_080","webkit","2026-08-14","skipped","2026-08-14","Life - Shared Flows - @regression @advisor > Home Page Flow","generated/shared-flows.test.ts","",""
"","0","Verify that once user scroll the page to bottom then the page tabs should be on TOP - TC_126","firefox","2026-08-14","skipped","2026-08-14","Our partners (BIKE) - @regression > Insurer Landing Page Flow","generated/partners.test.ts","",""
"","1","Verify that the More Insurers option is displayed - TC_300","mobile-chrome","2026-08-14","skipped","2026-08-14","SBI Comprehensive - Similar Car Insurance Companies - @regression","generated/car-module.test.ts","",""
"","0","Verify that the Trust Our Unmatched Experience In Insurance section is displayed - TC_210","mobile-safari","2026-08-14","skipped","2026-08-14","Car Insurance - Insurance Experience - @regression","generated/car-module.test.ts","",""
"","0","Verify that the available SBI article cards are displayed - TC_359","mobile-chrome","2026-08-14","skipped","2026-08-14","SBI Third Party - Articles - @regression","generated/car-module.test.ts","",""
"","0","Verify that the renewalrelated CTAlink is displayed - TC_095","firefox","2026-08-14","skipped","2026-08-14","National Car Insurance Renewal - @regression","generated/car-module.test.ts","",""
"","0","Verify that the View More option is displayed in the Addons section - TC_275","mobile-chrome","2026-08-14","skipped","2026-08-14","SBI Comprehensive - Add-ons - @regression","generated/car-module.test.ts","",""
"","0","Verify that the Bifuel Kit Cover addon is displayed - TC_262","firefox","2026-08-14","skipped","2026-08-14","SBI Comprehensive - Add-ons - @regression","generated/car-module.test.ts","",""
"","0","Verify that all available exclusions are displayed - TC_091","webkit","2026-08-14","skipped","2026-08-14","National Car Insurance Exclusions - @regression","generated/car-module.test.ts","",""
"","0","Verify that the National Car Insurance Features section is displayed - TC_087","mobile-chrome","2026-08-14","skipped","2026-08-14","National Car Insurance Features - @regression","generated/car-module.test.ts","",""
"","0","Verify that the Advisor list are relevent to selected Insurer or not - TC_046","webkit","2026-08-14","skipped","2026-08-14","Bike - Shared Flows - @regression @advisor > Advisor Listing Page Flow","generated/shared-flows.test.ts","",""
"","0","Verify that the claim form and required documents are mentioned - TC_345","firefox","2026-08-14","skipped","2026-08-14","SBI Third Party - Claims - @regression","generated/car-module.test.ts","",""
"","1","Verify that the Insurance Partners statistic is displayed - TC_212","webkit","2026-08-14","skipped","2026-08-14","Car Insurance - Insurance Experience - @regression","generated/car-module.test.ts","",""
"","0","Verify that the Other Comprehensive Car Insurance Plans section is displayed - TC_295","firefox","2026-08-14","skipped","2026-08-14","SBI Comprehensive - Other Comprehensive Car Insurance Plans - @regression","generated/car-module.test.ts","",""
"","0","Verify that the user is able to select Insurer from Our partner sectionand should and land on Insure - TC_157","firefox","2026-08-14","skipped","2026-08-14","Our partners (Health) - @regression > Home Page Flow","generated/partners.test.ts","",""
"","0","Verify that the information provided for each exclusion is displayed correctly - TC_092","mobile-chrome","2026-08-14","skipped","2026-08-14","National Car Insurance Exclusions - @regression","generated/car-module.test.ts","",""
"","0","Verify that the user is able to enter a car registration number - TC_255","mobile-safari","2026-08-14","skipped","2026-08-14","SBI Comprehensive - Premium Calculator - @regression","generated/car-module.test.ts","",""
"","0","Verify that Bifuel Kit Cover is displayed - TC_332","mobile-safari","2026-08-14","skipped","2026-08-14","SBI Third Party - Add-ons - @regression","generated/car-module.test.ts","",""
"","0","Verify that clicking Get Quotes opens Profile Journey - TC_306","mobile-safari","2026-08-14","skipped","2026-08-14","SBI Third Party - Top Section - @regression","generated/car-module.test.ts","",""
"","0","Verify that the Plans navigation option is clickable - TC_056","mobile-safari","2026-08-14","skipped","2026-08-14","National Car Insurance Navigation - @regression","generated/car-module.test.ts","",""
"","1","Verify that the User should redirect to Life landing page on clicking Get a Quote CTA - TC_104","webkit","2026-08-14","skipped","2026-08-14","Life - Shared Flows - @regression @advisor > Home Page Flow","generated/shared-flows.test.ts","",""
"","0","Verify that clicking Get Quotes opens Profile Journey - TC_306","mobile-chrome","2026-08-14","skipped","2026-08-14","SBI Third Party - Top Section - @regression","generated/car-module.test.ts","",""
"","0","Verify that the user should land on Insurer page after selecting Insurer - TC_138","webkit","2026-08-14","skipped","2026-08-14","Our partners (CAR) - @regression > Insurer Landing Page Flow","generated/partners.test.ts","",""
"","0","Verify that the View More CTA is displayed - TC_190","firefox","2026-08-14","skipped","2026-08-14","Third Party Car Insurance - Car Insurance Companies - @regression","generated/car-module.test.ts","",""
"","0","Verify that the User should redirect to Bike profile page on clicking Get a Quote CTA - TC_032","webkit","2026-08-14","skipped","2026-08-14","Bike - Shared Flows - @regression @advisor > Home Page Flow","generated/shared-flows.test.ts","",""
"","0","Verify that the National Car Insurance customer care information is displayed - TC_104","mobile-chrome","2026-08-14","skipped","2026-08-14","National Car Insurance Customer Care - @regression","generated/car-module.test.ts","",""
"","0","Verify that investment Tax planning is clickable - TC_107","mobile-safari","2026-08-14","skipped","2026-08-14","Life Dropdown & Navigation - @smoke @regression > Life Landing Page Flow","generated/dropdown-navigation.test.ts","",""
"","18382","Verify that the number of SBI branches is displayed - TC_237","chromium","2026-08-14","failed","2026-08-14","SBI Comprehensive - Top Section - @regression","generated/car-module.test.ts","",""
"","0","Verify that all insurer options are displayed under Car Insurance Companies - TC_003","mobile-safari","2026-08-14","skipped","2026-08-14","Car Dashboard - @smoke @regression","generated/car-module.test.ts","",""
"","0","Verify that submit CTA is disable for blank Pincode - TC_087","firefox","2026-08-14","skipped","2026-08-14","Life - Shared Flows - @regression @advisor > Find Advisor Popup Flow","generated/shared-flows.test.ts","",""
"","0","Verify that the Customer Care menu navigates to the Customer Care section - TC_316","webkit","2026-08-14","skipped","2026-08-14","SBI Third Party - Section Navigation - @regression","generated/car-module.test.ts","",""
"","0","Verify that the Inclusions of ThirdParty Car Insurance option is clickable - TC_134","mobile-safari","2026-08-14","skipped","2026-08-14","Third Party Car Insurance - Table of Contents - @regression","generated/car-module.test.ts","",""
"","0","Verify that the KYC document requirements are displayed - TC_417","webkit","2026-08-14","skipped","2026-08-14","Royal Sundaram Own Damage - Claims - @regression","generated/car-module.test.ts","",""
"","0","Verify that the branch count is displayed - TC_310","mobile-chrome","2026-08-14","skipped","2026-08-14","SBI Third Party - Top Section - @regression","generated/car-module.test.ts","",""
"","16586","Verify that the FIR requirement is displayed - TC_286","chromium","2026-08-14","failed","2026-08-14","SBI Comprehensive - Documents Required For Claims - @regression","generated/car-module.test.ts","",""
"","0","Verify that original invoicereceipts requirement is displayed - TC_427","chromium","2026-08-14","skipped","2026-08-14","Royal Sundaram Own Damage - Documents Required - @regression","generated/car-module.test.ts","",""
"","0","Verify that the FAQ section is displayed - TC_177","firefox","2026-08-14","skipped","2026-08-14","Third Party Car Insurance - @regression","generated/car-module.test.ts","",""
"","0","Verify that the customer support email is displayed on the Raise a Claim page - TC_025","mobile-safari","2026-08-14","skipped","2026-08-14","Raise a Claim - @regression > Contact Support","generated/raise-claim.test.ts","",""
"","16468","Verify that the National navigation menu is displayed - TC_054","chromium","2026-08-14","failed","2026-08-14","National Car Insurance Navigation - @regression","generated/car-module.test.ts","",""
"","2","Verify that the user is able to click on View all article CTA - TC_174","mobile-chrome","2026-08-14","skipped","2026-08-14","Our partners (Health) - @regression > Insurer Landing Page Flow","generated/partners.test.ts","",""
"","0","Verify that the Claims menu navigates to the Claims section - TC_381","webkit","2026-08-14","skipped","2026-08-14","Royal Sundaram Own Damage - Section Navigation - @regression","generated/car-module.test.ts","",""
"","2","Verify that the depreciation deduction table is displayed - TC_449","firefox","2026-08-14","skipped","2026-08-14","Royal Sundaram Own Damage - FAQs - @regression","generated/car-module.test.ts","",""
"","0","Verify that the user is able to complete the action successfully click on More Dropdown - TC_169","chromium","2026-08-14","skipped","2026-08-14","Our partners (Health) - @regression > Insurer Landing Page Flow","generated/partners.test.ts","",""
"","0","Verify that the Check Premium CTA is displayed - TC_329","firefox","2026-08-14","skipped","2026-08-14","SBI Third Party - Premium Calculator - @regression","generated/car-module.test.ts","",""
"","0","Verify that the Claim Settlement Ratio section is displayed - TC_390","mobile-safari","2026-08-14","skipped","2026-08-14","Royal Sundaram Own Damage - Claim Settlement Ratio - @regression","generated/car-module.test.ts","",""
"","0","Verify that the Third Party plan is displayed - TC_070","webkit","2026-08-14","skipped","2026-08-14","National Car Insurance Plans - @regression","generated/car-module.test.ts","",""
"","0","Verify that the SBI Premium Calculator section is displayed - TC_326","firefox","2026-08-14","skipped","2026-08-14","SBI Third Party - Premium Calculator - @regression","generated/car-module.test.ts","",""
"","0","Verify that pension retirement is clickable - TC_109","firefox","2026-08-14","skipped","2026-08-14","Life Landing Page - @regression @landing","generated/life-landing.test.ts","",""
"","20963","Verify that Key Replacement is displayed - TC_335","chromium","2026-08-14","failed","2026-08-14","SBI Third Party - Add-ons - @regression","generated/car-module.test.ts","",""
"","0","Verify that the SBI logo and SBI Third Party Car Insurance heading are displayed - TC_303","webkit","2026-08-14","skipped","2026-08-14","SBI Third Party - Top Section - @regression","generated/car-module.test.ts","",""
"","0","Verify that the FAQs section is displayed - TC_111","webkit","2026-08-14","skipped","2026-08-14","National Car Insurance FAQs - @regression","generated/car-module.test.ts","",""
"","0","Verify that investment Tax planning is clickable - TC_107","firefox","2026-08-14","skipped","2026-08-14","Life Dropdown & Navigation - @smoke @regression > Life Landing Page Flow","generated/dropdown-navigation.test.ts","",""
"","0","Verify that the user is able to click on Download now CTA on the right side of the page - TC_171","mobile-chrome","2026-08-14","skipped","2026-08-14","Our partners (Health) - @regression > Insurer Landing Page Flow","generated/partners.test.ts","",""
"","0","Verify that the user is able to get Book a free Consultation CTA of right side of page - TC_150","chromium","2026-08-14","skipped","2026-08-14","Our partners (CAR) - @regression > Insurer Landing Page Flow","generated/partners.test.ts","",""
"","0","Verify that the Get Quotes Without Car Number CTA is displayed - TC_257","mobile-safari","2026-08-14","skipped","2026-08-14","SBI Comprehensive - Premium Calculator - @regression","generated/car-module.test.ts","",""
"","0","Verify that advisor policy sold count is visible - TC_100","mobile-safari","2026-08-14","skipped","2026-08-14","Life - Shared Flows - @regression @advisor > Advisor Listing Page Flow","generated/shared-flows.test.ts","",""
"","1","Verify that once user scroll the page to bottom then the page tabs should be on TOP - TC_147","chromium","2026-08-14","skipped","2026-08-14","Our partners (CAR) - @regression > Insurer Landing Page Flow","generated/partners.test.ts","",""
"","0","Verify that SBIs claim settlement ratio is displayed - TC_324","mobile-safari","2026-08-14","skipped","2026-08-14","SBI Third Party - Claim Settlement Ratio - @regression","generated/car-module.test.ts","",""
"","0","Verify that the rightside section navigation menu is displayed - TC_378","mobile-safari","2026-08-14","skipped","2026-08-14","Royal Sundaram Own Damage - Section Navigation - @regression","generated/car-module.test.ts","",""
"","0","Verify that the LongTerm ThirdParty Cover for Five Years for Car Owners section is displayed - TC_166","mobile-safari","2026-08-14","skipped","2026-08-14","Third Party Car Insurance - @regression","generated/car-module.test.ts","",""
"","0","Verify that on clicking Plans tab user should redirect to that particular section on page - TC_127","firefox","2026-08-14","skipped","2026-08-14","Our partners (BIKE) - @regression > Insurer Landing Page Flow","generated/partners.test.ts","",""
"","0","Verify that the user is able to click View More - TC_191","mobile-safari","2026-08-14","skipped","2026-08-14","Third Party Car Insurance - Car Insurance Companies - @regression","generated/car-module.test.ts","",""
"","1","Verify that the Factors that Affect ThirdParty Insurance Premium section is displayed - TC_165","chromium","2026-08-14","skipped","2026-08-14","Third Party Car Insurance - @regression","generated/car-module.test.ts","",""
"","0","Verify that the user should get this Pincode not found for invalid Pincode - TC_090","mobile-chrome","2026-08-14","skipped","2026-08-14","Life - Shared Flows - @regression @advisor > Find Advisor Popup Flow","generated/shared-flows.test.ts","",""
"","0","Verify that the Bike Insurance link is clickable - TC_154","mobile-safari","2026-08-14","skipped","2026-08-14","Third Party Car Insurance - Get Best Insurance Quotes - @regression","generated/car-module.test.ts","",""
"","19906","Verify that the top plannavigation links are displayed - TC_370","chromium","2026-08-14","failed","2026-08-14","Royal Sundaram Own Damage - Top Section - @regression","generated/car-module.test.ts","",""
"","0","Verify that the Read More CTA is displayed - TC_354","mobile-safari","2026-08-14","skipped","2026-08-14","SBI Third Party - Documents Required - @regression","generated/car-module.test.ts","",""
"","18362","Verify that the cashless garage count is displayed - TC_311","chromium","2026-08-14","failed","2026-08-14","SBI Third Party - Top Section - @regression","generated/car-module.test.ts","",""
"","0","Verify that the top plannavigation links are displayed - TC_370","mobile-safari","2026-08-14","skipped","2026-08-14","Royal Sundaram Own Damage - Top Section - @regression","generated/car-module.test.ts","",""
"","0","Verify that the selected Insurer is present on top of the page - TC_068","firefox","2026-08-14","skipped","2026-08-14","Car Dashboard - @smoke @regression","generated/car-module.test.ts","",""
"","0","Verify that the claim form and required documents are mentioned - TC_345","webkit","2026-08-14","skipped","2026-08-14","SBI Third Party - Claims - @regression","generated/car-module.test.ts","",""
"","0","Verify that the Own Damage plans are displayed - TC_225","mobile-chrome","2026-08-14","skipped","2026-08-14","Car Insurance - Top Car Insurance Plans - Own Damage - @regression","generated/car-module.test.ts","",""
"","0","Verify that once user enters Pincode then Submit CTA should enable - TC_037","mobile-safari","2026-08-14","skipped","2026-08-14","Bike - Shared Flows - @regression @advisor > Find Advisor Popup Flow","generated/shared-flows.test.ts","",""
"","0","Verify that the Car Insurance Companies section is displayed - TC_182","webkit","2026-08-14","skipped","2026-08-14","Third Party Car Insurance - Car Insurance Companies - @regression","generated/car-module.test.ts","",""
"","0","Verify that the Check Premium CTA is displayed - TC_396","firefox","2026-08-14","skipped","2026-08-14","Royal Sundaram Own Damage - Premium Calculator - @regression","generated/car-module.test.ts","",""
"","0","Verify that all garage insurer options are displayed under Cashless Garage - TC_005","webkit","2026-08-14","skipped","2026-08-14","Car Dashboard - @smoke @regression","generated/car-module.test.ts","",""
"","0","Verify that Windshield Glass Cover is displayed - TC_400","webkit","2026-08-14","skipped","2026-08-14","Royal Sundaram Own Damage - Add-ons - @regression","generated/car-module.test.ts","",""
"","19554","Verify that clicking Get Quotes opens the Profile Journey - TC_372","chromium","2026-08-14","failed","2026-08-14","Royal Sundaram Own Damage - Top Section - @regression","generated/car-module.test.ts","",""
"","0","Verify that the How to Make ThirdParty Car Insurance Claims section is displayed - TC_171","firefox","2026-08-14","skipped","2026-08-14","Third Party Car Insurance - @regression","generated/car-module.test.ts","",""
"","0","Verify that the information provided for each feature is displayed correctly - TC_089","mobile-chrome","2026-08-14","skipped","2026-08-14","National Car Insurance Features - @regression","generated/car-module.test.ts","",""
"","0","Verify that the Find Plans CTA is displayed - TC_122","firefox","2026-08-14","skipped","2026-08-14","Third Party Car Insurance - @regression","generated/car-module.test.ts","",""
"","0","Verify that the TurtlemintPro introduction section is displayed - TC_032","firefox","2026-08-14","skipped","2026-08-14","Become a POSP - @regression > TurtlemintPro Landing Page","generated/become-posp.test.ts","",""
"","0","Verify that Full Invoice Price Insurance Cover is displayed - TC_402","mobile-safari","2026-08-14","skipped","2026-08-14","Royal Sundaram Own Damage - Add-ons - @regression","generated/car-module.test.ts","",""
"","0","Verify that No Claim Bonus Protector is displayed - TC_405","mobile-safari","2026-08-14","skipped","2026-08-14","Royal Sundaram Own Damage - Add-ons - @regression","generated/car-module.test.ts","",""
"","0","Verify that Cashless Claim and Reimbursement Claim options are displayed - TC_415","mobile-chrome","2026-08-14","skipped","2026-08-14","Royal Sundaram Own Damage - Claims - @regression","generated/car-module.test.ts","",""
"","16484","Verify that the claimrelated CTAlink is displayed - TC_099","chromium","2026-08-14","failed","2026-08-14","National Car Insurance Claims - @regression","generated/car-module.test.ts","",""
"","0","Verify that the SBI Third Party Car Insurance top section is displayed - TC_302","firefox","2026-08-14","skipped","2026-08-14","SBI Third Party - Top Section - @regression","generated/car-module.test.ts","",""
"","16775","Verify that the Cashless Garages information card is displayed - TC_049","chromium","2026-08-14","failed","2026-08-14","National Car Insurance - @regression","generated/car-module.test.ts","",""
"","0","Verify that the user is able to enter a car registration number - TC_255","mobile-chrome","2026-08-14","skipped","2026-08-14","SBI Comprehensive - Premium Calculator - @regression","generated/car-module.test.ts","",""
"","0","Verify that the ThirdParty Insurance Premium Rates option is clickable - TC_136","firefox","2026-08-14","skipped","2026-08-14","Third Party Car Insurance - Table of Contents - @regression","generated/car-module.test.ts","",""
"","0","Verify that the Cashless Garages information card is displayed - TC_049","webkit","2026-08-14","skipped","2026-08-14","National Car Insurance - @regression","generated/car-module.test.ts","",""
"","0","Verify that the Table of Contents section is displayed - TC_124","mobile-chrome","2026-08-14","skipped","2026-08-14","Third Party Car Insurance - @regression","generated/car-module.test.ts","",""
"","0","Verify that Cashless Garages should be present on top of the page - TC_145","webkit","2026-08-14","skipped","2026-08-14","Our partners (CAR) - @regression > Insurer Landing Page Flow","generated/partners.test.ts","",""
"","0","Verify that the Cashless Garages information card is displayed - TC_049","mobile-chrome","2026-08-14","skipped","2026-08-14","National Car Insurance - @regression","generated/car-module.test.ts","",""
"","0","Verify that Cashless Garages should be present on top of the page - TC_145","mobile-safari","2026-08-14","skipped","2026-08-14","Our partners (CAR) - @regression > Insurer Landing Page Flow","generated/partners.test.ts","",""
"","0","Verify that the Read More CTA is displayed - TC_322","webkit","2026-08-14","skipped","2026-08-14","SBI Third Party - Overview - @regression","generated/car-module.test.ts","",""
"","0","Verify that Full Invoice Price Insurance Cover is displayed - TC_402","chromium","2026-08-14","skipped","2026-08-14","Royal Sundaram Own Damage - Add-ons - @regression","generated/car-module.test.ts","",""
"","0","Verify that Own Damage plan cards display the required information - TC_228","firefox","2026-08-14","skipped","2026-08-14","Car Insurance - Top Car Insurance Plans - Own Damage - @regression","generated/car-module.test.ts","",""
"","0","Verify that the Buy Now CTA is displayed for the Third Party plan - TC_074","webkit","2026-08-14","skipped","2026-08-14","National Car Insurance Plans - @regression","generated/car-module.test.ts","",""
"","0","Verify that the Own Damage Claims section is displayed - TC_412","mobile-safari","2026-08-14","skipped","2026-08-14","Royal Sundaram Own Damage - Claims - @regression","generated/car-module.test.ts","",""
"","0","Verify that clicking Get Quotes Without Car Number redirects correctly - TC_308","firefox","2026-08-14","skipped","2026-08-14","SBI Third Party - Top Section - @regression","generated/car-module.test.ts","",""
"","0","Verify that the warning against repairingdismantling the vehicle is displayed - TC_414","mobile-chrome","2026-08-14","skipped","2026-08-14","Royal Sundaram Own Damage - Claims - @regression","generated/car-module.test.ts","",""
"","1","Verify that the user is able to select Insurer type and click on Find Advisor should land on Find Ad - TC_033","firefox","2026-08-14","skipped","2026-08-14","Bike - Shared Flows - @regression @advisor > Home Page Flow","generated/shared-flows.test.ts","",""
"","0","Verify that the Factors that Affect ThirdParty Insurance Premium section is displayed - TC_165","mobile-chrome","2026-08-14","skipped","2026-08-14","Third Party Car Insurance - @regression","generated/car-module.test.ts","",""
"","0","Verify that the Royal Sundaram Own Damage Car Insurance top section is displayed - TC_369","webkit","2026-08-14","skipped","2026-08-14","Royal Sundaram Own Damage - Top Section - @regression","generated/car-module.test.ts","",""
"","0","Verify that the user is able to click on an FAQ question - TC_178","webkit","2026-08-14","skipped","2026-08-14","Third Party Car Insurance - FAQs - @regression","generated/car-module.test.ts","",""
"","0","Verify that the claim process information is displayed - TC_259","mobile-safari","2026-08-14","skipped","2026-08-14","SBI Comprehensive - Claims - @regression","generated/car-module.test.ts","",""
"","0","Verify that the User should get this Please select type of insurance to proceed to the next step mes - TC_057","mobile-safari","2026-08-14","skipped","2026-08-14","Car Dashboard - @smoke @regression","generated/car-module.test.ts","",""
"","0","Verify that the user is able to click on Get a Quote CTA - TC_081","chromium","2026-08-14","skipped","2026-08-14","Life - Shared Flows - @regression @advisor > Home Page Flow","generated/shared-flows.test.ts","",""
"","0","Verify that the Premium Calculator provides the expected informationinstructions to the user - TC_080","firefox","2026-08-14","skipped","2026-08-14","National Premium Calculator - @regression","generated/car-module.test.ts","",""
"","0","Verify that the user is able to click on Download now CTA on the right side of the page - TC_130","mobile-safari","2026-08-14","skipped","2026-08-14","Our partners (BIKE) - @regression > Insurer Landing Page Flow","generated/partners.test.ts","",""
"","0","Verify that the Latest Articles On Royal Sundaram section is displayed - TC_436","chromium","2026-08-14","skipped","2026-08-14","Royal Sundaram Own Damage - Articles - @regression","generated/car-module.test.ts","",""
"","0","Verify that the available Third Party insurers are displayed - TC_364","mobile-safari","2026-08-14","skipped","2026-08-14","SBI Third Party - Other Third Party Plans - @regression","generated/car-module.test.ts","",""
"","0","Verify that the User should redirect to Life landing page on clicking Get a Quote CTA - TC_104","mobile-chrome","2026-08-14","skipped","2026-08-14","Life - Shared Flows - @regression @advisor > Home Page Flow","generated/shared-flows.test.ts","",""
"","0","Verify that the User should get this Please select type of insurance to proceed to the next step mes - TC_082","webkit","2026-08-14","skipped","2026-08-14","Life - Shared Flows - @regression @advisor > Home Page Flow","generated/shared-flows.test.ts","",""
"","0","Verify that the cashless garage count is displayed - TC_311","mobile-safari","2026-08-14","skipped","2026-08-14","SBI Third Party - Top Section - @regression","generated/car-module.test.ts","",""
"","0","Verify that Depreciation Waiver Cover is displayed - TC_399","mobile-chrome","2026-08-14","skipped","2026-08-14","Royal Sundaram Own Damage - Add-ons - @regression","generated/car-module.test.ts","",""
"","0","Verify that the What is depreciation deduction FAQ is displayed - TC_448","mobile-safari","2026-08-14","skipped","2026-08-14","Royal Sundaram Own Damage - FAQs - @regression","generated/car-module.test.ts","",""
"","0","Verify that the ThirdParty Insurance Premium Rates option is clickable - TC_136","chromium","2026-08-14","skipped","2026-08-14","Third Party Car Insurance - Table of Contents - @regression","generated/car-module.test.ts","",""
"","5081","No footer link is broken (href present, not '#', not empty)","Default Suite","2026-08-14","failed","2026-08-14","com.turtlemint.tests.HomePageTests","TestNGTest-aef7d058-1cd0-46e2-b000-19d254d7c2be","com.turtlemint.tests.HomePageTests","verifyNoDeadFooterLinks"
"","0","Verify that the user can select different Insurer from dropdown - TC_095","mobile-chrome","2026-08-14","skipped","2026-08-14","Life - Shared Flows - @regression @advisor > Advisor Listing Page Flow","generated/shared-flows.test.ts","",""
"","0","Verify that the user is able to click on the LOGIN CTA - TC_038","mobile-safari","2026-08-14","skipped","2026-08-14","Become a POSP - @regression > POSP Navigation","generated/become-posp.test.ts","",""
"","0","Verify that the No of Branches information card is displayed - TC_048","mobile-safari","2026-08-14","skipped","2026-08-14","National Car Insurance - @regression","generated/car-module.test.ts","",""
"","18467","Verify that the Get Quotes Without Car Number CTA is displayed - TC_257","chromium","2026-08-14","failed","2026-08-14","SBI Comprehensive - Premium Calculator - @regression","generated/car-module.test.ts","",""
"","1","Verify that the Personal Accident addon is displayed - TC_274","webkit","2026-08-14","skipped","2026-08-14","SBI Comprehensive - Add-ons - @regression","generated/car-module.test.ts","",""
"","0","Verify that once user scroll the page to bottom then the page tabs should be on TOP - TC_167","mobile-safari","2026-08-14","skipped","2026-08-14","Our partners (Health) - @regression > Insurer Landing Page Flow","generated/partners.test.ts","",""
"","0","Verify that the user is able to click on the Become A POSP CTA - TC_031","firefox","2026-08-14","skipped","2026-08-14","Become a POSP - @regression > POSP Navigation","generated/become-posp.test.ts","",""
"","1","Verify that the insurance business features are displayed - TC_034","mobile-safari","2026-08-14","skipped","2026-08-14","Become a POSP - @regression > Insurance Business Features","generated/become-posp.test.ts","",""
"","0","Verify that the No of Branches information card is displayed - TC_048","mobile-chrome","2026-08-14","skipped","2026-08-14","National Car Insurance - @regression","generated/car-module.test.ts","",""
"","0","Verify that the user is able to get Book a free Consultation CTA of right side of page - TC_150","webkit","2026-08-14","skipped","2026-08-14","Our partners (CAR) - @regression > Insurer Landing Page Flow","generated/partners.test.ts","",""
"","0","Verify that the surveyor and claim assessment information is displayed - TC_280","firefox","2026-08-14","skipped","2026-08-14","SBI Comprehensive - Claims - @regression","generated/car-module.test.ts","",""
"","0","Verify that after entering valid pincode click on Submit should land on Advisor Listing Page - TC_041","mobile-chrome","2026-08-14","skipped","2026-08-14","Bike - Shared Flows - @regression @advisor > Find Advisor Popup Flow","generated/shared-flows.test.ts","",""
"","0","Verify that the user is able to click on Find Advisor CTA - TC_080","mobile-chrome","2026-08-14","skipped","2026-08-14","Life - Shared Flows - @regression @advisor > Home Page Flow","generated/shared-flows.test.ts","",""
"","0","Verify that the renewal process information is displayed - TC_094","mobile-safari","2026-08-14","skipped","2026-08-14","National Car Insurance Renewal - @regression","generated/car-module.test.ts","",""
"","0","Verify that the customer is able to interact with the customer support contact number - TC_026","mobile-safari","2026-08-14","skipped","2026-08-14","Raise a Claim - @regression > Contact Support","generated/raise-claim.test.ts","",""
"","0","Verify that the ThirdParty Policy for Commercial Vehicles option is clickable - TC_133","mobile-safari","2026-08-14","skipped","2026-08-14","Third Party Car Insurance - Table of Contents - @regression","generated/car-module.test.ts","",""
"","0","Verify that the How are ThirdParty Car Insurance Premium Rates Calculated section is displayed - TC_159","firefox","2026-08-14","skipped","2026-08-14","Third Party Car Insurance - @regression","generated/car-module.test.ts","",""
"","0","Verify that the Table of Contents section is displayed - TC_124","webkit","2026-08-14","skipped","2026-08-14","Third Party Car Insurance - @regression","generated/car-module.test.ts","",""
"","0","Verify that the Read More CTA is displayed for the Comprehensive plan - TC_071","mobile-safari","2026-08-14","skipped","2026-08-14","National Car Insurance Plans - @regression","generated/car-module.test.ts","",""
"","0","Verify that the user is able to click on the Raise a Claim CTA - TC_021","mobile-safari","2026-08-14","skipped","2026-08-14","Raise a Claim - @regression > Raise a Claim Flow","generated/raise-claim.test.ts","",""
"","4","Verify that the National Car Insurance Exclusions section is displayed - TC_090","mobile-chrome","2026-08-14","skipped","2026-08-14","National Car Insurance Exclusions - @regression","generated/car-module.test.ts","",""
"","0","Verify that the starting premium is displayed - TC_309","webkit","2026-08-14","skipped","2026-08-14","SBI Third Party - Top Section - @regression","generated/car-module.test.ts","",""
"","0","Verify that the Features navigation option is clickable - TC_058","mobile-safari","2026-08-14","skipped","2026-08-14","National Car Insurance Navigation - @regression","generated/car-module.test.ts","",""
"","0","Verify that the Addons Under ThirdParty Car Insurance option is clickable - TC_139","webkit","2026-08-14","skipped","2026-08-14","Third Party Car Insurance - Table of Contents - @regression","generated/car-module.test.ts","",""
"","0","Verify that Policies Issued should be present on top of the page - TC_162","chromium","2026-08-14","skipped","2026-08-14","Our partners (Health) - @regression > Insurer Landing Page Flow","generated/partners.test.ts","",""
"","0","Verify that an insurer link is clickable - TC_004","mobile-safari","2026-08-14","skipped","2026-08-14","Car Dashboard - @smoke @regression","generated/car-module.test.ts","",""
"","0","Verify that the User should redirect to Car profile page on clicking Get a Quote CTA - TC_058","webkit","2026-08-14","skipped","2026-08-14","Car Dashboard - @smoke @regression","generated/car-module.test.ts","",""
"","0","Verify that clicking Get Quotes opens the Profile Journey - TC_372","firefox","2026-08-14","skipped","2026-08-14","Royal Sundaram Own Damage - Top Section - @regression","generated/car-module.test.ts","",""
"","0","Verify that the SBI claim settlement ratio is displayed - TC_251","mobile-safari","2026-08-14","skipped","2026-08-14","SBI Comprehensive - Claim Settlement Ratio - @regression","generated/car-module.test.ts","",""
"","0","Verify that the Health Insurance link is clickable - TC_199","mobile-safari","2026-08-14","skipped","2026-08-14","Third Party Car Insurance - Get Best Insurance Quotes - @regression","generated/car-module.test.ts","",""
"","0","Verify that the Customer Care section is displayed - TC_103","mobile-chrome","2026-08-14","skipped","2026-08-14","National Car Insurance Customer Care - @regression","generated/car-module.test.ts","",""
"","18635","Verify that the car registration number field is displayed - TC_254","chromium","2026-08-14","failed","2026-08-14","SBI Comprehensive - Premium Calculator - @regression","generated/car-module.test.ts","",""
"","0","Verify that an insurer link is clickable - TC_004","firefox","2026-08-14","skipped","2026-08-14","Car Dashboard - @smoke @regression","generated/car-module.test.ts","",""
"","0","Verify that companyowned vehicle document requirements are displayed - TC_418","firefox","2026-08-14","skipped","2026-08-14","Royal Sundaram Own Damage - Claims - @regression","generated/car-module.test.ts","",""
"","0","Verify that Engine Protection is displayed - TC_409","chromium","2026-08-14","skipped","2026-08-14","Royal Sundaram Own Damage - Add-ons - @regression","generated/car-module.test.ts","",""
"","0","Verify that the threestep Royal Sundaram renewal process is displayed - TC_433","mobile-safari","2026-08-14","skipped","2026-08-14","Royal Sundaram Own Damage - Renewal - @regression","generated/car-module.test.ts","",""
"","0","Verify that the starting premium is displayed - TC_236","mobile-chrome","2026-08-14","skipped","2026-08-14","SBI Comprehensive - Top Section - @regression","generated/car-module.test.ts","",""
"","0","Verify that the user is able to enter bike number - TC_119","chromium","2026-08-14","skipped","2026-08-14","Our partners (BIKE) - @regression > Insurer Landing Page Flow","generated/partners.test.ts","",""
"","0","Verify that the know about thirdparty car insurance link is clickable - TC_196","mobile-chrome","2026-08-14","skipped","2026-08-14","Third Party Car Insurance - Introduction - @regression","generated/car-module.test.ts","",""
"","0","Verify that thirdparty damage details requirement is displayed - TC_287","mobile-safari","2026-08-14","skipped","2026-08-14","SBI Comprehensive - Documents Required For Claims - @regression","generated/car-module.test.ts","",""
"","0","Verify that the Other Third Party Car Insurance Plans section is displayed - TC_363","mobile-safari","2026-08-14","skipped","2026-08-14","SBI Third Party - Other Third Party Plans - @regression","generated/car-module.test.ts","",""
"","0","Verify that the Table of Contents section is displayed - TC_124","chromium","2026-08-14","skipped","2026-08-14","Third Party Car Insurance - @regression","generated/car-module.test.ts","",""
"","0","Verify that the Why Choose Turtlemint option is clickable - TC_148","mobile-safari","2026-08-14","skipped","2026-08-14","Third Party Car Insurance - Table of Contents - @regression","generated/car-module.test.ts","",""
"","0","Verify that the Read More CTA is displayed for the Third Party plan - TC_072","mobile-safari","2026-08-14","skipped","2026-08-14","National Car Insurance Plans - @regression","generated/car-module.test.ts","",""
"","0","Verify that the user is able to click on Read More CTA - TC_146","webkit","2026-08-14","skipped","2026-08-14","Our partners (CAR) - @regression > Insurer Landing Page Flow","generated/partners.test.ts","",""
"","0","Verify that the Tyre and Rim Guard addon is displayed - TC_273","firefox","2026-08-14","skipped","2026-08-14","SBI Comprehensive - Add-ons - @regression","generated/car-module.test.ts","",""
"","1","Verify that the FAQ answer is displayed correctly - TC_113","mobile-chrome","2026-08-14","skipped","2026-08-14","National Car Insurance FAQs - @regression","generated/car-module.test.ts","",""
"","0","Verify that the Points to Note When Raising a ThirdParty Car Insurance Claim option is clickable - TC_144","mobile-chrome","2026-08-14","skipped","2026-08-14","Third Party Car Insurance - Table of Contents - @regression","generated/car-module.test.ts","",""
"","0","Verify that with invalid Pincode - TC_089","firefox","2026-08-14","skipped","2026-08-14","Life - Shared Flows - @regression @advisor > Find Advisor Popup Flow","generated/shared-flows.test.ts","",""
"","1","Verify that the user is able to complete the action successfully click on Read More Dropdown - TC_128","webkit","2026-08-14","skipped","2026-08-14","Our partners (BIKE) - @regression > Insurer Landing Page Flow","generated/partners.test.ts","",""
"","0","Verify that the selected Pincode is present on top of the page - TC_069","webkit","2026-08-14","skipped","2026-08-14","Car Dashboard - @smoke @regression","generated/car-module.test.ts","",""
"","0","Verify that the user is able to click on articles on the bottom of the page - TC_131","webkit","2026-08-14","skipped","2026-08-14","Our partners (BIKE) - @regression > Insurer Landing Page Flow","generated/partners.test.ts","",""
"","0","Verify that the Generali Central car insurance option is clickable - TC_186","firefox","2026-08-14","skipped","2026-08-14","Third Party Car Insurance - Car Insurance Companies - @regression","generated/car-module.test.ts","",""
"","0","Verify that the user is able to click on Insurer on the Insurer section - TC_156","webkit","2026-08-14","skipped","2026-08-14","Our partners (CAR) - @regression > Insurer Landing Page Flow","generated/partners.test.ts","",""
"","0","Verify that the Get Quotes CTA is displayed - TC_305","webkit","2026-08-14","skipped","2026-08-14","SBI Third Party - Top Section - @regression","generated/car-module.test.ts","",""
"","0","Verify that the signed claim form requirement is displayed - TC_424","mobile-safari","2026-08-14","skipped","2026-08-14","Royal Sundaram Own Damage - Documents Required - @regression","generated/car-module.test.ts","",""
"","1","Verify that the Inclusions of ThirdParty Car Insurance section is displayed - TC_162","firefox","2026-08-14","skipped","2026-08-14","Third Party Car Insurance - @regression","generated/car-module.test.ts","",""
"","0","Verify that the Comprehensive plan is displayed - TC_069","mobile-safari","2026-08-14","skipped","2026-08-14","National Car Insurance Plans - @regression","generated/car-module.test.ts","",""
"","0","Verify that the Book an Expert Call section is displayed - TC_294","webkit","2026-08-14","skipped","2026-08-14","SBI Comprehensive - Common Components - @regression","generated/car-module.test.ts","",""
"","0","Verify that the Read More CTA is displayed - TC_282","mobile-safari","2026-08-14","skipped","2026-08-14","SBI Comprehensive - Claims - @regression","generated/car-module.test.ts","",""
"","0","Verify that the When is ThirdParty Insurance Better than Comprehensive section is displayed - TC_170","mobile-chrome","2026-08-14","skipped","2026-08-14","Third Party Car Insurance - @regression","generated/car-module.test.ts","",""
"","1","Verify that the CNGLPG kit FAQ is displayed - TC_452","webkit","2026-08-14","skipped","2026-08-14","Royal Sundaram Own Damage - FAQs - @regression","generated/car-module.test.ts","",""
"","0","Verify that once user enters Pincode then Submit CTA should enable - TC_063","mobile-chrome","2026-08-14","skipped","2026-08-14","Car Dashboard - @smoke @regression","generated/car-module.test.ts","",""
"","0","Verify that this Please enter the pincode error message should come if user not enters pincode - TC_111","mobile-safari","2026-08-14","skipped","2026-08-14","Life Dropdown & Navigation - @smoke @regression > Life Landing Page Flow","generated/dropdown-navigation.test.ts","",""
"","1","Verify that all available insurers are displayed under Comprehensive plans - TC_229","mobile-chrome","2026-08-14","skipped","2026-08-14","Car Insurance - Top Car Insurance Plans - Comprehensive - @regression","generated/car-module.test.ts","",""
"","0","Verify that the ThirdParty Policy for Commercial Vehicles option is clickable - TC_133","firefox","2026-08-14","skipped","2026-08-14","Third Party Car Insurance - Table of Contents - @regression","generated/car-module.test.ts","",""
"","0","Verify that the Bike Insurance link is clickable - TC_154","mobile-chrome","2026-08-14","skipped","2026-08-14","Third Party Car Insurance - Get Best Insurance Quotes - @regression","generated/car-module.test.ts","",""
"","0","Verify that the Overview menu navigates to the Overview section - TC_313","mobile-safari","2026-08-14","skipped","2026-08-14","SBI Third Party - Section Navigation - @regression","generated/car-module.test.ts","",""
"","0","Verify that a cashless garage insurer link is clickable - TC_006","mobile-safari","2026-08-14","skipped","2026-08-14","Car Dashboard - @smoke @regression","generated/car-module.test.ts","",""
"","0","Verify that all required documents are displayed - TC_101","mobile-safari","2026-08-14","skipped","2026-08-14","National Car Insurance Documents - @regression","generated/car-module.test.ts","",""
"","0","Verify that the article cards are displayed - TC_116","webkit","2026-08-14","skipped","2026-08-14","National Car Insurance Articles - @regression","generated/car-module.test.ts","",""
"","0","Verify that the middleside section navigation menu is displayed - TC_239","firefox","2026-08-14","skipped","2026-08-14","SBI Comprehensive - Top Section - @regression","generated/car-module.test.ts","",""
"","0","Verify that clicking Get Quotes Without Car Number redirects correctly - TC_374","mobile-safari","2026-08-14","skipped","2026-08-14","Royal Sundaram Own Damage - Top Section - @regression","generated/car-module.test.ts","",""
"","0","Verify that No of Branches should be present on top of the page - TC_144","mobile-chrome","2026-08-14","skipped","2026-08-14","Our partners (CAR) - @regression > Insurer Landing Page Flow","generated/partners.test.ts","",""
"","0","Verify that the cashless garage count is displayed - TC_311","firefox","2026-08-14","skipped","2026-08-14","SBI Third Party - Top Section - @regression","generated/car-module.test.ts","",""
"","0","Verify that term Life Plans is clickable - TC_106","webkit","2026-08-14","skipped","2026-08-14","Life Landing Page - @regression @landing","generated/life-landing.test.ts","",""
"","0","Verify that the FAQs option is clickable - TC_149","firefox","2026-08-14","skipped","2026-08-14","Third Party Car Insurance - Table of Contents - @regression","generated/car-module.test.ts","",""
"","0","Verify that the No Claim Bonus Protection addon is displayed - TC_264","firefox","2026-08-14","skipped","2026-08-14","SBI Comprehensive - Add-ons - @regression","generated/car-module.test.ts","",""
"","0","Verify that the Find Plans CTA is clickable - TC_194","mobile-chrome","2026-08-14","skipped","2026-08-14","Third Party Car Insurance - Find Plans - @regression","generated/car-module.test.ts","",""
"","0","Verify that Year of Inception should be present on top of the page - TC_122","chromium","2026-08-14","skipped","2026-08-14","Our partners (BIKE) - @regression > Insurer Landing Page Flow","generated/partners.test.ts","",""
"","0","Verify that Voluntary Deductible Cover is displayed - TC_401","mobile-safari","2026-08-14","skipped","2026-08-14","Royal Sundaram Own Damage - Add-ons - @regression","generated/car-module.test.ts","",""
"","0","Verify that the Top ThirdParty Car Insurance Plans option is clickable - TC_132","mobile-chrome","2026-08-14","skipped","2026-08-14","Third Party Car Insurance - Table of Contents - @regression","generated/car-module.test.ts","",""
"","9629","Verify that the user is redirected to the Turtlemint Pro platform after clicking Become a POSP - TC_036","chromium","2026-08-14","passed","2026-08-14","Become a POSP - @regression > POSP Navigation","generated/become-posp.test.ts","",""
"","0","Verify that the depreciation deduction table is displayed - TC_449","webkit","2026-08-14","skipped","2026-08-14","Royal Sundaram Own Damage - FAQs - @regression","generated/car-module.test.ts","",""
"","0","Verify that the Read More CTA is displayed - TC_209","firefox","2026-08-14","skipped","2026-08-14","Car Insurance - Introduction - @regression","generated/car-module.test.ts","",""
"","0","Verify that the How To Raise A Claim Under SBI Third Party Car Insurance section is displayed - TC_343","mobile-chrome","2026-08-14","skipped","2026-08-14","SBI Third Party - Claims - @regression","generated/car-module.test.ts","",""
"","1","Verify that the user is able to select Insurer from Our partner sectionand should and land on Insure - TC_177","mobile-safari","2026-08-14","skipped","2026-08-14","Our partners (Life) - @regression > Insurer Landing Page Flow","generated/partners.test.ts","",""
"","0","Verify that the Get Quotes CTA is displayed - TC_305","mobile-chrome","2026-08-14","skipped","2026-08-14","SBI Third Party - Top Section - @regression","generated/car-module.test.ts","",""
"","1","Verify that the Comprehensive plan is displayed - TC_069","webkit","2026-08-14","skipped","2026-08-14","National Car Insurance Plans - @regression","generated/car-module.test.ts","",""
"","19721","Verify that the Read More CTA is displayed - TC_322","chromium","2026-08-14","failed","2026-08-14","SBI Third Party - Overview - @regression","generated/car-module.test.ts","",""
"","0","Verify that plans are visible on page - TC_105","mobile-safari","2026-08-14","skipped","2026-08-14","Life Dropdown & Navigation - @smoke @regression > Life Landing Page Flow","generated/dropdown-navigation.test.ts","",""
"","0","Verify that the Royal Sundaram Own Damage Car Insurance Overview section is displayed - TC_386","chromium","2026-08-14","skipped","2026-08-14","Royal Sundaram Own Damage - Overview - @regression","generated/car-module.test.ts","",""
"","0","Verify that advisor profile picture is visible - TC_073","firefox","2026-08-14","skipped","2026-08-14","Car Dashboard - @smoke @regression","generated/car-module.test.ts","",""
"","1","Verify that the claim process steps are displayed - TC_277","mobile-chrome","2026-08-14","skipped","2026-08-14","SBI Comprehensive - Claims - @regression","generated/car-module.test.ts","",""
"","0","Verify that the Read More CTA is displayed for the Comprehensive plan - TC_071","mobile-chrome","2026-08-14","skipped","2026-08-14","National Car Insurance Plans - @regression","generated/car-module.test.ts","",""
"","0","Verify that the Get Quotes CTA is displayed - TC_371","webkit","2026-08-14","skipped","2026-08-14","Royal Sundaram Own Damage - Top Section - @regression","generated/car-module.test.ts","",""
"","0","Verify that the Articles menu navigates to the Articles section - TC_319","mobile-safari","2026-08-14","skipped","2026-08-14","SBI Third Party - Section Navigation - @regression","generated/car-module.test.ts","",""
"","0","Verify that the Other Own Damage Car Insurance Plans section is displayed - TC_441","chromium","2026-08-14","skipped","2026-08-14","Royal Sundaram Own Damage - Other Own Damage Plans - @regression","generated/car-module.test.ts","",""
"","0","Verify that the cashless garage CTAlink is displayed - TC_083","mobile-safari","2026-08-14","skipped","2026-08-14","National Cashless Garages - @regression","generated/car-module.test.ts","",""
"","0","Verify that the Get Quotes Without Car Number option is displayed - TC_206","mobile-chrome","2026-08-14","skipped","2026-08-14","Car Insurance - Top Quote Section - @regression","generated/car-module.test.ts","",""
"","0","Verify that the Get Quotes Without Car Number option is displayed - TC_206","webkit","2026-08-14","skipped","2026-08-14","Car Insurance - Top Quote Section - @regression","generated/car-module.test.ts","",""
"","0","Verify that the FIR requirement is displayed - TC_352","mobile-chrome","2026-08-14","skipped","2026-08-14","SBI Third Party - Documents Required - @regression","generated/car-module.test.ts","",""
"","17277","Verify that the insurance type links are displayed below the National Car Insurance heading - TC_050","chromium","2026-08-14","failed","2026-08-14","National Car Insurance - @regression","generated/car-module.test.ts","",""
"","0","Verify that the ThirdParty vs Comprehensive Car Insurance Plans option is clickable - TC_140","chromium","2026-08-14","skipped","2026-08-14","Third Party Car Insurance - Table of Contents - @regression","generated/car-module.test.ts","",""
"","0","Verify that the Policies Sold statistic is displayed - TC_214","chromium","2026-08-14","skipped","2026-08-14","Car Insurance - Insurance Experience - @regression","generated/car-module.test.ts","",""
"","0","Verify that companyowned vehicle document requirements are displayed - TC_418","chromium","2026-08-14","skipped","2026-08-14","Royal Sundaram Own Damage - Claims - @regression","generated/car-module.test.ts","",""
"","0","Verify that the selected Insurer is present on top of the page - TC_093","webkit","2026-08-14","skipped","2026-08-14","Life - Shared Flows - @regression @advisor > Advisor Listing Page Flow","generated/shared-flows.test.ts","",""
"","16621","Verify that the Premium Calculator navigation option is clickable - TC_057","chromium","2026-08-14","failed","2026-08-14","National Car Insurance Navigation - @regression","generated/car-module.test.ts","",""
"","0","Verify that the Advisor list are relevent to selected Insurer or not - TC_097","firefox","2026-08-14","skipped","2026-08-14","Life - Shared Flows - @regression @advisor > Advisor Listing Page Flow","generated/shared-flows.test.ts","",""
"","0","Verify that the user is able to enter bike number - TC_119","firefox","2026-08-14","skipped","2026-08-14","Our partners (BIKE) - @regression > Insurer Landing Page Flow","generated/partners.test.ts","",""
"","179","Footer exposes legal/quick links and support contact","Default Suite","2026-08-14","passed","2026-08-14","com.turtlemint.tests.HomePageTests","TestNGTest-aef7d058-1cd0-46e2-b000-19d254d7c2be","com.turtlemint.tests.HomePageTests","verifyFooterLinksPresent"
"","0","Verify that all sections are displayed in the Bike dropdown - TC_008","mobile-safari","2026-08-14","skipped","2026-08-14","Bike Dropdown & Navigation - @smoke @regression > Bike Dropdown","generated/dropdown-navigation.test.ts","",""
"","1","Verify that the Drawbacks of ThirdParty Car Insurance section is displayed - TC_169","firefox","2026-08-14","skipped","2026-08-14","Third Party Car Insurance - @regression","generated/car-module.test.ts","",""
"","0","Verify that advisor experience count is visible - TC_074","firefox","2026-08-14","skipped","2026-08-14","Car Dashboard - @smoke @regression","generated/car-module.test.ts","",""
"","1","Verify that the user is able to select insurance type - TC_027","mobile-chrome","2026-08-14","skipped","2026-08-14","Bike - Shared Flows - @regression @advisor > Home Page Flow","generated/shared-flows.test.ts","",""
"","0","Verify that the user is able to enter car number - TC_140","webkit","2026-08-14","skipped","2026-08-14","Our partners (CAR) - @regression > Insurer Landing Page Flow","generated/partners.test.ts","",""
"","1","Verify that the View More option is displayed - TC_411","webkit","2026-08-14","skipped","2026-08-14","Royal Sundaram Own Damage - Add-ons - @regression","generated/car-module.test.ts","",""
"","1","Verify that the Advisor list are relevent to selected Insurer or not - TC_072","firefox","2026-08-14","skipped","2026-08-14","Car Dashboard - @smoke @regression","generated/car-module.test.ts","",""
"","17654","Verify that the common Book an Expert Call section is displayed - TC_361","chromium","2026-08-14","failed","2026-08-14","SBI Third Party - Common Components - @regression","generated/car-module.test.ts","",""
"","15686","Verify that the Exclusions navigation option is clickable - TC_059","chromium","2026-08-14","failed","2026-08-14","National Car Insurance Navigation - @regression","generated/car-module.test.ts","",""
"","0","Verify that after clicking Find Advisor user should redirect to Advisor listing page - TC_114","mobile-safari","2026-08-14","skipped","2026-08-14","Life Dropdown & Navigation - @smoke @regression > Life Landing Page Flow","generated/dropdown-navigation.test.ts","",""
"","0","Verify that partner testimonials are displayed - TC_035","webkit","2026-08-14","skipped","2026-08-14","Become a POSP - @regression > Partner Testimonials","generated/become-posp.test.ts","",""
"","0","Verify that the Check Premium CTA is displayed - TC_256","mobile-chrome","2026-08-14","skipped","2026-08-14","SBI Comprehensive - Premium Calculator - @regression","generated/car-module.test.ts","",""
"","0","Verify that the How to Buy ThirdParty Car Insurance Online from Turtlemint option is clickable - TC_146","mobile-chrome","2026-08-14","skipped","2026-08-14","Third Party Car Insurance - Table of Contents - @regression","generated/car-module.test.ts","",""
"","0","Verify that the How Does ThirdParty Car Insurance Work section is displayed - TC_156","mobile-chrome","2026-08-14","skipped","2026-08-14","Third Party Car Insurance - @regression","generated/car-module.test.ts","",""
"","0","Verify that get In Touch CTA is clickable - TC_078","mobile-chrome","2026-08-14","skipped","2026-08-14","Car Dashboard - @smoke @regression","generated/car-module.test.ts","",""
"","1","Verify that once user enters Pincode then Submit CTA should enable - TC_037","firefox","2026-08-14","skipped","2026-08-14","Bike - Shared Flows - @regression @advisor > Find Advisor Popup Flow","generated/shared-flows.test.ts","",""
"","0","Verify that all options under the More dropdown are displayed - TC_065","mobile-safari","2026-08-14","skipped","2026-08-14","National Car Insurance Navigation - @regression","generated/car-module.test.ts","",""
"","1","Verify that Zero Depreciation is displayed - TC_333","firefox","2026-08-14","skipped","2026-08-14","SBI Third Party - Add-ons - @regression","generated/car-module.test.ts","",""
"","0","Verify that the user is able to select any Insurer from our Partner sections - TC_178","chromium","2026-08-14","skipped","2026-08-14","Our partners (Life) - @regression > Insurer Landing Page Flow","generated/partners.test.ts","",""
"","0","Verify that the surveyor claim assessment information is displayed - TC_346","mobile-safari","2026-08-14","skipped","2026-08-14","SBI Third Party - Claims - @regression","generated/car-module.test.ts","",""
"","0","Verify that the Addons menu navigates to the Addons section - TC_384","firefox","2026-08-14","skipped","2026-08-14","Royal Sundaram Own Damage - Section Navigation - @regression","generated/car-module.test.ts","",""
"","17527","Verify that clicking Get Quotes Without Car Number redirects correctly - TC_374","chromium","2026-08-14","failed","2026-08-14","Royal Sundaram Own Damage - Top Section - @regression","generated/car-module.test.ts","",""
"","0","Verify that the View More CTA is displayed - TC_190","mobile-safari","2026-08-14","skipped","2026-08-14","Third Party Car Insurance - Car Insurance Companies - @regression","generated/car-module.test.ts","",""
"","0","Verify that an SBI article is clickable - TC_293","firefox","2026-08-14","skipped","2026-08-14","SBI Comprehensive - Latest Articles - @regression","generated/car-module.test.ts","",""
"","0","Verify that the information provided for the required documents is displayed correctly - TC_102","mobile-safari","2026-08-14","skipped","2026-08-14","National Car Insurance Documents - @regression","generated/car-module.test.ts","",""
"","1","Verify that the SBI insurer namelogo is clickable - TC_231","firefox","2026-08-14","skipped","2026-08-14","Car Insurance - Top Car Insurance Plans - Comprehensive - @regression","generated/car-module.test.ts","",""
"","16850","Verify that the Third Party Car Insurance option is displayed - TC_233","chromium","2026-08-14","failed","2026-08-14","SBI Comprehensive - Top Section - @regression","generated/car-module.test.ts","",""
"","0","Verify that the user is able to select insurance type - TC_053","mobile-chrome","2026-08-14","skipped","2026-08-14","Car Dashboard - @smoke @regression","generated/car-module.test.ts","",""
"","0","Verify that the How to Renew ThirdParty Car Insurance Plan option is clickable - TC_145","webkit","2026-08-14","skipped","2026-08-14","Third Party Car Insurance - Table of Contents - @regression","generated/car-module.test.ts","",""
"","0","Verify that the Comprehensive coverage information is displayed - TC_248","mobile-chrome","2026-08-14","skipped","2026-08-14","SBI Comprehensive - Overview - @regression","generated/car-module.test.ts","",""
"","0","Verify that the user is able to get Insurer list on the right side of the page - TC_134","webkit","2026-08-14","skipped","2026-08-14","Our partners (BIKE) - @regression > Insurer Landing Page Flow","generated/partners.test.ts","",""
"","0","Verify that the car insurance renewal link is clickable - TC_195","firefox","2026-08-14","skipped","2026-08-14","Third Party Car Insurance - Importance - @regression","generated/car-module.test.ts","",""
"","0","Verify that the Latest Articles On Royal Sundaram section is displayed - TC_436","mobile-chrome","2026-08-14","skipped","2026-08-14","Royal Sundaram Own Damage - Articles - @regression","generated/car-module.test.ts","",""
"","18906","Verify that Additional Roadside Assistance EMI Protector Tyre and Rim Guard and Personal Accident ar - TC_341","chromium","2026-08-14","failed","2026-08-14","SBI Third Party - Add-ons - @regression","generated/car-module.test.ts","",""
"","0","Verify that Third Party plan cards display the required information - TC_227","mobile-safari","2026-08-14","skipped","2026-08-14","Car Insurance - Top Car Insurance Plans - Third Party - @regression","generated/car-module.test.ts","",""
"","1","Verify that the claim amount above 1 lakh document requirement is displayed - TC_419","firefox","2026-08-14","skipped","2026-08-14","Royal Sundaram Own Damage - Claims - @regression","generated/car-module.test.ts","",""
"","0","Verify that the user is able to click on View all article CTA - TC_154","chromium","2026-08-14","skipped","2026-08-14","Our partners (CAR) - @regression > Insurer Landing Page Flow","generated/partners.test.ts","",""
"","18225","Verify that all sections are displayed in the Health dropdown - TC_012","chromium","2026-08-14","failed","2026-08-14","Health Dropdown & Navigation - @smoke @regression > Health Dropdown","generated/dropdown-navigation.test.ts","",""
"","0","Verify that the user is able to click on the Third Party Car Insurance link - TC_051","mobile-chrome","2026-08-14","skipped","2026-08-14","National Car Insurance - @regression","generated/car-module.test.ts","",""
"","0","Verify that the user is able to get Book a free Consultation CTA of right side of page - TC_170","mobile-safari","2026-08-14","skipped","2026-08-14","Our partners (Health) - @regression > Insurer Landing Page Flow","generated/partners.test.ts","",""
"","0","Verify that an insurer link redirects to the corresponding Third Party page - TC_365","firefox","2026-08-14","skipped","2026-08-14","SBI Third Party - Other Third Party Plans - @regression","generated/car-module.test.ts","",""
"","0","Verify that the Addons menu navigates to the Addons section - TC_245","mobile-chrome","2026-08-14","skipped","2026-08-14","SBI Comprehensive - Section Navigation - @regression","generated/car-module.test.ts","",""
"","18706","Verify that the Zero Depreciation addon is displayed - TC_263","chromium","2026-08-14","failed","2026-08-14","SBI Comprehensive - Add-ons - @regression","generated/car-module.test.ts","",""
"","0","Verify that the customer contact number is displayed on the Raise a Claim page - TC_024","webkit","2026-08-14","skipped","2026-08-14","Raise a Claim - @regression > Contact Support","generated/raise-claim.test.ts","",""
"","0","Verify that advisor profile picture is visible - TC_098","webkit","2026-08-14","skipped","2026-08-14","Life - Shared Flows - @regression @advisor > Advisor Listing Page Flow","generated/shared-flows.test.ts","",""
"","0","Verify that advisor profile picture is visible - TC_073","mobile-safari","2026-08-14","skipped","2026-08-14","Car Dashboard - @smoke @regression","generated/car-module.test.ts","",""
"","11304","Verify that the user should get this Pincode not found for invalid Pincode - TC_065","chromium","2026-08-14","passed","2026-08-14","Car Dashboard - @smoke @regression","generated/car-module.test.ts","",""
"","0","Verify that the user is able to click on View all article CTA - TC_133","chromium","2026-08-14","skipped","2026-08-14","Our partners (BIKE) - @regression > Insurer Landing Page Flow","generated/partners.test.ts","",""
"","1","Verify that an insurer namelogo is clickable - TC_219","mobile-safari","2026-08-14","skipped","2026-08-14","Car Insurance - Top Car Insurance Plans - @regression","generated/car-module.test.ts","",""
"","0","Verify that the Overview menu navigates to the Overview section - TC_313","firefox","2026-08-14","skipped","2026-08-14","SBI Third Party - Section Navigation - @regression","generated/car-module.test.ts","",""
"","0","Verify that the user is able to click on Find Advisor CTA - TC_113","mobile-chrome","2026-08-14","skipped","2026-08-14","Life Landing Page - @regression @landing","generated/life-landing.test.ts","",""
"","19773","Verify that the View More option is displayed in the FAQs section - TC_114","chromium","2026-08-14","failed","2026-08-14","National Car Insurance FAQs - @regression","generated/car-module.test.ts","",""
"","15666","Verify that the Life dropdown is displayed - TC_017","chromium","2026-08-14","failed","2026-08-14","Life Dropdown & Navigation - @smoke @regression > Life Dropdown","generated/dropdown-navigation.test.ts","",""
"","0","Verify that the user is able to select insurance type - TC_001","chromium","2026-08-14","skipped","2026-08-14","Health - Shared Flows - @regression @advisor > Home Page Flow","generated/shared-flows.test.ts","",""
"","0","Verify that the Points to Note When Raising a ThirdParty Car Insurance Claim section is displayed - TC_172","chromium","2026-08-14","skipped","2026-08-14","Third Party Car Insurance - @regression","generated/car-module.test.ts","",""
"","0","Verify that Personal Belonging Cover is displayed - TC_336","firefox","2026-08-14","skipped","2026-08-14","SBI Third Party - Add-ons - @regression","generated/car-module.test.ts","",""
"","0","Verify that Own Damage coverage information is displayed - TC_387","webkit","2026-08-14","skipped","2026-08-14","Royal Sundaram Own Damage - Overview - @regression","generated/car-module.test.ts","",""
"","0","Verify that the How to Make ThirdParty Car Insurance Claims option is clickable - TC_143","firefox","2026-08-14","skipped","2026-08-14","Third Party Car Insurance - Table of Contents - @regression","generated/car-module.test.ts","",""
"","0","Verify that Zero Depreciation is displayed - TC_333","mobile-safari","2026-08-14","skipped","2026-08-14","SBI Third Party - Add-ons - @regression","generated/car-module.test.ts","",""
"","0","Verify that Cashless Claim and Reimbursement Claim options are displayed - TC_415","mobile-safari","2026-08-14","skipped","2026-08-14","Royal Sundaram Own Damage - Claims - @regression","generated/car-module.test.ts","",""
"","0","Verify that the starting premium is displayed - TC_236","firefox","2026-08-14","skipped","2026-08-14","SBI Comprehensive - Top Section - @regression","generated/car-module.test.ts","",""
"","0","Verify that the User should get this Please select type of insurance to proceed to the next step mes - TC_030","chromium","2026-08-14","skipped","2026-08-14","Bike - Shared Flows - @regression @advisor > Home Page Flow","generated/shared-flows.test.ts","",""
"","0","Verify that the How are ThirdParty Car Insurance Premium Rates Calculated section is displayed - TC_159","webkit","2026-08-14","skipped","2026-08-14","Third Party Car Insurance - @regression","generated/car-module.test.ts","",""
"","0","Verify that the Registration Certificate requirement is displayed - TC_350","mobile-safari","2026-08-14","skipped","2026-08-14","SBI Third Party - Documents Required - @regression","generated/car-module.test.ts","",""
"","1","Verify that partner testimonials are displayed - TC_035","mobile-chrome","2026-08-14","skipped","2026-08-14","Become a POSP - @regression > Partner Testimonials","generated/become-posp.test.ts","",""
"","0","Verify that the Royal Sundaram Customer Care email ID is displayed - TC_431","firefox","2026-08-14","skipped","2026-08-14","Royal Sundaram Own Damage - Customer Care - @regression","generated/car-module.test.ts","",""
"","2","Verify that the user is able to expand an FAQ question - TC_112","mobile-chrome","2026-08-14","skipped","2026-08-14","National Car Insurance FAQs - @regression","generated/car-module.test.ts","",""
"","0","Verify that the KYC document requirements are displayed - TC_417","firefox","2026-08-14","skipped","2026-08-14","Royal Sundaram Own Damage - Claims - @regression","generated/car-module.test.ts","",""
"","0","Verify that the Features of ThirdParty Car Insurance option is clickable - TC_129","mobile-chrome","2026-08-14","skipped","2026-08-14","Third Party Car Insurance - Table of Contents - @regression","generated/car-module.test.ts","",""
"","1","Verify that the claim process steps are displayed - TC_277","firefox","2026-08-14","skipped","2026-08-14","SBI Comprehensive - Claims - @regression","generated/car-module.test.ts","",""
"","0","Verify that the user is able to click on Read More CTA - TC_166","chromium","2026-08-14","skipped","2026-08-14","Our partners (Health) - @regression > Insurer Landing Page Flow","generated/partners.test.ts","",""
"","0","Verify that the Third Party plans are displayed - TC_224","chromium","2026-08-14","skipped","2026-08-14","Car Insurance - Top Car Insurance Plans - Third Party - @regression","generated/car-module.test.ts","",""
"","1","Verify that No of Branches should be present on top of the page - TC_123","mobile-chrome","2026-08-14","skipped","2026-08-14","Our partners (BIKE) - @regression > Insurer Landing Page Flow","generated/partners.test.ts","",""
"","5","Verify that the Articles option is clickable - TC_110","mobile-chrome","2026-08-14","skipped","2026-08-14","National Car Insurance - More - @regression","generated/car-module.test.ts","",""
"","0","Verify that the user is navigated to the National Car Insurance page - TC_040","mobile-safari","2026-08-14","skipped","2026-08-14","National Car Insurance - @regression","generated/car-module.test.ts","",""
"","0","Verify that the Check Premium CTA is displayed - TC_329","mobile-chrome","2026-08-14","skipped","2026-08-14","SBI Third Party - Premium Calculator - @regression","generated/car-module.test.ts","",""
"","0","Verify that the Exclusions of ThirdParty Car Insurance section is displayed - TC_163","webkit","2026-08-14","skipped","2026-08-14","Third Party Car Insurance - @regression","generated/car-module.test.ts","",""
"","13292","Verify that the Car dropdown is displayed - TC_001","chromium","2026-08-14","passed","2026-08-14","Car Dashboard - @smoke @regression","generated/car-module.test.ts","",""
"","0","Verify that the user is able to click on View all article CTA - TC_174","mobile-safari","2026-08-14","skipped","2026-08-14","Our partners (Health) - @regression > Insurer Landing Page Flow","generated/partners.test.ts","",""
"","0","Verify that the user is able to select Insurer type and click on Find Advisor should land on Find Ad - TC_084","mobile-safari","2026-08-14","skipped","2026-08-14","Life - Shared Flows - @regression @advisor > Home Page Flow","generated/shared-flows.test.ts","",""
"","0","Verify that the user is able to click on Get Quotes CTA - TC_120","mobile-chrome","2026-08-14","skipped","2026-08-14","Our partners (BIKE) - @regression > Insurer Landing Page Flow","generated/partners.test.ts","",""
"","0","Verify that advisor distance is visible - TC_050","firefox","2026-08-14","skipped","2026-08-14","Bike - Shared Flows - @regression @advisor > Advisor Listing Page Flow","generated/shared-flows.test.ts","",""
"","17604","Verify that an SBI article is clickable - TC_360","chromium","2026-08-14","failed","2026-08-14","SBI Third Party - Articles - @regression","generated/car-module.test.ts","",""
"","0","Verify that the claim process information is displayed - TC_097","mobile-chrome","2026-08-14","skipped","2026-08-14","National Car Insurance Claims - @regression","generated/car-module.test.ts","",""
"","0","Verify that the How to Make ThirdParty Car Insurance Claims section is displayed - TC_171","chromium","2026-08-14","skipped","2026-08-14","Third Party Car Insurance - @regression","generated/car-module.test.ts","",""
"","0","Verify that an Own Damage insurer link redirects correctly - TC_443","chromium","2026-08-14","skipped","2026-08-14","Royal Sundaram Own Damage - Other Own Damage Plans - @regression","generated/car-module.test.ts","",""
"","17220","Verify that the Overview menu navigates to the Overview section - TC_313","chromium","2026-08-14","failed","2026-08-14","SBI Third Party - Section Navigation - @regression","generated/car-module.test.ts","",""
"","0","Verify that clicking Get Quotes opens Profile Journey - TC_306","webkit","2026-08-14","skipped","2026-08-14","SBI Third Party - Top Section - @regression","generated/car-module.test.ts","",""
"","1","Verify that the required claim documents are displayed in the claim process - TC_279","mobile-safari","2026-08-14","skipped","2026-08-14","SBI Comprehensive - Claims - @regression","generated/car-module.test.ts","",""
"","0","Verify that the claim intimation information is displayed - TC_413","chromium","2026-08-14","skipped","2026-08-14","Royal Sundaram Own Damage - Claims - @regression","generated/car-module.test.ts","",""
"","0","Verify that all initially displayed car insurance companies are displayed - TC_183","webkit","2026-08-14","skipped","2026-08-14","Third Party Car Insurance - Car Insurance Companies - @regression","generated/car-module.test.ts","",""
"","0","Verify that the View More option is displayed in FAQs - TC_453","firefox","2026-08-14","skipped","2026-08-14","Royal Sundaram Own Damage - FAQs - @regression","generated/car-module.test.ts","",""
"","0","Verify that visit website CTA is visible on all advisor - TC_102","mobile-chrome","2026-08-14","skipped","2026-08-14","Life - Shared Flows - @regression @advisor > Advisor Listing Page Flow","generated/shared-flows.test.ts","",""
"","0","Verify that the Download Now CTA is displayed on the Raise a Claim page - TC_022","chromium","2026-08-14","skipped","2026-08-14","Raise a Claim - @regression > Raise a Claim Flow","generated/raise-claim.test.ts","",""
"","0","Verify that the Get Best Insurance Quotes For section is displayed - TC_150","mobile-chrome","2026-08-14","skipped","2026-08-14","Third Party Car Insurance - Get Best Insurance Quotes - @regression","generated/car-module.test.ts","",""
"","0","Verify that the User should get this Please select type of insurance to proceed to the next step mes - TC_083","mobile-safari","2026-08-14","skipped","2026-08-14","Life - Shared Flows - @regression @advisor > Home Page Flow","generated/shared-flows.test.ts","",""
"","0","Verify that the Why Choose Turtlemint option is clickable - TC_148","chromium","2026-08-14","skipped","2026-08-14","Third Party Car Insurance - Table of Contents - @regression","generated/car-module.test.ts","",""
"","0","Verify that plans are visible on page - TC_105","mobile-safari","2026-08-14","skipped","2026-08-14","Life Landing Page - @regression @landing","generated/life-landing.test.ts","",""
"","0","Verify that the Registration Certificate requirement is displayed - TC_284","webkit","2026-08-14","skipped","2026-08-14","SBI Comprehensive - Documents Required For Claims - @regression","generated/car-module.test.ts","",""
"","0","Verify that the Claims navigation option is clickable - TC_061","webkit","2026-08-14","skipped","2026-08-14","National Car Insurance Navigation - @regression","generated/car-module.test.ts","",""
"","0","Verify that the Life Insurance option is clickable - TC_201","mobile-safari","2026-08-14","skipped","2026-08-14","Life Dropdown & Navigation - @smoke @regression > Life Insurance - Header Navigation","generated/dropdown-navigation.test.ts","",""
"","0","Verify that the LongTerm ThirdParty Cover for Five Years for Car Owners section is displayed - TC_166","firefox","2026-08-14","skipped","2026-08-14","Third Party Car Insurance - @regression","generated/car-module.test.ts","",""
"","0","Verify that the threestep Royal Sundaram renewal process is displayed - TC_433","firefox","2026-08-14","skipped","2026-08-14","Royal Sundaram Own Damage - Renewal - @regression","generated/car-module.test.ts","",""
"","20988","Verify that Personal Belonging Cover is displayed - TC_336","chromium","2026-08-14","failed","2026-08-14","SBI Third Party - Add-ons - @regression","generated/car-module.test.ts","",""
"","1","Verify that original invoicereceipts requirement is displayed - TC_427","mobile-chrome","2026-08-14","skipped","2026-08-14","Royal Sundaram Own Damage - Documents Required - @regression","generated/car-module.test.ts","",""
"","0","Verify that the Third Party plans are displayed - TC_224","webkit","2026-08-14","skipped","2026-08-14","Car Insurance - Top Car Insurance Plans - Third Party - @regression","generated/car-module.test.ts","",""
"","0","Verify that the article cards are displayed - TC_116","firefox","2026-08-14","skipped","2026-08-14","National Car Insurance Articles - @regression","generated/car-module.test.ts","",""
"","15870","Verify that the National Car Insurance Plans Overview section is displayed - TC_068","chromium","2026-08-14","failed","2026-08-14","National Car Insurance Plans - @regression","generated/car-module.test.ts","",""
"","1","Verify that the Benefits of FourWheeler ThirdParty Insurance section is displayed - TC_158","webkit","2026-08-14","skipped","2026-08-14","Third Party Car Insurance - @regression","generated/car-module.test.ts","",""
"","0","Verify that the selected Insurer is present on top of the page - TC_068","webkit","2026-08-14","skipped","2026-08-14","Car Dashboard - @smoke @regression","generated/car-module.test.ts","",""
"","0","Verify that a Royal Sundaram article is clickable - TC_438","firefox","2026-08-14","skipped","2026-08-14","Royal Sundaram Own Damage - Articles - @regression","generated/car-module.test.ts","",""
"","16540","Verify that all options under the More dropdown are displayed - TC_065","chromium","2026-08-14","failed","2026-08-14","National Car Insurance Navigation - @regression","generated/car-module.test.ts","",""
"","0","Verify that the insurerspecific Car Insurance page is displayed after clicking the insurer namelogo - TC_220","mobile-chrome","2026-08-14","skipped","2026-08-14","Car Insurance - Top Car Insurance Plans - @regression","generated/car-module.test.ts","",""
"","0","Verify that the Addons Under ThirdParty Car Insurance section is displayed - TC_167","webkit","2026-08-14","skipped","2026-08-14","Third Party Car Insurance - @regression","generated/car-module.test.ts","",""
"","0","Verify that term Life Plans is clickable - TC_106","webkit","2026-08-14","skipped","2026-08-14","Life Dropdown & Navigation - @smoke @regression > Life Landing Page Flow","generated/dropdown-navigation.test.ts","",""
"","0","Verify that on clicking Plans tab user should redirect to that particular section on page - TC_148","mobile-safari","2026-08-14","skipped","2026-08-14","Our partners (CAR) - @regression > Insurer Landing Page Flow","generated/partners.test.ts","",""
"","0","Verify that the Addons Under ThirdParty Car Insurance section is displayed - TC_167","mobile-safari","2026-08-14","skipped","2026-08-14","Third Party Car Insurance - @regression","generated/car-module.test.ts","",""
"","10","Verify that the Third Party Car Insurance option is displayed - TC_233","mobile-chrome","2026-08-14","skipped","2026-08-14","SBI Comprehensive - Top Section - @regression","generated/car-module.test.ts","",""
"","0","Verify that the FAQ section is displayed - TC_177","webkit","2026-08-14","skipped","2026-08-14","Third Party Car Insurance - @regression","generated/car-module.test.ts","",""
"","0","Verify that the Car Insurance Companies Similar To Royal Sundaram section is displayed - TC_445","chromium","2026-08-14","skipped","2026-08-14","Royal Sundaram Own Damage - Similar Car Insurance Companies - @regression","generated/car-module.test.ts","",""
"","17705","Verify that the customer care contact details are displayed - TC_105","chromium","2026-08-14","failed","2026-08-14","National Car Insurance Customer Care - @regression","generated/car-module.test.ts","",""
"","1","Verify that thirdparty damage details requirement is displayed - TC_353","mobile-chrome","2026-08-14","skipped","2026-08-14","SBI Third Party - Documents Required - @regression","generated/car-module.test.ts","",""
"","0","Verify that the user should get this Pincode not found for invalid Pincode - TC_065","firefox","2026-08-14","skipped","2026-08-14","Car Dashboard - @smoke @regression","generated/car-module.test.ts","",""
"","0","Verify that the selected Pincode is present on top of the page - TC_069","mobile-chrome","2026-08-14","skipped","2026-08-14","Car Dashboard - @smoke @regression","generated/car-module.test.ts","",""
"","0","Verify that the National navigation menu is displayed - TC_054","firefox","2026-08-14","skipped","2026-08-14","National Car Insurance Navigation - @regression","generated/car-module.test.ts","",""
"","0","Verify that with invalid Pincode - TC_089","mobile-chrome","2026-08-14","skipped","2026-08-14","Life - Shared Flows - @regression @advisor > Find Advisor Popup Flow","generated/shared-flows.test.ts","",""
"","0","Verify that the user is able to select any Insurer from our Partner sections - TC_158","chromium","2026-08-14","skipped","2026-08-14","Our partners (Health) - @regression > Insurer Landing Page Flow","generated/partners.test.ts","",""
"","0","Verify that the user is able to enter a car number in the Premium Calculator - TC_077","mobile-safari","2026-08-14","skipped","2026-08-14","National Premium Calculator - @regression","generated/car-module.test.ts","",""
"","0","Verify that the Premium Calculator navigation option is clickable - TC_057","mobile-chrome","2026-08-14","skipped","2026-08-14","National Car Insurance Navigation - @regression","generated/car-module.test.ts","",""
"","0","Verify that the Insurance Partners statistic is displayed - TC_212","chromium","2026-08-14","skipped","2026-08-14","Car Insurance - Insurance Experience - @regression","generated/car-module.test.ts","",""
"","0","Verify that the Addons menu navigates to the Addons section - TC_384","mobile-safari","2026-08-14","skipped","2026-08-14","Royal Sundaram Own Damage - Section Navigation - @regression","generated/car-module.test.ts","",""
"","0","Verify that Full Invoice Price Insurance Cover is displayed - TC_402","firefox","2026-08-14","skipped","2026-08-14","Royal Sundaram Own Damage - Add-ons - @regression","generated/car-module.test.ts","",""
"","0","Verify that the Overview menu navigates to the Overview section - TC_379","mobile-safari","2026-08-14","skipped","2026-08-14","Royal Sundaram Own Damage - Section Navigation - @regression","generated/car-module.test.ts","",""
"","1234","Car Insurance Companies link navigates to the correct listing page","Default Suite","2026-08-14","passed","2026-08-14","com.turtlemint.tests.NavigationTests","TestNGTest-fd9a02c9-dfcd-495c-bc1e-e5702adb4046","com.turtlemint.tests.NavigationTests","verifyCarInsuranceCompaniesNavigation"
"","0","Verify that a cashless garage insurer link is clickable - TC_006","mobile-chrome","2026-08-14","skipped","2026-08-14","Car Dashboard - @smoke @regression","generated/car-module.test.ts","",""
"","0","Verify that the What is ThirdParty Insurance for Car option is clickable - TC_126","mobile-chrome","2026-08-14","skipped","2026-08-14","Third Party Car Insurance - Table of Contents - @regression","generated/car-module.test.ts","",""
"","18386","Verify that all sections are displayed in the Bike dropdown - TC_008","chromium","2026-08-14","failed","2026-08-14","Bike Dropdown & Navigation - @smoke @regression > Bike Dropdown","generated/dropdown-navigation.test.ts","",""
"","0","Verify that the Find Plans CTA is clickable - TC_194","chromium","2026-08-14","skipped","2026-08-14","Third Party Car Insurance - Find Plans - @regression","generated/car-module.test.ts","",""
"","19054","Verify that the Overview menu navigates to the Overview section - TC_379","chromium","2026-08-14","failed","2026-08-14","Royal Sundaram Own Damage - Section Navigation - @regression","generated/car-module.test.ts","",""
"","0","Verify that the FAQ section is displayed - TC_447","firefox","2026-08-14","skipped","2026-08-14","Royal Sundaram Own Damage - FAQs - @regression","generated/car-module.test.ts","",""
"","0","Verify that the Get Quotes Without Car Number CTA is displayed - TC_307","webkit","2026-08-14","skipped","2026-08-14","SBI Third Party - Top Section - @regression","generated/car-module.test.ts","",""
"","1","Verify that the user is able to click on Get Quotes Without Car Number CTA - TC_142","chromium","2026-08-14","skipped","2026-08-14","Our partners (CAR) - @regression > Insurer Landing Page Flow","generated/partners.test.ts","",""
"","0","Verify that the Insurance Partners statistic is displayed - TC_212","firefox","2026-08-14","skipped","2026-08-14","Car Insurance - Insurance Experience - @regression","generated/car-module.test.ts","",""
"","0","Verify that the Get Quotes Without Car Number CTA is displayed - TC_079","firefox","2026-08-14","skipped","2026-08-14","National Premium Calculator - @regression","generated/car-module.test.ts","",""
"","0","Verify that the View More option is displayed in the Addons section - TC_275","mobile-safari","2026-08-14","skipped","2026-08-14","SBI Comprehensive - Add-ons - @regression","generated/car-module.test.ts","",""
"","15825","Verify that the FAQs option is clickable - TC_108","chromium","2026-08-14","failed","2026-08-14","National Car Insurance - More - @regression","generated/car-module.test.ts","",""
"","1","Verify that the Glimpse through our guide on how to renew expired car insurance link is clickable - TC_198","mobile-safari","2026-08-14","skipped","2026-08-14","Third Party Car Insurance - Comprehensive Comparison - @regression","generated/car-module.test.ts","",""
"","0","Verify that the National Car Insurance Exclusions section is displayed - TC_090","webkit","2026-08-14","skipped","2026-08-14","National Car Insurance Exclusions - @regression","generated/car-module.test.ts","",""
"","0","Verify that the Comprehensive plans are displayed - TC_223","mobile-safari","2026-08-14","skipped","2026-08-14","Car Insurance - Top Car Insurance Plans - Comprehensive - @regression","generated/car-module.test.ts","",""
"","0","Verify that the Reimbursement Claim process is displayed - TC_420","chromium","2026-08-14","skipped","2026-08-14","Royal Sundaram Own Damage - Claims - @regression","generated/car-module.test.ts","",""
"","3265","Verify that the user is able to click on Get a Quote CTA - TC_055","chromium","2026-08-14","passed","2026-08-14","Car Dashboard - @smoke @regression","generated/car-module.test.ts","",""
"","0","Verify that the Check Premium CTA is displayed - TC_396","chromium","2026-08-14","skipped","2026-08-14","Royal Sundaram Own Damage - Premium Calculator - @regression","generated/car-module.test.ts","",""
"","0","Verify that Royal Sundarams claim settlement ratio is displayed - TC_391","webkit","2026-08-14","skipped","2026-08-14","Royal Sundaram Own Damage - Claim Settlement Ratio - @regression","generated/car-module.test.ts","",""
"","0","Verify that the Drawbacks of ThirdParty Car Insurance section is displayed - TC_169","webkit","2026-08-14","skipped","2026-08-14","Third Party Car Insurance - @regression","generated/car-module.test.ts","",""
"","0","Verify that the Comprehensive plan is displayed - TC_069","firefox","2026-08-14","skipped","2026-08-14","National Car Insurance Plans - @regression","generated/car-module.test.ts","",""
"","0","Verify that the National navigation option is clickable - TC_055","mobile-safari","2026-08-14","skipped","2026-08-14","National Car Insurance Navigation - @regression","generated/car-module.test.ts","",""
"","0","Verify that FIR requirement is displayed - TC_426","firefox","2026-08-14","skipped","2026-08-14","Royal Sundaram Own Damage - Documents Required - @regression","generated/car-module.test.ts","",""
"","0","Verify that the available Third Party insurers are displayed - TC_364","mobile-chrome","2026-08-14","skipped","2026-08-14","SBI Third Party - Other Third Party Plans - @regression","generated/car-module.test.ts","",""
"","0","Verify that with invalid Pincode - TC_064","mobile-safari","2026-08-14","skipped","2026-08-14","Car Dashboard - @smoke @regression","generated/car-module.test.ts","",""
"","0","Verify that the selected Insurer icon is on top of the page - TC_160","webkit","2026-08-14","skipped","2026-08-14","Our partners (Health) - @regression > Insurer Landing Page Flow","generated/partners.test.ts","",""
"","0","Verify that the What Is Car Insurance section is displayed - TC_208","webkit","2026-08-14","skipped","2026-08-14","Car Insurance - Introduction - @regression","generated/car-module.test.ts","",""
"","1","Verify that the selected Insurer is present on top of the page - TC_016","webkit","2026-08-14","skipped","2026-08-14","Health - Shared Flows - @regression @advisor > Advisor Listing Page Flow","generated/shared-flows.test.ts","",""
"","0","Verify that the User should redirect to Car profile page on clicking Get a Quote CTA - TC_058","mobile-safari","2026-08-14","skipped","2026-08-14","Car Dashboard - @smoke @regression","generated/car-module.test.ts","",""
"","0","Verify that the Customer Care menu navigates to the Customer Care section - TC_382","webkit","2026-08-14","skipped","2026-08-14","Royal Sundaram Own Damage - Section Navigation - @regression","generated/car-module.test.ts","",""
"","0","Verify that the Read More CTA is displayed - TC_435","chromium","2026-08-14","skipped","2026-08-14","Royal Sundaram Own Damage - Renewal - @regression","generated/car-module.test.ts","",""
"","0","Verify that the Addons menu navigates to the Addons section - TC_318","mobile-safari","2026-08-14","skipped","2026-08-14","SBI Third Party - Section Navigation - @regression","generated/car-module.test.ts","",""
"","0","Verify that the introductory content is displayed - TC_123","chromium","2026-08-14","skipped","2026-08-14","Third Party Car Insurance - @regression","generated/car-module.test.ts","",""
"","0","Verify that Year of Inception should be present on top of the page - TC_143","chromium","2026-08-14","skipped","2026-08-14","Our partners (CAR) - @regression > Insurer Landing Page Flow","generated/partners.test.ts","",""
"","0","Verify that the user is able to get Find Advisor Popup - TC_008","firefox","2026-08-14","skipped","2026-08-14","Health - Shared Flows - @regression @advisor > Find Advisor Popup Flow","generated/shared-flows.test.ts","",""
"","1","Verify that Own Damage exclusions are mentioned in the overview - TC_388","mobile-chrome","2026-08-14","skipped","2026-08-14","Royal Sundaram Own Damage - Overview - @regression","generated/car-module.test.ts","",""
"","16059","Verify that the cashless garage information is displayed - TC_082","chromium","2026-08-14","failed","2026-08-14","National Cashless Garages - @regression","generated/car-module.test.ts","",""
"","0","Verify that the user can select different Insurer from dropdown - TC_044","mobile-chrome","2026-08-14","skipped","2026-08-14","Bike - Shared Flows - @regression @advisor > Advisor Listing Page Flow","generated/shared-flows.test.ts","",""
"","0","Verify that the claim amount above 1 lakh document requirement is displayed - TC_419","webkit","2026-08-14","skipped","2026-08-14","Royal Sundaram Own Damage - Claims - @regression","generated/car-module.test.ts","",""
"","0","Verify that the insurer plan card information is displayed - TC_216","mobile-chrome","2026-08-14","skipped","2026-08-14","Car Insurance - Top Car Insurance Plans - @regression","generated/car-module.test.ts","",""
"","0","Verify that submit CTA is disable for blank Pincode - TC_087","mobile-safari","2026-08-14","skipped","2026-08-14","Life - Shared Flows - @regression @advisor > Find Advisor Popup Flow","generated/shared-flows.test.ts","",""
"","0","Verify that the Claim Settlement Ratio menu navigates to the Claim Settlement Ratio section - TC_383","chromium","2026-08-14","skipped","2026-08-14","Royal Sundaram Own Damage - Section Navigation - @regression","generated/car-module.test.ts","",""
"","0","Verify that the user is able to click on Articles - TC_153","chromium","2026-08-14","skipped","2026-08-14","Our partners (CAR) - @regression > Insurer Landing Page Flow","generated/partners.test.ts","",""
"","0","Verify that a valid car registration number can be entered - TC_395","mobile-chrome","2026-08-14","skipped","2026-08-14","Royal Sundaram Own Damage - Premium Calculator - @regression","generated/car-module.test.ts","",""
"","0","Verify that the claim intimation and claim reference number information is displayed - TC_278","webkit","2026-08-14","skipped","2026-08-14","SBI Comprehensive - Claims - @regression","generated/car-module.test.ts","",""
"","0","Verify that the user is able to click on the Comprehensive Car Insurance link - TC_052","webkit","2026-08-14","skipped","2026-08-14","National Car Insurance - @regression","generated/car-module.test.ts","",""
"","15606","Verify that the car number input field is displayed - TC_043","chromium","2026-08-14","failed","2026-08-14","National Car Insurance - @regression","generated/car-module.test.ts","",""
"","0","Verify that the Factors that Affect ThirdParty Insurance Premium option is clickable - TC_137","firefox","2026-08-14","skipped","2026-08-14","Third Party Car Insurance - Table of Contents - @regression","generated/car-module.test.ts","",""
"","0","Verify that the Latest Articles On SBI section is displayed - TC_291","mobile-safari","2026-08-14","skipped","2026-08-14","SBI Comprehensive - Latest Articles - @regression","generated/car-module.test.ts","",""
"","0","Verify that the Own Damage plans are displayed - TC_225","mobile-safari","2026-08-14","skipped","2026-08-14","Car Insurance - Top Car Insurance Plans - Own Damage - @regression","generated/car-module.test.ts","",""
"","0","Verify that the Benefits of FourWheeler ThirdParty Insurance section is displayed - TC_158","firefox","2026-08-14","skipped","2026-08-14","Third Party Car Insurance - @regression","generated/car-module.test.ts","",""
"","0","Verify that the user is able to enter car number - TC_140","firefox","2026-08-14","skipped","2026-08-14","Our partners (CAR) - @regression > Insurer Landing Page Flow","generated/partners.test.ts","",""
"","0","Verify that the insurance business features are displayed - TC_034","webkit","2026-08-14","skipped","2026-08-14","Become a POSP - @regression > Insurance Business Features","generated/become-posp.test.ts","",""
"","1","Verify that thirdparty damage details requirement is displayed - TC_353","mobile-safari","2026-08-14","skipped","2026-08-14","SBI Third Party - Documents Required - @regression","generated/car-module.test.ts","",""
"","17111","Verify that an SBI article is clickable - TC_293","chromium","2026-08-14","failed","2026-08-14","SBI Comprehensive - Latest Articles - @regression","generated/car-module.test.ts","",""
"","0","Verify that the National car insurance option is clickable - TC_189","webkit","2026-08-14","skipped","2026-08-14","Third Party Car Insurance - Car Insurance Companies - @regression","generated/car-module.test.ts","",""
"","0","Verify that the LongTerm ThirdParty Cover for Five Years for Car Owners option is clickable - TC_138","chromium","2026-08-14","skipped","2026-08-14","Third Party Car Insurance - Table of Contents - @regression","generated/car-module.test.ts","",""
"","0","Verify that clicking Get Quotes Without Car Number redirects correctly - TC_308","mobile-safari","2026-08-14","skipped","2026-08-14","SBI Third Party - Top Section - @regression","generated/car-module.test.ts","",""
"","0","Verify that the claim intimation and claim reference number information is displayed - TC_278","mobile-safari","2026-08-14","skipped","2026-08-14","SBI Comprehensive - Claims - @regression","generated/car-module.test.ts","",""
"","5459","Verify that get In Touch CTA is clickable - TC_078","chromium","2026-08-14","passed","2026-08-14","Car Dashboard - @smoke @regression","generated/car-module.test.ts","",""
"","0","Verify that the Features of ThirdParty Car Insurance option is clickable - TC_129","webkit","2026-08-14","skipped","2026-08-14","Third Party Car Insurance - Table of Contents - @regression","generated/car-module.test.ts","",""
"","0","Verify that the available SBI article cards are displayed - TC_292","mobile-safari","2026-08-14","skipped","2026-08-14","SBI Comprehensive - Latest Articles - @regression","generated/car-module.test.ts","",""
"","1","Verify that the Get Quotes Without Car Number CTA is displayed - TC_307","mobile-safari","2026-08-14","skipped","2026-08-14","SBI Third Party - Top Section - @regression","generated/car-module.test.ts","",""
"","0","Verify that Own Damage plan cards display the required information - TC_228","mobile-safari","2026-08-14","skipped","2026-08-14","Car Insurance - Top Car Insurance Plans - Own Damage - @regression","generated/car-module.test.ts","",""
"","1","Verify that the Car Insurance Companies Similar To SBI section is displayed - TC_299","webkit","2026-08-14","skipped","2026-08-14","SBI Comprehensive - Similar Car Insurance Companies - @regression","generated/car-module.test.ts","",""
"","1","Verify that the car insurance renewal link is clickable - TC_195","chromium","2026-08-14","skipped","2026-08-14","Third Party Car Insurance - Importance - @regression","generated/car-module.test.ts","",""
"","0","Verify that the Get Quotes CTA is displayed - TC_305","mobile-safari","2026-08-14","skipped","2026-08-14","SBI Third Party - Top Section - @regression","generated/car-module.test.ts","",""
"","13678","Verify that all garage insurer options are displayed under Cashless Garage - TC_005","chromium","2026-08-14","passed","2026-08-14","Car Dashboard - @smoke @regression","generated/car-module.test.ts","",""
"","1","Verify that the user is able to click on Find Advisor CTA - TC_113","firefox","2026-08-14","skipped","2026-08-14","Life Dropdown & Navigation - @smoke @regression > Life Landing Page Flow","generated/dropdown-navigation.test.ts","",""
"","0","Verify that the ThirdParty Liability information is displayed - TC_321","firefox","2026-08-14","skipped","2026-08-14","SBI Third Party - Overview - @regression","generated/car-module.test.ts","",""
"","0","Verify that the More Insurers option is displayed - TC_366","webkit","2026-08-14","skipped","2026-08-14","SBI Third Party - Other Third Party Plans - @regression","generated/car-module.test.ts","",""
"","0","Verify that the Claim Settlement Ratio section is displayed - TC_323","mobile-chrome","2026-08-14","skipped","2026-08-14","SBI Third Party - Claim Settlement Ratio - @regression","generated/car-module.test.ts","",""
"","0","Verify that advisor distance is visible - TC_101","webkit","2026-08-14","skipped","2026-08-14","Life - Shared Flows - @regression @advisor > Advisor Listing Page Flow","generated/shared-flows.test.ts","",""
"","0","Verify that once user enters Pincode then Submit CTA should enable - TC_088","mobile-chrome","2026-08-14","skipped","2026-08-14","Life - Shared Flows - @regression @advisor > Find Advisor Popup Flow","generated/shared-flows.test.ts","",""
"","19661","Verify that the Claims menu navigates to the Claims section - TC_242","chromium","2026-08-14","failed","2026-08-14","SBI Comprehensive - Section Navigation - @regression","generated/car-module.test.ts","",""
"","0","Verify that the SBI Third Party Car Insurance top section is displayed - TC_302","mobile-chrome","2026-08-14","skipped","2026-08-14","SBI Third Party - Top Section - @regression","generated/car-module.test.ts","",""
"","0","Verify that the user should not allow to enter alphabets - TC_091","chromium","2026-08-14","skipped","2026-08-14","Life - Shared Flows - @regression @advisor > Find Advisor Popup Flow","generated/shared-flows.test.ts","",""
"","1","Verify that the selected Insurer icon is on top of the page - TC_118","webkit","2026-08-14","skipped","2026-08-14","Our partners (BIKE) - @regression > Insurer Landing Page Flow","generated/partners.test.ts","",""
"","0","Verify that the Car Insurance Companies Similar To SBI section is displayed - TC_367","mobile-chrome","2026-08-14","skipped","2026-08-14","SBI Third Party - Similar Car Insurance Companies - @regression","generated/car-module.test.ts","",""
"","0","Verify that the SBI claim settlement ratio is displayed - TC_251","firefox","2026-08-14","skipped","2026-08-14","SBI Comprehensive - Claim Settlement Ratio - @regression","generated/car-module.test.ts","",""
"","0","Verify that the National insurer logoheader is displayed - TC_042","mobile-safari","2026-08-14","skipped","2026-08-14","National Car Insurance - @regression","generated/car-module.test.ts","",""
"","17674","Verify that the available Third Party insurers are displayed - TC_364","chromium","2026-08-14","failed","2026-08-14","SBI Third Party - Other Third Party Plans - @regression","generated/car-module.test.ts","",""
"","0","Verify that the ICICI Lombard car insurance option is clickable - TC_188","firefox","2026-08-14","skipped","2026-08-14","Third Party Car Insurance - Car Insurance Companies - @regression","generated/car-module.test.ts","",""
"","0","Verify that the selected Insurer icon is on top of the page - TC_139","webkit","2026-08-14","skipped","2026-08-14","Our partners (CAR) - @regression > Insurer Landing Page Flow","generated/partners.test.ts","",""
"","0","Verify that the More Insurers option is displayed and clickable - TC_368","firefox","2026-08-14","skipped","2026-08-14","SBI Third Party - Similar Car Insurance Companies - @regression","generated/car-module.test.ts","",""
"","16132","Verify that the available SBI article cards are displayed - TC_359","chromium","2026-08-14","failed","2026-08-14","SBI Third Party - Articles - @regression","generated/car-module.test.ts","",""
"","0","Verify that advisor experience count is visible - TC_074","mobile-chrome","2026-08-14","skipped","2026-08-14","Car Dashboard - @smoke @regression","generated/car-module.test.ts","",""
"","0","Verify that an SBI article is clickable - TC_293","webkit","2026-08-14","skipped","2026-08-14","SBI Comprehensive - Latest Articles - @regression","generated/car-module.test.ts","",""
"","1","Verify that the Car Insurance Companies section is displayed - TC_182","mobile-safari","2026-08-14","skipped","2026-08-14","Third Party Car Insurance - Car Insurance Companies - @regression","generated/car-module.test.ts","",""
"","0","Verify that the user is able to click on Get Quotes CTA - TC_120","mobile-safari","2026-08-14","skipped","2026-08-14","Our partners (BIKE) - @regression > Insurer Landing Page Flow","generated/partners.test.ts","",""
"","0","Verify that the How to Renew ThirdParty Car Insurance Plan option is clickable - TC_145","chromium","2026-08-14","skipped","2026-08-14","Third Party Car Insurance - Table of Contents - @regression","generated/car-module.test.ts","",""
"","0","Verify that the user is able to click on Insurer on the Insurer section - TC_176","mobile-chrome","2026-08-14","skipped","2026-08-14","Our partners (Health) - @regression > Insurer Landing Page Flow","generated/partners.test.ts","",""
"","0","Verify that term Life Plans is clickable - TC_106","firefox","2026-08-14","skipped","2026-08-14","Life Landing Page - @regression @landing","generated/life-landing.test.ts","",""
"","0","Verify that the available addons are displayed - TC_085","mobile-chrome","2026-08-14","skipped","2026-08-14","National Car Insurance Add-ons - @regression","generated/car-module.test.ts","",""
"","20335","Verify that the ThirdParty Liability information is displayed - TC_321","chromium","2026-08-14","failed","2026-08-14","SBI Third Party - Overview - @regression","generated/car-module.test.ts","",""
"","0","Verify that the Overview menu navigates to the Overview section - TC_240","mobile-safari","2026-08-14","skipped","2026-08-14","SBI Comprehensive - Section Navigation - @regression","generated/car-module.test.ts","",""
"","0","Verify that the user should land on Insurer page after selecting Insurer - TC_117","webkit","2026-08-14","skipped","2026-08-14","Our partners (BIKE) - @regression > Insurer Landing Page Flow","generated/partners.test.ts","",""
"","1","Verify that the information provided for each exclusion is displayed correctly - TC_092","firefox","2026-08-14","skipped","2026-08-14","National Car Insurance Exclusions - @regression","generated/car-module.test.ts","",""
"","0","Verify that the Zero Depreciation addon is displayed - TC_263","mobile-safari","2026-08-14","skipped","2026-08-14","SBI Comprehensive - Add-ons - @regression","generated/car-module.test.ts","",""
"","17852","Verify that the Buy Now CTA is displayed for the Third Party plan - TC_074","chromium","2026-08-14","failed","2026-08-14","National Car Insurance Plans - @regression","generated/car-module.test.ts","",""
"","0","Verify that the available Own Damage insurers are displayed - TC_442","mobile-safari","2026-08-14","skipped","2026-08-14","Royal Sundaram Own Damage - Other Own Damage Plans - @regression","generated/car-module.test.ts","",""
"","0","Verify that the claim intimation and claim reference number information is displayed - TC_344","mobile-safari","2026-08-14","skipped","2026-08-14","SBI Third Party - Claims - @regression","generated/car-module.test.ts","",""
"","0","Verify that the Bike dropdown is displayed - TC_007","mobile-safari","2026-08-14","skipped","2026-08-14","Bike Dropdown & Navigation - @smoke @regression > Bike Dropdown","generated/dropdown-navigation.test.ts","",""
"","0","Verify that Key Replacement is displayed - TC_335","webkit","2026-08-14","skipped","2026-08-14","SBI Third Party - Add-ons - @regression","generated/car-module.test.ts","",""
"","0","Verify that the user is able to click on Insurer on the Insurer section - TC_156","mobile-chrome","2026-08-14","skipped","2026-08-14","Our partners (CAR) - @regression > Insurer Landing Page Flow","generated/partners.test.ts","",""
"","20090","Verify that the EMI Protector addon is displayed - TC_272","chromium","2026-08-14","failed","2026-08-14","SBI Comprehensive - Add-ons - @regression","generated/car-module.test.ts","",""
"","16880","Verify that the Third Party plan is displayed - TC_070","chromium","2026-08-14","failed","2026-08-14","National Car Insurance Plans - @regression","generated/car-module.test.ts","",""
"","0","Verify that the Advisor list are relevent to selected Insurer or not - TC_072","webkit","2026-08-14","skipped","2026-08-14","Car Dashboard - @smoke @regression","generated/car-module.test.ts","",""
"","0","Verify that the Features navigation option is clickable - TC_058","webkit","2026-08-14","skipped","2026-08-14","National Car Insurance Navigation - @regression","generated/car-module.test.ts","",""
"","0","Verify that the Royal Sundaram Own Damage Car Insurance Overview section is displayed - TC_386","mobile-chrome","2026-08-14","skipped","2026-08-14","Royal Sundaram Own Damage - Overview - @regression","generated/car-module.test.ts","",""
"","9960","Verify that term Life Plans is clickable - TC_106","chromium","2026-08-14","passed","2026-08-14","Life Dropdown & Navigation - @smoke @regression > Life Landing Page Flow","generated/dropdown-navigation.test.ts","",""
"","17211","Verify that the article cards are displayed - TC_116","chromium","2026-08-14","failed","2026-08-14","National Car Insurance Articles - @regression","generated/car-module.test.ts","",""
"","19710","Verify that SBIs claim settlement ratio is displayed - TC_324","chromium","2026-08-14","failed","2026-08-14","SBI Third Party - Claim Settlement Ratio - @regression","generated/car-module.test.ts","",""
"","0","Verify that the customer is able to interact with the customer support contact number - TC_026","chromium","2026-08-14","skipped","2026-08-14","Raise a Claim - @regression > Contact Support","generated/raise-claim.test.ts","",""
"","0","Verify that the user is able to select any Insurer from our Partner sections - TC_116","mobile-chrome","2026-08-14","skipped","2026-08-14","Our partners (BIKE) - @regression > Insurer Landing Page Flow","generated/partners.test.ts","",""
"","0","Verify that Third Party plan cards display the required information - TC_227","firefox","2026-08-14","skipped","2026-08-14","Car Insurance - Top Car Insurance Plans - Third Party - @regression","generated/car-module.test.ts","",""
"","0","Verify that the customer is able to interact with the support email - TC_027","mobile-safari","2026-08-14","skipped","2026-08-14","Raise a Claim - @regression > Contact Support","generated/raise-claim.test.ts","",""
"","0","Verify that the user is able to click on an FAQ question - TC_178","chromium","2026-08-14","skipped","2026-08-14","Third Party Car Insurance - FAQs - @regression","generated/car-module.test.ts","",""
"","0","Verify that the Addons Under ThirdParty Car Insurance section is displayed - TC_167","firefox","2026-08-14","skipped","2026-08-14","Third Party Car Insurance - @regression","generated/car-module.test.ts","",""
"","0","Verify that the user is able to select Insurer type and click on Find Advisor should land on Find Ad - TC_084","firefox","2026-08-14","skipped","2026-08-14","Life - Shared Flows - @regression @advisor > Home Page Flow","generated/shared-flows.test.ts","",""
"","0","Verify that only the selected FAQ answer is displayed when an FAQ is expanded - TC_180","chromium","2026-08-14","skipped","2026-08-14","Third Party Car Insurance - FAQs - @regression","generated/car-module.test.ts","",""
"","1","Verify that the Check Premium CTA is displayed - TC_078","mobile-safari","2026-08-14","skipped","2026-08-14","National Premium Calculator - @regression","generated/car-module.test.ts","",""
"","0","Verify that the Inconvenience Allowance addon is displayed - TC_267","mobile-safari","2026-08-14","skipped","2026-08-14","SBI Comprehensive - Add-ons - @regression","generated/car-module.test.ts","",""
"","0","Verify that the user is able to select any Insurer from our Partner sections - TC_158","webkit","2026-08-14","skipped","2026-08-14","Our partners (Health) - @regression > Insurer Landing Page Flow","generated/partners.test.ts","",""
"","0","Verify that the claim amount above 1 lakh document requirement is displayed - TC_419","chromium","2026-08-14","skipped","2026-08-14","Royal Sundaram Own Damage - Claims - @regression","generated/car-module.test.ts","",""
"","17443","Verify that the Read More CTA is displayed - TC_282","chromium","2026-08-14","failed","2026-08-14","SBI Comprehensive - Claims - @regression","generated/car-module.test.ts","",""
"","0","Verify that the No Claim Bonus Protection addon is displayed - TC_264","webkit","2026-08-14","skipped","2026-08-14","SBI Comprehensive - Add-ons - @regression","generated/car-module.test.ts","",""
"","1","Verify that pension retirement is clickable - TC_109","chromium","2026-08-14","skipped","2026-08-14","Life Landing Page - @regression @landing","generated/life-landing.test.ts","",""
"","0","Verify that advisor policy sold count is visible - TC_049","mobile-safari","2026-08-14","skipped","2026-08-14","Bike - Shared Flows - @regression @advisor > Advisor Listing Page Flow","generated/shared-flows.test.ts","",""
"","1","Verify that thirdparty damage details requirement is displayed - TC_287","mobile-chrome","2026-08-14","skipped","2026-08-14","SBI Comprehensive - Documents Required For Claims - @regression","generated/car-module.test.ts","",""
"","0","Verify that submit CTA is disable for blank Pincode - TC_036","mobile-safari","2026-08-14","skipped","2026-08-14","Bike - Shared Flows - @regression @advisor > Find Advisor Popup Flow","generated/shared-flows.test.ts","",""
"","0","Verify that a network hospital link is clickable - TC_016","webkit","2026-08-14","skipped","2026-08-14","Health Dropdown & Navigation - @smoke @regression > Network Hospitals","generated/dropdown-navigation.test.ts","",""
"","0","Verify that with invalid Pincode - TC_038","mobile-safari","2026-08-14","skipped","2026-08-14","Bike - Shared Flows - @regression @advisor > Find Advisor Popup Flow","generated/shared-flows.test.ts","",""
"","0","Verify that the Car Insurance link is clickable - TC_153","mobile-safari","2026-08-14","skipped","2026-08-14","Third Party Car Insurance - Get Best Insurance Quotes - @regression","generated/car-module.test.ts","",""
"","0","Verify that an SBI article is clickable - TC_360","firefox","2026-08-14","skipped","2026-08-14","SBI Third Party - Articles - @regression","generated/car-module.test.ts","",""
"","0","Verify that the user is able to get Book an Expert call Section of right side of page - TC_129","mobile-chrome","2026-08-14","skipped","2026-08-14","Our partners (BIKE) - @regression > Insurer Landing Page Flow","generated/partners.test.ts","",""
"","17498","Verify that the Documents Required For Claims section is displayed - TC_283","chromium","2026-08-14","failed","2026-08-14","SBI Comprehensive - Documents Required For Claims - @regression","generated/car-module.test.ts","",""
"","0","Verify that the Claims Processed statistic is displayed - TC_213","mobile-chrome","2026-08-14","skipped","2026-08-14","Car Insurance - Insurance Experience - @regression","generated/car-module.test.ts","",""
"","0","Verify that the FAQs option is clickable - TC_149","chromium","2026-08-14","skipped","2026-08-14","Third Party Car Insurance - Table of Contents - @regression","generated/car-module.test.ts","",""
"","0","Verify that the user is able to click on Read More CTA - TC_146","mobile-chrome","2026-08-14","skipped","2026-08-14","Our partners (CAR) - @regression > Insurer Landing Page Flow","generated/partners.test.ts","",""
"","0","Verify that the Health Insurance link is clickable - TC_199","firefox","2026-08-14","skipped","2026-08-14","Third Party Car Insurance - Get Best Insurance Quotes - @regression","generated/car-module.test.ts","",""
"","0","Verify that the user is able to enter Pincode - TC_035","firefox","2026-08-14","skipped","2026-08-14","Bike - Shared Flows - @regression @advisor > Find Advisor Popup Flow","generated/shared-flows.test.ts","",""
"","0","Verify that the Turtlemint renewal process is displayed - TC_434","webkit","2026-08-14","skipped","2026-08-14","Royal Sundaram Own Damage - Renewal - @regression","generated/car-module.test.ts","",""
"","17669","Verify that the National Premium Calculator section is displayed - TC_075","chromium","2026-08-14","failed","2026-08-14","National Premium Calculator - @regression","generated/car-module.test.ts","",""
"","0","Verify that the user is able to click on the Third Party Car Insurance link - TC_051","firefox","2026-08-14","skipped","2026-08-14","National Car Insurance - @regression","generated/car-module.test.ts","",""
"","0","Verify that all garage insurer options are displayed under Cashless Garage - TC_005","mobile-safari","2026-08-14","skipped","2026-08-14","Car Dashboard - @smoke @regression","generated/car-module.test.ts","",""
"","0","Verify that the Read More CTA is displayed - TC_282","firefox","2026-08-14","skipped","2026-08-14","SBI Comprehensive - Claims - @regression","generated/car-module.test.ts","",""
"","1","Verify that the car registration number field is displayed - TC_394","firefox","2026-08-14","skipped","2026-08-14","Royal Sundaram Own Damage - Premium Calculator - @regression","generated/car-module.test.ts","",""
"","14","Verify that the user is able to click on the Become A POSP CTA - TC_031","webkit","2026-08-14","skipped","2026-08-14","Become a POSP - @regression > POSP Navigation","generated/become-posp.test.ts","",""
"","0","Verify that the available car insurance plan categories are displayed - TC_222","chromium","2026-08-14","skipped","2026-08-14","Car Insurance - Top Car Insurance Plans - @regression","generated/car-module.test.ts","",""
"","0","Verify that the HDFC ERGO car insurance option is clickable - TC_187","chromium","2026-08-14","skipped","2026-08-14","Third Party Car Insurance - Car Insurance Companies - @regression","generated/car-module.test.ts","",""
"","0","Verify that the Health Insurance page is displayed - TC_200","webkit","2026-08-14","skipped","2026-08-14","Health Dropdown & Navigation - @smoke @regression > Health Insurance","generated/dropdown-navigation.test.ts","",""
"","18613","Verify that the Get Quotes Without Car Number CTA is displayed - TC_330","chromium","2026-08-14","failed","2026-08-14","SBI Third Party - Premium Calculator - @regression","generated/car-module.test.ts","",""
"","0","Verify that the Claim Settlement Ratio menu navigates to the Claim Settlement Ratio section - TC_244","mobile-chrome","2026-08-14","skipped","2026-08-14","SBI Comprehensive - Section Navigation - @regression","generated/car-module.test.ts","",""
"","0","Verify that the Additional Roadside Assistance addon is displayed - TC_271","mobile-chrome","2026-08-14","skipped","2026-08-14","SBI Comprehensive - Add-ons - @regression","generated/car-module.test.ts","",""
"","9010","Verify that advisor experience count is visible - TC_074","chromium","2026-08-14","passed","2026-08-14","Car Dashboard - @smoke @regression","generated/car-module.test.ts","",""
"","0","Verify that the user is able to get Book an Expert call Section of right side of page - TC_129","mobile-safari","2026-08-14","skipped","2026-08-14","Our partners (BIKE) - @regression > Insurer Landing Page Flow","generated/partners.test.ts","",""
"","1","Verify that the user should land on Insurer page after selecting Insurer - TC_117","firefox","2026-08-14","skipped","2026-08-14","Our partners (BIKE) - @regression > Insurer Landing Page Flow","generated/partners.test.ts","",""
"","0","Verify that clicking on Plans it redirect to life Profile page - TC_110","webkit","2026-08-14","skipped","2026-08-14","Life Landing Page - @regression @landing","generated/life-landing.test.ts","",""
"","0","Verify that the user is able to click on the SIGN UP CTA - TC_037","firefox","2026-08-14","skipped","2026-08-14","Become a POSP - @regression > POSP Navigation","generated/become-posp.test.ts","",""
"","0","Verify that the National insurer logoheader is displayed - TC_042","firefox","2026-08-14","skipped","2026-08-14","National Car Insurance - @regression","generated/car-module.test.ts","",""
"","0","Verify that the selected Insurer is present on top of the page - TC_016","mobile-chrome","2026-08-14","skipped","2026-08-14","Health - Shared Flows - @regression @advisor > Advisor Listing Page Flow","generated/shared-flows.test.ts","",""
"","0","Verify that the three insurance options are displayed - TC_207","mobile-safari","2026-08-14","skipped","2026-08-14","Car Insurance - Top Quote Section - @regression","generated/car-module.test.ts","",""
"","0","Verify that the User should redirect to Bike profile page on clicking Get a Quote CTA - TC_032","firefox","2026-08-14","skipped","2026-08-14","Bike - Shared Flows - @regression @advisor > Home Page Flow","generated/shared-flows.test.ts","",""
"","0","Verify that Bifuel Kit Cover is displayed - TC_332","firefox","2026-08-14","skipped","2026-08-14","SBI Third Party - Add-ons - @regression","generated/car-module.test.ts","",""
"","6510","Verify that the user is able to select insurance type - TC_053","chromium","2026-08-14","passed","2026-08-14","Car Dashboard - @smoke @regression","generated/car-module.test.ts","",""
"","0","Verify that the user should get this Pincode not found for invalid Pincode - TC_065","mobile-chrome","2026-08-14","skipped","2026-08-14","Car Dashboard - @smoke @regression","generated/car-module.test.ts","",""
"","0","Verify that the Bajaj car insurance option is clickable - TC_184","mobile-safari","2026-08-14","skipped","2026-08-14","Third Party Car Insurance - Car Insurance Companies - @regression","generated/car-module.test.ts","",""
"","0","Verify that the claim form and required documents are mentioned - TC_345","mobile-chrome","2026-08-14","skipped","2026-08-14","SBI Third Party - Claims - @regression","generated/car-module.test.ts","",""
"","0","Verify that the Year of Inception information card is displayed - TC_047","webkit","2026-08-14","skipped","2026-08-14","National Car Insurance - @regression","generated/car-module.test.ts","",""
"","18326","Verify that the Car Insurance Companies Similar To SBI section is displayed - TC_299","chromium","2026-08-14","failed","2026-08-14","SBI Comprehensive - Similar Car Insurance Companies - @regression","generated/car-module.test.ts","",""
"","0","Verify that the Third Party plan is displayed - TC_070","firefox","2026-08-14","skipped","2026-08-14","National Car Insurance Plans - @regression","generated/car-module.test.ts","",""
"","0","Verify that the car number input field is displayed in the Premium Calculator section - TC_076","mobile-safari","2026-08-14","skipped","2026-08-14","National Premium Calculator - @regression","generated/car-module.test.ts","",""
"","0","Verify that the More Insurers option is displayed - TC_300","mobile-safari","2026-08-14","skipped","2026-08-14","SBI Comprehensive - Similar Car Insurance Companies - @regression","generated/car-module.test.ts","",""
"","1","Verify that the user should not allow to enter alphabets - TC_040","webkit","2026-08-14","skipped","2026-08-14","Bike - Shared Flows - @regression @advisor > Find Advisor Popup Flow","generated/shared-flows.test.ts","",""
"","0","Verify that the Renewal navigation option is clickable - TC_060","mobile-safari","2026-08-14","skipped","2026-08-14","National Car Insurance Navigation - @regression","generated/car-module.test.ts","",""
"","0","Verify that the user is able to click on the Comprehensive Car Insurance link - TC_052","mobile-chrome","2026-08-14","skipped","2026-08-14","National Car Insurance - @regression","generated/car-module.test.ts","",""
"","0","Verify that the user is able to click on More CTA - TC_125","webkit","2026-08-14","skipped","2026-08-14","Our partners (BIKE) - @regression > Insurer Landing Page Flow","generated/partners.test.ts","",""
"","0","Verify that the FAQ answer content is displayed correctly - TC_181","mobile-chrome","2026-08-14","skipped","2026-08-14","Third Party Car Insurance - FAQs - @regression","generated/car-module.test.ts","",""
"","1","Verify that the user is able to click on Get a Quote CTA - TC_029","firefox","2026-08-14","skipped","2026-08-14","Bike - Shared Flows - @regression @advisor > Home Page Flow","generated/shared-flows.test.ts","",""
"","0","Verify that the policy cancellation FAQ is displayed - TC_450","mobile-chrome","2026-08-14","skipped","2026-08-14","Royal Sundaram Own Damage - FAQs - @regression","generated/car-module.test.ts","",""
"","0","Verify that an insurer link redirects to the corresponding page - TC_297","mobile-safari","2026-08-14","skipped","2026-08-14","SBI Comprehensive - Other Comprehensive Car Insurance Plans - @regression","generated/car-module.test.ts","",""
"","2","Verify that all sections are displayed in the Life dropdown - TC_018","firefox","2026-08-14","skipped","2026-08-14","Life Dropdown & Navigation - @smoke @regression > Life Dropdown","generated/dropdown-navigation.test.ts","",""
"","3","Verify that the customer care contact details are displayed - TC_105","mobile-chrome","2026-08-14","skipped","2026-08-14","National Car Insurance Customer Care - @regression","generated/car-module.test.ts","",""
"","0","Verify that the Inclusions of ThirdParty Car Insurance option is clickable - TC_134","webkit","2026-08-14","skipped","2026-08-14","Third Party Car Insurance - Table of Contents - @regression","generated/car-module.test.ts","",""
"","17556","Verify that the National Car Insurance Renewal section is displayed - TC_093","chromium","2026-08-14","failed","2026-08-14","National Car Insurance Renewal - @regression","generated/car-module.test.ts","",""
"","16962","Verify that the Addons section provides the expected information - TC_086","chromium","2026-08-14","failed","2026-08-14","National Car Insurance Add-ons - @regression","generated/car-module.test.ts","",""
"","19318","Verify that the View All Articles CTA is displayed - TC_118","chromium","2026-08-14","failed","2026-08-14","National Car Insurance Articles - @regression","generated/car-module.test.ts","",""
"","1","Verify that the Registration Certificate requirement is displayed - TC_284","mobile-chrome","2026-08-14","skipped","2026-08-14","SBI Comprehensive - Documents Required For Claims - @regression","generated/car-module.test.ts","",""
"","0","Verify that this Please enter the pincode error message should come if user not enters pincode - TC_111","chromium","2026-08-14","skipped","2026-08-14","Life Landing Page - @regression @landing","generated/life-landing.test.ts","",""
"","0","Verify that the user is able to click on the Raise a Claim CTA - TC_021","webkit","2026-08-14","skipped","2026-08-14","Raise a Claim - @regression > Raise a Claim Flow","generated/raise-claim.test.ts","",""
"","0","Verify that the user is able to complete the action successfully click on More Dropdown - TC_169","webkit","2026-08-14","skipped","2026-08-14","Our partners (Health) - @regression > Insurer Landing Page Flow","generated/partners.test.ts","",""
"","17525","Verify that the Registration Certificate requirement is displayed - TC_284","chromium","2026-08-14","failed","2026-08-14","SBI Comprehensive - Documents Required For Claims - @regression","generated/car-module.test.ts","",""
"","0","Verify that thirdparty damage details requirement is displayed - TC_353","webkit","2026-08-14","skipped","2026-08-14","SBI Third Party - Documents Required - @regression","generated/car-module.test.ts","",""
"","0","Verify that the How to Get the Cheapest ThirdParty Car Insurance option is clickable - TC_147","chromium","2026-08-14","skipped","2026-08-14","Third Party Car Insurance - Table of Contents - @regression","generated/car-module.test.ts","",""
"","0","Verify that Network Hospitals should be present on top of the page - TC_164","mobile-safari","2026-08-14","skipped","2026-08-14","Our partners (Health) - @regression > Insurer Landing Page Flow","generated/partners.test.ts","",""
"","0","Verify that the Documents Required For Claims section is displayed - TC_349","firefox","2026-08-14","skipped","2026-08-14","SBI Third Party - Documents Required - @regression","generated/car-module.test.ts","",""
"","0","Verify that the SBI Customer Care number is displayed - TC_356","mobile-safari","2026-08-14","skipped","2026-08-14","SBI Third Party - Customer Care - @regression","generated/car-module.test.ts","",""
"","0","Verify that the Documents Required For Claims section is displayed - TC_349","mobile-chrome","2026-08-14","skipped","2026-08-14","SBI Third Party - Documents Required - @regression","generated/car-module.test.ts","",""
"","0","Verify that home functionality is redirecting to Homepage or not - TC_045","firefox","2026-08-14","skipped","2026-08-14","Bike - Shared Flows - @regression @advisor > Advisor Listing Page Flow","generated/shared-flows.test.ts","",""
"","0","Verify that the car registration number field is displayed - TC_327","webkit","2026-08-14","skipped","2026-08-14","SBI Third Party - Premium Calculator - @regression","generated/car-module.test.ts","",""
"","0","Verify that the Premium Calculator menu navigates to the Premium Calculator section - TC_380","mobile-safari","2026-08-14","skipped","2026-08-14","Royal Sundaram Own Damage - Section Navigation - @regression","generated/car-module.test.ts","",""
"","0","Verify that the car registration number field is displayed - TC_203","firefox","2026-08-14","skipped","2026-08-14","Car Insurance - Top Quote Section - @regression","generated/car-module.test.ts","",""
"","0","Verify that the Get Quotes CTA is displayed - TC_371","mobile-chrome","2026-08-14","skipped","2026-08-14","Royal Sundaram Own Damage - Top Section - @regression","generated/car-module.test.ts","",""
"","0","Verify that the Benefits of FourWheeler ThirdParty Insurance option is clickable - TC_130","webkit","2026-08-14","skipped","2026-08-14","Third Party Car Insurance - Table of Contents - @regression","generated/car-module.test.ts","",""
"","20126","Download app link points to the onelink.me app store router","Default Suite","2026-08-14","broken","2026-08-14","com.turtlemint.tests.HomePageTests","TestNGTest-b75c0071-a888-4bd8-a5a2-6608d13b6850","com.turtlemint.tests.HomePageTests","verifyDownloadAppLinkIsValid"
"","1","Verify that the Plans navigation option is clickable - TC_056","firefox","2026-08-14","skipped","2026-08-14","National Car Insurance Navigation - @regression","generated/car-module.test.ts","",""
"","0","Verify that the selected Pincode is present on top of the page - TC_069","mobile-safari","2026-08-14","skipped","2026-08-14","Car Dashboard - @smoke @regression","generated/car-module.test.ts","",""
"","0","Verify that the car registration number field is displayed - TC_254","webkit","2026-08-14","skipped","2026-08-14","SBI Comprehensive - Premium Calculator - @regression","generated/car-module.test.ts","",""
"","0","Verify that the LongTerm ThirdParty Cover for Five Years for Car Owners option is clickable - TC_138","mobile-safari","2026-08-14","skipped","2026-08-14","Third Party Car Insurance - Table of Contents - @regression","generated/car-module.test.ts","",""
"","0","Verify that the Why Choose Turtlemint option is clickable - TC_148","mobile-chrome","2026-08-14","skipped","2026-08-14","Third Party Car Insurance - Table of Contents - @regression","generated/car-module.test.ts","",""
"","15969","Verify that the Driving License requirement is displayed - TC_285","chromium","2026-08-14","failed","2026-08-14","SBI Comprehensive - Documents Required For Claims - @regression","generated/car-module.test.ts","",""
"","0","Verify that the Points to Note When Raising a ThirdParty Car Insurance Claim option is clickable - TC_144","mobile-safari","2026-08-14","skipped","2026-08-14","Third Party Car Insurance - Table of Contents - @regression","generated/car-module.test.ts","",""
"","0","Verify that the National Car Insurance Addons section is displayed - TC_084","webkit","2026-08-14","skipped","2026-08-14","National Car Insurance Add-ons - @regression","generated/car-module.test.ts","",""
"","0","Verify that the warning against repairingdismantling the vehicle is displayed - TC_414","mobile-safari","2026-08-14","skipped","2026-08-14","Royal Sundaram Own Damage - Claims - @regression","generated/car-module.test.ts","",""
"","1","Verify that the Buy Now CTA is displayed for the Comprehensive plan - TC_073","mobile-chrome","2026-08-14","skipped","2026-08-14","National Car Insurance Plans - @regression","generated/car-module.test.ts","",""
"","0","Verify that the renewal process information is displayed - TC_094","webkit","2026-08-14","skipped","2026-08-14","National Car Insurance Renewal - @regression","generated/car-module.test.ts","",""
"","0","Verify that the Buy Now CTA is displayed for the Third Party plan - TC_074","mobile-chrome","2026-08-14","skipped","2026-08-14","National Car Insurance Plans - @regression","generated/car-module.test.ts","",""
"","1","Verify that the user is able to select any Insurer from our Partner sections - TC_137","firefox","2026-08-14","skipped","2026-08-14","Our partners (CAR) - @regression > Insurer Landing Page Flow","generated/partners.test.ts","",""
"","18473","Verify that the Royal Sundaram Own Damage Car Insurance top section is displayed - TC_369","chromium","2026-08-14","failed","2026-08-14","Royal Sundaram Own Damage - Top Section - @regression","generated/car-module.test.ts","",""
"","1","Verify that the additional car insurance companies are displayed after clicking View More - TC_192","mobile-chrome","2026-08-14","skipped","2026-08-14","Third Party Car Insurance - Car Insurance Companies - @regression","generated/car-module.test.ts","",""
"","1","Verify that the Royal Sundaram Customer Care section is displayed - TC_429","firefox","2026-08-14","skipped","2026-08-14","Royal Sundaram Own Damage - Customer Care - @regression","generated/car-module.test.ts","",""
"","17535","Verify that the More Insurers option is displayed - TC_366","chromium","2026-08-14","failed","2026-08-14","SBI Third Party - Other Third Party Plans - @regression","generated/car-module.test.ts","",""
"","1","Verify that the Why Choose Turtlemint section is displayed - TC_176","mobile-safari","2026-08-14","skipped","2026-08-14","Third Party Car Insurance - @regression","generated/car-module.test.ts","",""
"","0","Verify that the Claim Settlement Ratio menu navigates to the Claim Settlement Ratio section - TC_383","firefox","2026-08-14","skipped","2026-08-14","Royal Sundaram Own Damage - Section Navigation - @regression","generated/car-module.test.ts","",""
"","0","Verify that the user is able to complete the action successfully click on More Dropdown - TC_149","firefox","2026-08-14","skipped","2026-08-14","Our partners (CAR) - @regression > Insurer Landing Page Flow","generated/partners.test.ts","",""
"","4","Verify that the SBI Comprehensive Insurance card details are displayed - TC_230","webkit","2026-08-14","skipped","2026-08-14","Car Insurance - Top Car Insurance Plans - Comprehensive - @regression","generated/car-module.test.ts","",""
"","0","Verify that the user is able to click on Insurer on the Insurer section - TC_156","mobile-safari","2026-08-14","skipped","2026-08-14","Our partners (CAR) - @regression > Insurer Landing Page Flow","generated/partners.test.ts","",""
"","19","Trust-stats section (advisors/customers/policies) is present","Default Suite","2026-08-14","passed","2026-08-14","com.turtlemint.tests.HomePageTests","TestNGTest-aef7d058-1cd0-46e2-b000-19d254d7c2be","com.turtlemint.tests.HomePageTests","verifyTrustStatsSectionPresent"
"","0","Verify that the Documents Required For Claims section is displayed - TC_422","mobile-chrome","2026-08-14","skipped","2026-08-14","Royal Sundaram Own Damage - Documents Required - @regression","generated/car-module.test.ts","",""
"","0","Verify that Personal Accident Cover is displayed - TC_410","firefox","2026-08-14","skipped","2026-08-14","Royal Sundaram Own Damage - Add-ons - @regression","generated/car-module.test.ts","",""
"","0","Verify that the user is able to complete the action successfully click on More Dropdown - TC_149","chromium","2026-08-14","skipped","2026-08-14","Our partners (CAR) - @regression > Insurer Landing Page Flow","generated/partners.test.ts","",""
"","1","Verify that the Advisor list are relevent to selected Insurer or not - TC_097","webkit","2026-08-14","skipped","2026-08-14","Life - Shared Flows - @regression @advisor > Advisor Listing Page Flow","generated/shared-flows.test.ts","",""
"","1","Verify that pension retirement is clickable - TC_109","firefox","2026-08-14","skipped","2026-08-14","Life Dropdown & Navigation - @smoke @regression > Life Landing Page Flow","generated/dropdown-navigation.test.ts","",""
"","0","Verify that the Get Best Insurance Quotes For section is displayed - TC_150","mobile-safari","2026-08-14","skipped","2026-08-14","Third Party Car Insurance - Get Best Insurance Quotes - @regression","generated/car-module.test.ts","",""
"","0","Verify that the SBI Comprehensive Car Insurance Overview section is displayed - TC_247","firefox","2026-08-14","skipped","2026-08-14","SBI Comprehensive - Overview - @regression","generated/car-module.test.ts","",""
"","0","Verify that the branch count is displayed - TC_310","webkit","2026-08-14","skipped","2026-08-14","SBI Third Party - Top Section - @regression","generated/car-module.test.ts","",""
"","0","Verify that the National insurer logoheader is displayed - TC_042","mobile-chrome","2026-08-14","skipped","2026-08-14","National Car Insurance - @regression","generated/car-module.test.ts","",""
"","0","Verify that advisor experience count is visible - TC_074","mobile-safari","2026-08-14","skipped","2026-08-14","Car Dashboard - @smoke @regression","generated/car-module.test.ts","",""
"","0","Verify that the rightside section navigation menu is displayed - TC_378","firefox","2026-08-14","skipped","2026-08-14","Royal Sundaram Own Damage - Section Navigation - @regression","generated/car-module.test.ts","",""
"","0","Verify that the user is able to click on Get a Quote CTA - TC_081","mobile-chrome","2026-08-14","skipped","2026-08-14","Life - Shared Flows - @regression @advisor > Home Page Flow","generated/shared-flows.test.ts","",""
"","0","Verify that the three insurance options are displayed - TC_207","webkit","2026-08-14","skipped","2026-08-14","Car Insurance - Top Quote Section - @regression","generated/car-module.test.ts","",""
"","0","Verify that the National Car Insurance Addons section is displayed - TC_084","mobile-safari","2026-08-14","skipped","2026-08-14","National Car Insurance Add-ons - @regression","generated/car-module.test.ts","",""
"","0","Verify that advisor experience count is visible - TC_074","webkit","2026-08-14","skipped","2026-08-14","Car Dashboard - @smoke @regression","generated/car-module.test.ts","",""
"","0","Verify that the customer is able to interact with the support email - TC_027","firefox","2026-08-14","skipped","2026-08-14","Raise a Claim - @regression > Contact Support","generated/raise-claim.test.ts","",""
"","0","Verify that advisor profile picture is visible - TC_047","chromium","2026-08-14","skipped","2026-08-14","Bike - Shared Flows - @regression @advisor > Advisor Listing Page Flow","generated/shared-flows.test.ts","",""
"","0","Verify that Windshield Glass Cover is displayed - TC_400","chromium","2026-08-14","skipped","2026-08-14","Royal Sundaram Own Damage - Add-ons - @regression","generated/car-module.test.ts","",""
"","0","Verify that the user is able to click on Read More CTA - TC_146","chromium","2026-08-14","skipped","2026-08-14","Our partners (CAR) - @regression > Insurer Landing Page Flow","generated/partners.test.ts","",""
"","0","Verify that the SBI Customer Care number is displayed - TC_289","firefox","2026-08-14","skipped","2026-08-14","SBI Comprehensive - Customer Care - @regression","generated/car-module.test.ts","",""
"","0","Verify that Policies Issued should be present on top of the page - TC_162","webkit","2026-08-14","skipped","2026-08-14","Our partners (Health) - @regression > Insurer Landing Page Flow","generated/partners.test.ts","",""
"","0","Verify that the Personal Belonging Cover addon is displayed - TC_266","webkit","2026-08-14","skipped","2026-08-14","SBI Comprehensive - Add-ons - @regression","generated/car-module.test.ts","",""
"","0","Verify that Cashless Garages should be present on top of the page - TC_124","webkit","2026-08-14","skipped","2026-08-14","Our partners (BIKE) - @regression > Insurer Landing Page Flow","generated/partners.test.ts","",""
"","1","Verify that the user can select different Insurer from dropdown - TC_070","mobile-safari","2026-08-14","skipped","2026-08-14","Car Dashboard - @smoke @regression","generated/car-module.test.ts","",""
"","0","Verify that all available features are displayed - TC_088","webkit","2026-08-14","skipped","2026-08-14","National Car Insurance Features - @regression","generated/car-module.test.ts","",""
"","0","Verify that No Claim Bonus Protection is displayed - TC_334","mobile-safari","2026-08-14","skipped","2026-08-14","SBI Third Party - Add-ons - @regression","generated/car-module.test.ts","",""
"","0","Verify that Personal Belonging Cover is displayed - TC_336","mobile-safari","2026-08-14","skipped","2026-08-14","SBI Third Party - Add-ons - @regression","generated/car-module.test.ts","",""
"","0","Verify that the claim process information is displayed - TC_259","mobile-chrome","2026-08-14","skipped","2026-08-14","SBI Comprehensive - Claims - @regression","generated/car-module.test.ts","",""
"","0","Verify that the FAQs option is clickable - TC_108","webkit","2026-08-14","skipped","2026-08-14","National Car Insurance - More - @regression","generated/car-module.test.ts","",""
"","2","Verify that the industry average claim settlement ratio is displayed - TC_252","mobile-safari","2026-08-14","skipped","2026-08-14","SBI Comprehensive - Claim Settlement Ratio - @regression","generated/car-module.test.ts","",""
"","0","Verify that the More dropdown is displayed - TC_106","mobile-chrome","2026-08-14","skipped","2026-08-14","National Car Insurance - More - @regression","generated/car-module.test.ts","",""
"","0","Verify that the Read More CTA is displayed - TC_322","mobile-safari","2026-08-14","skipped","2026-08-14","SBI Third Party - Overview - @regression","generated/car-module.test.ts","",""
"","0","Verify that the user is navigated to the Third Party Car Insurance page - TC_119","chromium","2026-08-14","skipped","2026-08-14","Third Party Car Insurance - @regression","generated/car-module.test.ts","",""
"","0","Verify that the cashless garage information is displayed - TC_082","mobile-chrome","2026-08-14","skipped","2026-08-14","National Cashless Garages - @regression","generated/car-module.test.ts","",""
"","0","Verify that the Check Premium CTA is displayed - TC_329","mobile-safari","2026-08-14","skipped","2026-08-14","SBI Third Party - Premium Calculator - @regression","generated/car-module.test.ts","",""
"","0","Verify that the available Own Damage insurers are displayed - TC_442","chromium","2026-08-14","skipped","2026-08-14","Royal Sundaram Own Damage - Other Own Damage Plans - @regression","generated/car-module.test.ts","",""
"","0","Verify that the middleside section navigation menu is displayed - TC_239","mobile-safari","2026-08-14","skipped","2026-08-14","SBI Comprehensive - Top Section - @regression","generated/car-module.test.ts","",""
"","0","Verify that the National Car Insurance Addons section is displayed - TC_084","firefox","2026-08-14","skipped","2026-08-14","National Car Insurance Add-ons - @regression","generated/car-module.test.ts","",""
"","0","Verify that clicking on Plans it redirect to life Profile page - TC_110","mobile-chrome","2026-08-14","skipped","2026-08-14","Life Dropdown & Navigation - @smoke @regression > Life Landing Page Flow","generated/dropdown-navigation.test.ts","",""
"","0","Verify that the Policies Sold statistic is displayed - TC_214","mobile-safari","2026-08-14","skipped","2026-08-14","Car Insurance - Insurance Experience - @regression","generated/car-module.test.ts","",""
"","0","Verify that the Benefits of FourWheeler ThirdParty Insurance section is displayed - TC_158","mobile-safari","2026-08-14","skipped","2026-08-14","Third Party Car Insurance - @regression","generated/car-module.test.ts","",""
"","0","Verify that the Premium Calculator section is displayed - TC_393","mobile-safari","2026-08-14","skipped","2026-08-14","Royal Sundaram Own Damage - Premium Calculator - @regression","generated/car-module.test.ts","",""
"","0","Verify that Personal Belonging Cover is displayed - TC_336","webkit","2026-08-14","skipped","2026-08-14","SBI Third Party - Add-ons - @regression","generated/car-module.test.ts","",""
"","0","Verify that the How To Raise A Claim Under SBI Third Party Car Insurance section is displayed - TC_343","mobile-safari","2026-08-14","skipped","2026-08-14","SBI Third Party - Claims - @regression","generated/car-module.test.ts","",""
"","0","Verify that the Personal Accident addon is displayed - TC_274","firefox","2026-08-14","skipped","2026-08-14","SBI Comprehensive - Add-ons - @regression","generated/car-module.test.ts","",""
"","0","Verify that the Turtlemint renewal process is displayed - TC_434","firefox","2026-08-14","skipped","2026-08-14","Royal Sundaram Own Damage - Renewal - @regression","generated/car-module.test.ts","",""
"","0","Verify that the What is depreciation deduction FAQ is displayed - TC_448","webkit","2026-08-14","skipped","2026-08-14","Royal Sundaram Own Damage - FAQs - @regression","generated/car-module.test.ts","",""
"","0","Verify that the user should not allow to enter alphabets - TC_040","mobile-safari","2026-08-14","skipped","2026-08-14","Bike - Shared Flows - @regression @advisor > Find Advisor Popup Flow","generated/shared-flows.test.ts","",""
"","0","Verify that once user scroll the page to bottom then the page tabs should be on TOP - TC_167","webkit","2026-08-14","skipped","2026-08-14","Our partners (Health) - @regression > Insurer Landing Page Flow","generated/partners.test.ts","",""
"","0","Verify that the Features of ThirdParty Car Insurance section is displayed - TC_157","chromium","2026-08-14","skipped","2026-08-14","Third Party Car Insurance - @regression","generated/car-module.test.ts","",""
"","0","Verify that the Third Party plans are displayed - TC_224","mobile-chrome","2026-08-14","skipped","2026-08-14","Car Insurance - Top Car Insurance Plans - Third Party - @regression","generated/car-module.test.ts","",""
"","1","Verify that the user is able to click on the SIGN UP CTA - TC_037","webkit","2026-08-14","skipped","2026-08-14","Become a POSP - @regression > POSP Navigation","generated/become-posp.test.ts","",""
"","1","Verify that the How to Buy ThirdParty Car Insurance Online from Turtlemint option is clickable - TC_146","chromium","2026-08-14","skipped","2026-08-14","Third Party Car Insurance - Table of Contents - @regression","generated/car-module.test.ts","",""
"","0","Verify that Consumable Cover is displayed - TC_340","firefox","2026-08-14","skipped","2026-08-14","SBI Third Party - Add-ons - @regression","generated/car-module.test.ts","",""
"","0","Verify that the User should redirect to Bike profile page on clicking Get a Quote CTA - TC_032","mobile-safari","2026-08-14","skipped","2026-08-14","Bike - Shared Flows - @regression @advisor > Home Page Flow","generated/shared-flows.test.ts","",""
"","1","Verify that the surveyor and claim assessment information is displayed - TC_280","webkit","2026-08-14","skipped","2026-08-14","SBI Comprehensive - Claims - @regression","generated/car-module.test.ts","",""
"","0","Verify that the Registration Certificate requirement is displayed - TC_284","firefox","2026-08-14","skipped","2026-08-14","SBI Comprehensive - Documents Required For Claims - @regression","generated/car-module.test.ts","",""
"","6457","Verify that advisor distance is visible - TC_076","chromium","2026-08-14","passed","2026-08-14","Car Dashboard - @smoke @regression","generated/car-module.test.ts","",""
"","0","Verify that the user is able to get Insurer list on the right side of the page - TC_155","mobile-safari","2026-08-14","skipped","2026-08-14","Our partners (CAR) - @regression > Insurer Landing Page Flow","generated/partners.test.ts","",""
"","0","Verify that the ThirdParty vs Comprehensive Car Insurance Plans option is clickable - TC_140","webkit","2026-08-14","skipped","2026-08-14","Third Party Car Insurance - Table of Contents - @regression","generated/car-module.test.ts","",""
"","0","Verify that the user is able to click on Find Advisor CTA - TC_054","mobile-chrome","2026-08-14","skipped","2026-08-14","Car Dashboard - @smoke @regression","generated/car-module.test.ts","",""
"","0","Verify that the user is able to click on View all article CTA - TC_174","webkit","2026-08-14","skipped","2026-08-14","Our partners (Health) - @regression > Insurer Landing Page Flow","generated/partners.test.ts","",""
"","0","Verify that the selected Insurer is present on top of the page - TC_042","chromium","2026-08-14","skipped","2026-08-14","Bike - Shared Flows - @regression @advisor > Advisor Listing Page Flow","generated/shared-flows.test.ts","",""
"","0","Verify that the user is redirected to the Turtlemint Pro platform after clicking Become a POSP - TC_036","webkit","2026-08-14","skipped","2026-08-14","Become a POSP - @regression > POSP Navigation","generated/become-posp.test.ts","",""
"","0","Verify that the Exclusions of ThirdParty Car Insurance option is clickable - TC_135","webkit","2026-08-14","skipped","2026-08-14","Third Party Car Insurance - Table of Contents - @regression","generated/car-module.test.ts","",""
"","0","Verify that the user is able to enter the car registration number - TC_204","mobile-safari","2026-08-14","skipped","2026-08-14","Car Insurance - Top Quote Section - @regression","generated/car-module.test.ts","",""
"","0","Verify that the user is able to click on Get Quotes CTA - TC_120","chromium","2026-08-14","skipped","2026-08-14","Our partners (BIKE) - @regression > Insurer Landing Page Flow","generated/partners.test.ts","",""
"","5421","Verify that pension retirement is clickable - TC_109","chromium","2026-08-14","passed","2026-08-14","Life Dropdown & Navigation - @smoke @regression > Life Landing Page Flow","generated/dropdown-navigation.test.ts","",""
"","0","Verify that the user should get this Pincode not found for invalid Pincode - TC_039","chromium","2026-08-14","skipped","2026-08-14","Bike - Shared Flows - @regression @advisor > Find Advisor Popup Flow","generated/shared-flows.test.ts","",""
"","194","Homepage loads with correct title and visible logo","Default Suite","2026-08-14","passed","2026-08-14","com.turtlemint.tests.HomePageTests","TestNGTest-aef7d058-1cd0-46e2-b000-19d254d7c2be","com.turtlemint.tests.HomePageTests","verifyHomePageLoads"
"","0","Verify that the Car Insurance Companies Similar To SBI section is displayed - TC_367","firefox","2026-08-14","skipped","2026-08-14","SBI Third Party - Similar Car Insurance Companies - @regression","generated/car-module.test.ts","",""
"","0","Verify that the Get Quotes Without Car Number CTA is displayed - TC_307","mobile-chrome","2026-08-14","skipped","2026-08-14","SBI Third Party - Top Section - @regression","generated/car-module.test.ts","",""
"","0","Verify that the user is able to get Insurer list on the right side of the page - TC_155","webkit","2026-08-14","skipped","2026-08-14","Our partners (CAR) - @regression > Insurer Landing Page Flow","generated/partners.test.ts","",""
"","0","Verify that the Get Quote CTA is displayedavailable for the car number flow - TC_045","webkit","2026-08-14","skipped","2026-08-14","National Car Insurance - @regression","generated/car-module.test.ts","",""
"","17516","Verify that the How To Raise A Claim Under SBI Third Party Car Insurance section is displayed - TC_343","chromium","2026-08-14","failed","2026-08-14","SBI Third Party - Claims - @regression","generated/car-module.test.ts","",""
"","0","Verify that the user is able to click on Find Advisor CTA - TC_113","mobile-chrome","2026-08-14","skipped","2026-08-14","Life Dropdown & Navigation - @smoke @regression > Life Landing Page Flow","generated/dropdown-navigation.test.ts","",""
"","2","Verify that the Car dropdown is displayed - TC_001","mobile-safari","2026-08-14","skipped","2026-08-14","Car Dashboard - @smoke @regression","generated/car-module.test.ts","",""
"","0","Verify that the available comprehensive car insurance insurers are displayed - TC_296","mobile-safari","2026-08-14","skipped","2026-08-14","SBI Comprehensive - Other Comprehensive Car Insurance Plans - @regression","generated/car-module.test.ts","",""
"","0","Verify that the ThirdParty vs Comprehensive Car Insurance Plans section is displayed - TC_168","mobile-chrome","2026-08-14","skipped","2026-08-14","Third Party Car Insurance - @regression","generated/car-module.test.ts","",""
"","0","Verify that the EMI Protector addon is displayed - TC_272","firefox","2026-08-14","skipped","2026-08-14","SBI Comprehensive - Add-ons - @regression","generated/car-module.test.ts","",""
"","17998","Verify that the SBI Customer Care email ID is displayed - TC_357","chromium","2026-08-14","failed","2026-08-14","SBI Third Party - Customer Care - @regression","generated/car-module.test.ts","",""
"","0","Verify that the user is able to select Insurer type and click on Find Advisor should land on Find Ad - TC_033","mobile-chrome","2026-08-14","skipped","2026-08-14","Bike - Shared Flows - @regression @advisor > Home Page Flow","generated/shared-flows.test.ts","",""
"","0","Verify that the Turtlemint renewal process is displayed - TC_434","mobile-chrome","2026-08-14","skipped","2026-08-14","Royal Sundaram Own Damage - Renewal - @regression","generated/car-module.test.ts","",""
"","0","Verify that the available Royal Sundaram article cards are displayed - TC_437","chromium","2026-08-14","skipped","2026-08-14","Royal Sundaram Own Damage - Articles - @regression","generated/car-module.test.ts","",""
"","0","Verify that all insurer options are displayed under Bike Insurance Companies - TC_009","mobile-chrome","2026-08-14","skipped","2026-08-14","Bike Dropdown & Navigation - @smoke @regression > Bike Insurance Companies","generated/dropdown-navigation.test.ts","",""
"","15724","Verify that the Read More CTA is displayed for the Comprehensive plan - TC_071","chromium","2026-08-14","failed","2026-08-14","National Car Insurance Plans - @regression","generated/car-module.test.ts","",""
"","0","Verify that the car registration number field is displayed - TC_394","chromium","2026-08-14","skipped","2026-08-14","Royal Sundaram Own Damage - Premium Calculator - @regression","generated/car-module.test.ts","",""
"","0","Verify that the claim intimation information is displayed - TC_413","firefox","2026-08-14","skipped","2026-08-14","Royal Sundaram Own Damage - Claims - @regression","generated/car-module.test.ts","",""
"","0","Verify that the user is able to select Insurer from Our partner sectionand should and land on Insure - TC_177","firefox","2026-08-14","skipped","2026-08-14","Our partners (Life) - @regression > Insurer Landing Page Flow","generated/partners.test.ts","",""
"","0","Verify that visit website CTA is visible on all advisor - TC_102","firefox","2026-08-14","skipped","2026-08-14","Life - Shared Flows - @regression @advisor > Advisor Listing Page Flow","generated/shared-flows.test.ts","",""
"","0","Verify that all sections are displayed in the Bike dropdown - TC_008","webkit","2026-08-14","skipped","2026-08-14","Bike Dropdown & Navigation - @smoke @regression > Bike Dropdown","generated/dropdown-navigation.test.ts","",""
"","0","Verify that the National Car Insurance Features section is displayed - TC_087","webkit","2026-08-14","skipped","2026-08-14","National Car Insurance Features - @regression","generated/car-module.test.ts","",""
"","0","Verify that the Own Damage Claims section is displayed - TC_412","mobile-chrome","2026-08-14","skipped","2026-08-14","Royal Sundaram Own Damage - Claims - @regression","generated/car-module.test.ts","",""
"","0","Verify that the user can select different Insurer from dropdown - TC_070","webkit","2026-08-14","skipped","2026-08-14","Car Dashboard - @smoke @regression","generated/car-module.test.ts","",""
"","0","Verify that the Year of Inception information card is displayed - TC_047","mobile-chrome","2026-08-14","skipped","2026-08-14","National Car Insurance - @regression","generated/car-module.test.ts","",""
"","0","Verify that Engine Protection is displayed - TC_409","mobile-safari","2026-08-14","skipped","2026-08-14","Royal Sundaram Own Damage - Add-ons - @regression","generated/car-module.test.ts","",""
"","0","Verify that the common Book an Expert Call section is displayed - TC_361","webkit","2026-08-14","skipped","2026-08-14","SBI Third Party - Common Components - @regression","generated/car-module.test.ts","",""
"","0","Verify that all topics are displayed in the Table of Contents - TC_125","webkit","2026-08-14","skipped","2026-08-14","Third Party Car Insurance - @regression","generated/car-module.test.ts","",""
"","16519","Verify that the Get Quotes Without Car Number CTA is displayed - TC_373","chromium","2026-08-14","failed","2026-08-14","Royal Sundaram Own Damage - Top Section - @regression","generated/car-module.test.ts","",""
"","0","Verify that the Get Quote Without Car Number CTA is displayed - TC_046","webkit","2026-08-14","skipped","2026-08-14","National Car Insurance - @regression","generated/car-module.test.ts","",""
"","0","Verify that the How it works section is displayed - TC_028","mobile-safari","2026-08-14","skipped","2026-08-14","Raise a Claim - @regression > How it works","generated/raise-claim.test.ts","",""
"","0","Verify that the user is able to get Insurer list on the right side of the page - TC_175","firefox","2026-08-14","skipped","2026-08-14","Our partners (Health) - @regression > Insurer Landing Page Flow","generated/partners.test.ts","",""
"","0","Verify that once user enters Pincode then Submit CTA should enable - TC_088","chromium","2026-08-14","skipped","2026-08-14","Life - Shared Flows - @regression @advisor > Find Advisor Popup Flow","generated/shared-flows.test.ts","",""
"","0","Verify that the Other Comprehensive Car Insurance Plans section is displayed - TC_295","webkit","2026-08-14","skipped","2026-08-14","SBI Comprehensive - Other Comprehensive Car Insurance Plans - @regression","generated/car-module.test.ts","",""
"","0","Verify that get In Touch CTA is clickable - TC_052","webkit","2026-08-14","skipped","2026-08-14","Bike - Shared Flows - @regression @advisor > Advisor Listing Page Flow","generated/shared-flows.test.ts","",""
"","0","Verify that Key Replacement is displayed - TC_406","webkit","2026-08-14","skipped","2026-08-14","Royal Sundaram Own Damage - Add-ons - @regression","generated/car-module.test.ts","",""
"","0","Verify that the Cashless Garages information card is displayed - TC_049","firefox","2026-08-14","skipped","2026-08-14","National Car Insurance - @regression","generated/car-module.test.ts","",""
"","0","Verify that Royal Sundarams claim settlement ratio is displayed - TC_391","mobile-chrome","2026-08-14","skipped","2026-08-14","Royal Sundaram Own Damage - Claim Settlement Ratio - @regression","generated/car-module.test.ts","",""
"","0","Verify that the Comprehensive coverage information is displayed - TC_248","mobile-safari","2026-08-14","skipped","2026-08-14","SBI Comprehensive - Overview - @regression","generated/car-module.test.ts","",""
"","20949","Verify that No Claim Bonus Protection is displayed - TC_334","chromium","2026-08-14","failed","2026-08-14","SBI Third Party - Add-ons - @regression","generated/car-module.test.ts","",""
"","0","Verify that term Life Plans is clickable - TC_106","mobile-safari","2026-08-14","skipped","2026-08-14","Life Landing Page - @regression @landing","generated/life-landing.test.ts","",""
"","0","Verify that the Read More CTA is displayed - TC_249","firefox","2026-08-14","skipped","2026-08-14","SBI Comprehensive - Overview - @regression","generated/car-module.test.ts","",""
"","0","Verify that plans are visible on page - TC_105","webkit","2026-08-14","skipped","2026-08-14","Life Landing Page - @regression @landing","generated/life-landing.test.ts","",""
"","0","Verify that the information provided for each feature is displayed correctly - TC_089","mobile-safari","2026-08-14","skipped","2026-08-14","National Car Insurance Features - @regression","generated/car-module.test.ts","",""
"","0","Verify that the user is able to get Find Advisor Popup - TC_034","firefox","2026-08-14","skipped","2026-08-14","Bike - Shared Flows - @regression @advisor > Find Advisor Popup Flow","generated/shared-flows.test.ts","",""
"","19026","Verify that the SBI Premium Calculator section is displayed - TC_326","chromium","2026-08-14","failed","2026-08-14","SBI Third Party - Premium Calculator - @regression","generated/car-module.test.ts","",""
"","1","Verify that plans are visible on page - TC_105","firefox","2026-08-14","skipped","2026-08-14","Life Dropdown & Navigation - @smoke @regression > Life Landing Page Flow","generated/dropdown-navigation.test.ts","",""
"","0","Verify that the SBI insurer namelogo is clickable - TC_231","mobile-safari","2026-08-14","skipped","2026-08-14","Car Insurance - Top Car Insurance Plans - Comprehensive - @regression","generated/car-module.test.ts","",""
"","0","Verify that the User should get this Please select type of insurance to proceed to the next step mes - TC_082","mobile-chrome","2026-08-14","skipped","2026-08-14","Life - Shared Flows - @regression @advisor > Home Page Flow","generated/shared-flows.test.ts","",""
"","4","Verify that the user is able to click on Get Quotes Without Car Number CTA - TC_142","firefox","2026-08-14","skipped","2026-08-14","Our partners (CAR) - @regression > Insurer Landing Page Flow","generated/partners.test.ts","",""
"","17117","Verify that the Get Quotes Without Car Number CTA is displayed - TC_079","chromium","2026-08-14","failed","2026-08-14","National Premium Calculator - @regression","generated/car-module.test.ts","",""
"","0","Verify that the SBI Third Party Car Insurance Overview section is displayed - TC_320","firefox","2026-08-14","skipped","2026-08-14","SBI Third Party - Overview - @regression","generated/car-module.test.ts","",""
"","0","Verify that the View More option is displayed - TC_411","chromium","2026-08-14","skipped","2026-08-14","Royal Sundaram Own Damage - Add-ons - @regression","generated/car-module.test.ts","",""
"","0","Verify that the Top ThirdParty Car Insurance Plans section is displayed - TC_160","chromium","2026-08-14","skipped","2026-08-14","Third Party Car Insurance - @regression","generated/car-module.test.ts","",""
"","7534","Verify that the user is able to click on the Play StoreApp download link - TC_039","chromium","2026-08-14","passed","2026-08-14","Become a POSP - @regression > Mobile App Navigation","generated/become-posp.test.ts","",""
"","0","Verify that the SBI Comprehensive Insurance card details are displayed - TC_230","firefox","2026-08-14","skipped","2026-08-14","Car Insurance - Top Car Insurance Plans - Comprehensive - @regression","generated/car-module.test.ts","",""
"","0","Verify that the user should not allow to enter alphabets - TC_091","mobile-chrome","2026-08-14","skipped","2026-08-14","Life - Shared Flows - @regression @advisor > Find Advisor Popup Flow","generated/shared-flows.test.ts","",""
"","1","Verify that the View More option is displayed in FAQs - TC_453","chromium","2026-08-14","skipped","2026-08-14","Royal Sundaram Own Damage - FAQs - @regression","generated/car-module.test.ts","",""
"","18916","Verify that the How to Raise a Claim information is displayed - TC_260","chromium","2026-08-14","failed","2026-08-14","SBI Comprehensive - Claims - @regression","generated/car-module.test.ts","",""
"","0","Verify that the Read More CTA is displayed - TC_428","webkit","2026-08-14","skipped","2026-08-14","Royal Sundaram Own Damage - Documents Required - @regression","generated/car-module.test.ts","",""
"","0","Verify that all available exclusions are displayed - TC_091","mobile-safari","2026-08-14","skipped","2026-08-14","National Car Insurance Exclusions - @regression","generated/car-module.test.ts","",""
"","0","Verify that the Driving License requirement is displayed - TC_351","mobile-safari","2026-08-14","skipped","2026-08-14","SBI Third Party - Documents Required - @regression","generated/car-module.test.ts","",""
"","0","Verify that the user is able to enter the car registration number - TC_204","firefox","2026-08-14","skipped","2026-08-14","Car Insurance - Top Quote Section - @regression","generated/car-module.test.ts","",""
"","0","Verify that the Premium Calculator provides the expected informationinstructions to the user - TC_080","webkit","2026-08-14","skipped","2026-08-14","National Premium Calculator - @regression","generated/car-module.test.ts","",""
"","0","Verify that the user is able to enter a car registration number - TC_255","webkit","2026-08-14","skipped","2026-08-14","SBI Comprehensive - Premium Calculator - @regression","generated/car-module.test.ts","",""
"","0","Verify that a network hospital link is clickable - TC_016","mobile-safari","2026-08-14","skipped","2026-08-14","Health Dropdown & Navigation - @smoke @regression > Network Hospitals","generated/dropdown-navigation.test.ts","",""
"","0","Verify that the SBI Customer Care email ID is displayed - TC_357","webkit","2026-08-14","skipped","2026-08-14","SBI Third Party - Customer Care - @regression","generated/car-module.test.ts","",""
"","1","Verify that the Comprehensive plan is displayed - TC_069","mobile-chrome","2026-08-14","skipped","2026-08-14","National Car Insurance Plans - @regression","generated/car-module.test.ts","",""
"","18179","Verify that the Get Quote Without Car Number CTA is displayed - TC_046","chromium","2026-08-14","failed","2026-08-14","National Car Insurance - @regression","generated/car-module.test.ts","",""
"","0","Verify that the Download Now CTA is displayed on the Raise a Claim page - TC_022","mobile-safari","2026-08-14","skipped","2026-08-14","Raise a Claim - @regression > Raise a Claim Flow","generated/raise-claim.test.ts","",""
"","0","Verify that the User should get this Please select type of insurance to proceed to the next step mes - TC_083","chromium","2026-08-14","skipped","2026-08-14","Life - Shared Flows - @regression @advisor > Home Page Flow","generated/shared-flows.test.ts","",""
"","0","Verify that the user is able to click on articles on the bottom of the page - TC_131","firefox","2026-08-14","skipped","2026-08-14","Our partners (BIKE) - @regression > Insurer Landing Page Flow","generated/partners.test.ts","",""
"","0","Verify that the Addons menu navigates to the Addons section - TC_245","webkit","2026-08-14","skipped","2026-08-14","SBI Comprehensive - Section Navigation - @regression","generated/car-module.test.ts","",""
"","0","Verify that all sections are displayed in the Car dropdown - TC_002","mobile-chrome","2026-08-14","skipped","2026-08-14","Car Dashboard - @smoke @regression","generated/car-module.test.ts","",""
"","0","Verify that the Overview menu navigates to the Overview section - TC_240","webkit","2026-08-14","skipped","2026-08-14","SBI Comprehensive - Section Navigation - @regression","generated/car-module.test.ts","",""
"","0","Verify that the user is able to complete the action successfully click on More Dropdown - TC_169","mobile-safari","2026-08-14","skipped","2026-08-14","Our partners (Health) - @regression > Insurer Landing Page Flow","generated/partners.test.ts","",""
"","0","Verify that the FAQs section is displayed - TC_111","mobile-safari","2026-08-14","skipped","2026-08-14","National Car Insurance FAQs - @regression","generated/car-module.test.ts","",""
"","0","Verify that clicking Get Quotes opens the Profile Journey - TC_372","mobile-safari","2026-08-14","skipped","2026-08-14","Royal Sundaram Own Damage - Top Section - @regression","generated/car-module.test.ts","",""
"","0","Verify that the user is able to complete the action successfully click on More Dropdown - TC_149","webkit","2026-08-14","skipped","2026-08-14","Our partners (CAR) - @regression > Insurer Landing Page Flow","generated/partners.test.ts","",""
"","0","Verify that the user is able to get Book a free Consultation CTA of right side of page - TC_150","firefox","2026-08-14","skipped","2026-08-14","Our partners (CAR) - @regression > Insurer Landing Page Flow","generated/partners.test.ts","",""
"","0","Verify that the Health Insurance link is clickable - TC_199","chromium","2026-08-14","skipped","2026-08-14","Third Party Car Insurance - Get Best Insurance Quotes - @regression","generated/car-module.test.ts","",""
"","0","Verify that the Cashless Claim process is displayed - TC_416","mobile-safari","2026-08-14","skipped","2026-08-14","Royal Sundaram Own Damage - Claims - @regression","generated/car-module.test.ts","",""
"","0","Verify that the Find Plans CTA is clickable - TC_194","webkit","2026-08-14","skipped","2026-08-14","Third Party Car Insurance - Find Plans - @regression","generated/car-module.test.ts","",""
"","18086","Verify that the SBI claim settlement ratio is displayed - TC_251","chromium","2026-08-14","failed","2026-08-14","SBI Comprehensive - Claim Settlement Ratio - @regression","generated/car-module.test.ts","",""
"","0","Verify that No of Branches should be present on top of the page - TC_144","chromium","2026-08-14","skipped","2026-08-14","Our partners (CAR) - @regression > Insurer Landing Page Flow","generated/partners.test.ts","",""
"","18925","Verify that the How To Raise A Claim Under SBI Comprehensive Car Insurance section is displayed - TC_276","chromium","2026-08-14","failed","2026-08-14","SBI Comprehensive - Claims - @regression","generated/car-module.test.ts","",""
"","0","Verify that the Get Quotes Without Car Number CTA is displayed - TC_330","webkit","2026-08-14","skipped","2026-08-14","SBI Third Party - Premium Calculator - @regression","generated/car-module.test.ts","",""
"","15793","Verify that the More Insurers option is displayed and clickable - TC_368","chromium","2026-08-14","failed","2026-08-14","SBI Third Party - Similar Car Insurance Companies - @regression","generated/car-module.test.ts","",""
"","18160","Verify that the Articles menu navigates to the Articles section - TC_246","chromium","2026-08-14","failed","2026-08-14","SBI Comprehensive - Section Navigation - @regression","generated/car-module.test.ts","",""
"","0","Verify that the user is able to enter Pincode - TC_061","webkit","2026-08-14","skipped","2026-08-14","Car Dashboard - @smoke @regression","generated/car-module.test.ts","",""
"","0","Verify that the customer is able to interact with the customer support contact number - TC_026","webkit","2026-08-14","skipped","2026-08-14","Raise a Claim - @regression > Contact Support","generated/raise-claim.test.ts","",""
"","0","Verify that the user is able to get Find Advisor Popup - TC_085","mobile-safari","2026-08-14","skipped","2026-08-14","Life - Shared Flows - @regression @advisor > Find Advisor Popup Flow","generated/shared-flows.test.ts","",""
"","0","Verify that Return on Invoice is displayed - TC_338","mobile-chrome","2026-08-14","skipped","2026-08-14","SBI Third Party - Add-ons - @regression","generated/car-module.test.ts","",""
"","1","Verify that the available Own Damage insurers are displayed - TC_442","firefox","2026-08-14","skipped","2026-08-14","Royal Sundaram Own Damage - Other Own Damage Plans - @regression","generated/car-module.test.ts","",""
"","0","Verify that the breadcrumb is displayed on the National Car Insurance page - TC_041","webkit","2026-08-14","skipped","2026-08-14","National Car Insurance - @regression","generated/car-module.test.ts","",""
"","0","Verify that the ThirdParty vs Comprehensive Car Insurance Plans option is clickable - TC_140","mobile-safari","2026-08-14","skipped","2026-08-14","Third Party Car Insurance - Table of Contents - @regression","generated/car-module.test.ts","",""
"","0","Verify that the user is able to click on an article - TC_117","firefox","2026-08-14","skipped","2026-08-14","National Car Insurance Articles - @regression","generated/car-module.test.ts","",""
"","0","Verify that pension retirement is clickable - TC_109","mobile-chrome","2026-08-14","skipped","2026-08-14","Life Dropdown & Navigation - @smoke @regression > Life Landing Page Flow","generated/dropdown-navigation.test.ts","",""
"","0","Verify that the Read More CTA is displayed - TC_348","firefox","2026-08-14","skipped","2026-08-14","SBI Third Party - Claims - @regression","generated/car-module.test.ts","",""
"","19906","Verify that the user is able to expand an FAQ question - TC_112","chromium","2026-08-14","failed","2026-08-14","National Car Insurance FAQs - @regression","generated/car-module.test.ts","",""
"","1","Verify that the claimrelated CTAlink is displayed - TC_099","mobile-chrome","2026-08-14","skipped","2026-08-14","National Car Insurance Claims - @regression","generated/car-module.test.ts","",""
"","0","Verify that the user is able to enter a car number - TC_044","firefox","2026-08-14","skipped","2026-08-14","National Car Insurance - @regression","generated/car-module.test.ts","",""
"","1","Verify that the What is depreciation deduction FAQ is displayed - TC_448","firefox","2026-08-14","skipped","2026-08-14","Royal Sundaram Own Damage - FAQs - @regression","generated/car-module.test.ts","",""
"","0","Verify that the user is able to click on the Own Damage Car Insurance link - TC_053","mobile-chrome","2026-08-14","skipped","2026-08-14","National Car Insurance - @regression","generated/car-module.test.ts","",""
"","0","Verify that the Premium Calculator navigation option is clickable - TC_057","mobile-safari","2026-08-14","skipped","2026-08-14","National Car Insurance Navigation - @regression","generated/car-module.test.ts","",""
"","0","Verify that submit CTA is disable for blank Pincode - TC_036","chromium","2026-08-14","skipped","2026-08-14","Bike - Shared Flows - @regression @advisor > Find Advisor Popup Flow","generated/shared-flows.test.ts","",""
"","0","Verify that the cashless garage information is displayed - TC_082","firefox","2026-08-14","skipped","2026-08-14","National Cashless Garages - @regression","generated/car-module.test.ts","",""
"","0","Verify that the Driving License requirement is displayed - TC_285","firefox","2026-08-14","skipped","2026-08-14","SBI Comprehensive - Documents Required For Claims - @regression","generated/car-module.test.ts","",""
"","0","Verify that the top plannavigation links are displayed - TC_370","webkit","2026-08-14","skipped","2026-08-14","Royal Sundaram Own Damage - Top Section - @regression","generated/car-module.test.ts","",""
"","1","Verify that all available features are displayed - TC_088","mobile-chrome","2026-08-14","skipped","2026-08-14","National Car Insurance Features - @regression","generated/car-module.test.ts","",""
"","0","Verify that Inconvenience Allowance is displayed - TC_337","mobile-chrome","2026-08-14","skipped","2026-08-14","SBI Third Party - Add-ons - @regression","generated/car-module.test.ts","",""
"","0","Verify that the starting premium is displayed - TC_375","firefox","2026-08-14","skipped","2026-08-14","Royal Sundaram Own Damage - Top Section - @regression","generated/car-module.test.ts","",""
"","0","Verify that the user is able to get Insurer list on the right side of the page - TC_155","chromium","2026-08-14","skipped","2026-08-14","Our partners (CAR) - @regression > Insurer Landing Page Flow","generated/partners.test.ts","",""
"","0","Verify that the Starting Premium section is displayed - TC_066","mobile-safari","2026-08-14","skipped","2026-08-14","National Car Insurance - @regression","generated/car-module.test.ts","",""
"","0","Verify that an insurer link is clickable - TC_004","webkit","2026-08-14","skipped","2026-08-14","Car Dashboard - @smoke @regression","generated/car-module.test.ts","",""
"","0","Verify that Loss of Baggage is displayed - TC_403","mobile-safari","2026-08-14","skipped","2026-08-14","Royal Sundaram Own Damage - Add-ons - @regression","generated/car-module.test.ts","",""
"","0","Verify that the Why Join TurtlemintPro section is displayed - TC_033","firefox","2026-08-14","skipped","2026-08-14","Become a POSP - @regression > Why Join TurtlemintPro","generated/become-posp.test.ts","",""
"","10657","Verify that the user is able to select Insurer type and click on Find Advisor should land on Find Ad - TC_059","chromium","2026-08-14","passed","2026-08-14","Car Dashboard - @smoke @regression","generated/car-module.test.ts","",""
"","0","Verify that the common Manage All Your Policies In One Place section is displayed - TC_362","webkit","2026-08-14","skipped","2026-08-14","SBI Third Party - Common Components - @regression","generated/car-module.test.ts","",""
"","0","Verify that Lifetime Road Tax Clause is displayed - TC_408","webkit","2026-08-14","skipped","2026-08-14","Royal Sundaram Own Damage - Add-ons - @regression","generated/car-module.test.ts","",""
"","0","Verify that Engine Protection is displayed - TC_409","mobile-chrome","2026-08-14","skipped","2026-08-14","Royal Sundaram Own Damage - Add-ons - @regression","generated/car-module.test.ts","",""
"","0","Verify that the claimrelated CTAlink is displayed - TC_099","firefox","2026-08-14","skipped","2026-08-14","National Car Insurance Claims - @regression","generated/car-module.test.ts","",""
"","0","Verify that the How to Make ThirdParty Car Insurance Claims option is clickable - TC_143","chromium","2026-08-14","skipped","2026-08-14","Third Party Car Insurance - Table of Contents - @regression","generated/car-module.test.ts","",""
"","0","Verify that the required claim documents are displayed in the claim process - TC_279","mobile-chrome","2026-08-14","skipped","2026-08-14","SBI Comprehensive - Claims - @regression","generated/car-module.test.ts","",""
"","0","Verify that the user is able to complete the action successfully click on Read More Dropdown - TC_128","mobile-chrome","2026-08-14","skipped","2026-08-14","Our partners (BIKE) - @regression > Insurer Landing Page Flow","generated/partners.test.ts","",""
"","0","Verify that the Addons menu navigates to the Addons section - TC_384","webkit","2026-08-14","skipped","2026-08-14","Royal Sundaram Own Damage - Section Navigation - @regression","generated/car-module.test.ts","",""
"","0","Verify that the Bike dropdown is displayed - TC_007","firefox","2026-08-14","skipped","2026-08-14","Bike Dropdown & Navigation - @smoke @regression > Bike Dropdown","generated/dropdown-navigation.test.ts","",""
"","0","Verify that the user is able to click on the Raise a Claim CTA - TC_021","firefox","2026-08-14","skipped","2026-08-14","Raise a Claim - @regression > Raise a Claim Flow","generated/raise-claim.test.ts","",""
"","16849","Verify that the Other Third Party Car Insurance Plans section is displayed - TC_363","chromium","2026-08-14","failed","2026-08-14","SBI Third Party - Other Third Party Plans - @regression","generated/car-module.test.ts","",""
"","0","Verify that the selected Pincode is present on top of the page - TC_043","firefox","2026-08-14","skipped","2026-08-14","Bike - Shared Flows - @regression @advisor > Advisor Listing Page Flow","generated/shared-flows.test.ts","",""
"","0","Verify that with invalid Pincode - TC_038","mobile-chrome","2026-08-14","skipped","2026-08-14","Bike - Shared Flows - @regression @advisor > Find Advisor Popup Flow","generated/shared-flows.test.ts","",""
"","1","Verify that the Royal Sundaram Customer Care email ID is displayed - TC_431","mobile-safari","2026-08-14","skipped","2026-08-14","Royal Sundaram Own Damage - Customer Care - @regression","generated/car-module.test.ts","",""
"","0","Verify that the SBI logo and SBI Third Party Car Insurance heading are displayed - TC_303","mobile-safari","2026-08-14","skipped","2026-08-14","SBI Third Party - Top Section - @regression","generated/car-module.test.ts","",""
"","1","Verify that the How to Buy ThirdParty Car Insurance Online from Turtlemint option is clickable - TC_146","firefox","2026-08-14","skipped","2026-08-14","Third Party Car Insurance - Table of Contents - @regression","generated/car-module.test.ts","",""
"","1","Verify that advisor policy sold count is visible - TC_049","firefox","2026-08-14","skipped","2026-08-14","Bike - Shared Flows - @regression @advisor > Advisor Listing Page Flow","generated/shared-flows.test.ts","",""
"","0","Verify that the Why Turtlemint Insurance for claims settlement section is displayed - TC_029","mobile-safari","2026-08-14","skipped","2026-08-14","Raise a Claim - @regression > Claims Settlement Benefits","generated/raise-claim.test.ts","",""
"","0","Verify that the Articles menu navigates to the Articles section - TC_246","mobile-safari","2026-08-14","skipped","2026-08-14","SBI Comprehensive - Section Navigation - @regression","generated/car-module.test.ts","",""
"","0","Verify that the user can select different Insurer from dropdown - TC_095","mobile-safari","2026-08-14","skipped","2026-08-14","Life - Shared Flows - @regression @advisor > Advisor Listing Page Flow","generated/shared-flows.test.ts","",""
"","0","Verify that the Read More CTA is displayed - TC_348","mobile-chrome","2026-08-14","skipped","2026-08-14","SBI Third Party - Claims - @regression","generated/car-module.test.ts","",""
"","0","Verify that the available Third Party insurers are displayed - TC_364","webkit","2026-08-14","skipped","2026-08-14","SBI Third Party - Other Third Party Plans - @regression","generated/car-module.test.ts","",""
"","27380","Verify that all insurer options are displayed under Health Insurance Companies - TC_013","chromium","2026-08-14","failed","2026-08-14","Health Dropdown & Navigation - @smoke @regression > Health Insurance Companies","generated/dropdown-navigation.test.ts","",""
"","0","Verify that the Get Quotes Without Car Number CTA is displayed - TC_330","mobile-chrome","2026-08-14","skipped","2026-08-14","SBI Third Party - Premium Calculator - @regression","generated/car-module.test.ts","",""
"","0","Verify that the user is able to enter bike number - TC_119","mobile-safari","2026-08-14","skipped","2026-08-14","Our partners (BIKE) - @regression > Insurer Landing Page Flow","generated/partners.test.ts","",""
"","0","Verify that advisor profile picture is visible - TC_073","webkit","2026-08-14","skipped","2026-08-14","Car Dashboard - @smoke @regression","generated/car-module.test.ts","",""
"","0","Verify that the user is able to select insurance type - TC_027","chromium","2026-08-14","skipped","2026-08-14","Bike - Shared Flows - @regression @advisor > Home Page Flow","generated/shared-flows.test.ts","",""
"","0","Verify that the user is able to click View More - TC_191","chromium","2026-08-14","skipped","2026-08-14","Third Party Car Insurance - Car Insurance Companies - @regression","generated/car-module.test.ts","",""
"","0","Verify that No Claim Bonus Protector is displayed - TC_405","firefox","2026-08-14","skipped","2026-08-14","Royal Sundaram Own Damage - Add-ons - @regression","generated/car-module.test.ts","",""
"","0","Verify that the common Manage All Your Policies In One Place section is displayed - TC_440","mobile-safari","2026-08-14","skipped","2026-08-14","Royal Sundaram Own Damage - Common Components - @regression","generated/car-module.test.ts","",""
"","0","Verify that the Premium Calculator section is displayed - TC_393","chromium","2026-08-14","skipped","2026-08-14","Royal Sundaram Own Damage - Premium Calculator - @regression","generated/car-module.test.ts","",""
"","0","Verify that the information provided for each feature is displayed correctly - TC_089","webkit","2026-08-14","skipped","2026-08-14","National Car Insurance Features - @regression","generated/car-module.test.ts","",""
"","0","Verify that investment Tax planning is clickable - TC_107","chromium","2026-08-14","skipped","2026-08-14","Life Landing Page - @regression @landing","generated/life-landing.test.ts","",""
"","0","Verify that the user is able to enter pincode - TC_112","firefox","2026-08-14","skipped","2026-08-14","Life Landing Page - @regression @landing","generated/life-landing.test.ts","",""
"","0","Verify that Bifuel Kit Cover is displayed - TC_332","mobile-chrome","2026-08-14","skipped","2026-08-14","SBI Third Party - Add-ons - @regression","generated/car-module.test.ts","",""
"","0","Verify that the FAQ section is displayed - TC_447","mobile-chrome","2026-08-14","skipped","2026-08-14","Royal Sundaram Own Damage - FAQs - @regression","generated/car-module.test.ts","",""
"","0","Verify that the Get Quotes Without Car Number CTA is displayed - TC_397","webkit","2026-08-14","skipped","2026-08-14","Royal Sundaram Own Damage - Premium Calculator - @regression","generated/car-module.test.ts","",""
"","0","Verify that the Drawbacks of ThirdParty Car Insurance section is displayed - TC_169","mobile-safari","2026-08-14","skipped","2026-08-14","Third Party Car Insurance - @regression","generated/car-module.test.ts","",""
"","0","Verify that on clicking Plans tab user should redirect to that particular section on page - TC_127","chromium","2026-08-14","skipped","2026-08-14","Our partners (BIKE) - @regression > Insurer Landing Page Flow","generated/partners.test.ts","",""
"","0","Verify that Voluntary Deductible Cover is displayed - TC_401","chromium","2026-08-14","skipped","2026-08-14","Royal Sundaram Own Damage - Add-ons - @regression","generated/car-module.test.ts","",""
"","0","Verify that RC and valid Driving License requirements are displayed - TC_425","chromium","2026-08-14","skipped","2026-08-14","Royal Sundaram Own Damage - Documents Required - @regression","generated/car-module.test.ts","",""
"","9346","Verify that the user is able to click on the LOGIN CTA - TC_038","chromium","2026-08-14","passed","2026-08-14","Become a POSP - @regression > POSP Navigation","generated/become-posp.test.ts","",""
"","0","Verify that Own Damage exclusions are mentioned in the overview - TC_388","mobile-safari","2026-08-14","skipped","2026-08-14","Royal Sundaram Own Damage - Overview - @regression","generated/car-module.test.ts","",""
"","18364","Verify that the Consumable Cover addon is displayed - TC_270","chromium","2026-08-14","failed","2026-08-14","SBI Comprehensive - Add-ons - @regression","generated/car-module.test.ts","",""
"","0","Verify that the user is redirected to the Turtlemint Pro platform after clicking Become a POSP - TC_036","firefox","2026-08-14","skipped","2026-08-14","Become a POSP - @regression > POSP Navigation","generated/become-posp.test.ts","",""
"","0","Verify that the additional car insurance companies are displayed after clicking View More - TC_192","chromium","2026-08-14","skipped","2026-08-14","Third Party Car Insurance - Car Insurance Companies - @regression","generated/car-module.test.ts","",""
"","0","Verify that the SBI Customer Care email ID is displayed - TC_290","firefox","2026-08-14","skipped","2026-08-14","SBI Comprehensive - Customer Care - @regression","generated/car-module.test.ts","",""
"","0","Verify that an insurer link is clickable - TC_014","mobile-safari","2026-08-14","skipped","2026-08-14","Health Dropdown & Navigation - @smoke @regression > Health Insurance Companies","generated/dropdown-navigation.test.ts","",""
"","0","Verify that the Royal Sundaram Customer Care number is displayed - TC_430","mobile-chrome","2026-08-14","skipped","2026-08-14","Royal Sundaram Own Damage - Customer Care - @regression","generated/car-module.test.ts","",""
"","1","Verify that the user is able to enter pincode - TC_112","webkit","2026-08-14","skipped","2026-08-14","Life Landing Page - @regression @landing","generated/life-landing.test.ts","",""
"","0","Verify that the Health Insurance link is clickable - TC_151","webkit","2026-08-14","skipped","2026-08-14","Third Party Car Insurance - Get Best Insurance Quotes - @regression","generated/car-module.test.ts","",""
"","0","Verify that the Claim Settlement Ratio section is displayed - TC_323","mobile-safari","2026-08-14","skipped","2026-08-14","SBI Third Party - Claim Settlement Ratio - @regression","generated/car-module.test.ts","",""
"","0","Verify that the SBI Third Party Car Insurance top section is displayed - TC_302","mobile-safari","2026-08-14","skipped","2026-08-14","SBI Third Party - Top Section - @regression","generated/car-module.test.ts","",""
